HID,lon,lat,species,sid,family,category,presence,fraction,bio01,bio02,bio03,bio04,bio05,bio06,bio07,bio12,bio13,bio14,bio15,bio16,bio17,bio18,bio19,elevation,annualpet,aridityindexthornthwaite,climaticmoistureindex,embergerq,maxtempcoldest,petseasonality,tri,topowet,nontree,bare,tree,etccdi_cdd,etccdi_cwd,etccdi_fd,etccdi_gsl,etccdi_rx1day,etccdi_rx5day,etccdi_sdii,igbp_01,igbp_02,igbp_03,igbp_04,igbp_05,igbp_06,igbp_07,igbp_08,igbp_09,igbp_10,igbp_11,igbp_12,igbp_13,igbp_14,igbp_15,igbp_16
70540,73.989476,39.572575,Alces alces,56003281,Cervidae,LC,0,0,-1.752093,11.68816,32.514483,893.592518,16.337749,-19.476737,35.814486,212.282582,34.757562,6.511295,52.147782,92.819803,23.409978,76.079182,25.55629,3707.255658,620.207135,66.367042,-0.508922,25.579499,-138.288782,4490.275784,158.48485,7.756629,35.283848,62.428992,2.287161,60.082094,8.919921,202.183261,149.698449,19.784749,46.975671,4.60395,0,0,0,0,0,0,0,0,0.000249,0.226109,0,0,0,0,0.033568,0.739577
70620,74.184153,39.111324,Alces alces,56003281,Cervidae,LC,0,0,-4.083902,11.835412,33.006644,870.769295,14.309017,-21.401922,35.710939,162.430306,26.142651,5.567954,50.922412,67.144268,18.231751,57.202808,21.998477,4202.187622,539.779157,68.977071,-0.523681,21.689995,-160.18565,4122.162368,136.894194,8.021963,26.314695,72.323849,1.361456,62.283474,8.909168,208.08213,142.424945,19.826144,47.088529,4.627472,0,0,0,0,0,0,0,0,0,0.026505,0,8.3e-05,0,0,0.034374,0.939038
70701,74.370247,38.649052,Alces alces,56003281,Cervidae,LC,0,0,-4.298809,12.429307,33.009137,897.17822,14.604268,-22.992986,37.597254,128.757127,21.23255,3.699096,51.210931,52.497921,13.123588,47.276589,17.934014,4333.432314,528.637497,75.090827,-0.66043,15.715655,-161.772663,4068.913484,118.997159,8.471652,27.020825,71.150244,1.828931,61.613595,9.421765,221.201729,127.491724,21.919673,52.944203,4.925637,0,0,0,0,0,0,0.000248,0,0,0.065424,0,0,0,0,0,0.933416
70621,74.391592,40.010131,Alces alces,56003281,Cervidae,LC,0,0,0.40328,12.159612,33.409118,914.849354,18.464983,-17.996593,36.461576,239.972377,41.803247,5.844804,58.339598,112.713142,21.923397,93.805917,23.557376,3270.804789,688.758698,65.583478,-0.582125,24.497128,-123.11171,4814.487088,132.982283,7.998986,40.860448,55.679949,3.459603,54.819909,8.750756,205.88376,149.612052,18.66465,44.184277,4.288273,0,0,0,0,0,0,0,0,0.000331,0.390072,8.3e-05,0.000249,0,0,0,0.609265
70702,74.588973,39.549016,Alces alces,56003281,Cervidae,LC,0,0,1.920602,12.080019,34.465423,867.562894,19.445323,-15.59848,35.043803,156.767008,27.330029,2.754002,64.026293,75.003771,10.975668,68.086129,11.926331,3197.770912,730.567985,74.825239,-0.716278,17.242726,-111.960806,4934.4306,152.04791,7.867152,33.031187,64.96844,2.000373,57.167495,8.741516,209.222362,145.35916,18.708617,44.360929,4.319751,0,0,0,0,0,0,0,0,0,0.063028,0,0,0,0,0,0.936972
70863,74.959371,38.6238,Alces alces,56003281,Cervidae,LC,0,0,-4.239096,11.922057,33.970503,852.943305,13.733511,-21.127813,34.861324,125.459264,21.603573,2.543754,64.905217,55.69792,8.799664,54.428809,11.697999,4251.789995,555.466223,78.60053,-0.718676,12.10244,-158.555805,4164.125271,170.583367,7.635814,29.255352,69.397763,1.346884,64.133561,9.176151,221.999594,127.488584,21.550279,51.809723,4.866125,0,0,0,0,0,0,0.005219,0.000497,0,0.101309,0,0,0.000249,0,0.061465,0.827121
70784,74.995995,39.984538,Alces alces,56003281,Cervidae,LC,0,0,-0.461021,12.04407,34.34106,876.611529,17.344934,-17.768517,35.113452,205.766557,35.032018,3.771055,64.377301,97.886679,14.015623,90.203976,16.149625,3468.643387,651.521941,67.596137,-0.62316,20.490976,-137.096014,4661.918148,131.768301,7.956582,30.417771,65.589021,3.993208,41.865765,8.5622,215.52174,147.801295,17.299527,40.321148,3.764363,0,0,0,0,0,0,0,0,0,0.327009,0,0,0,0,0.000829,0.672162
70944,75.131398,38.159926,Alces alces,56003281,Cervidae,LC,0,0,-5.026156,11.648292,33.10261,858.947453,13.016963,-21.884597,34.901559,113.010332,19.874576,2.208889,63.866766,48.709582,8.744131,47.943418,12.262297,4372.97707,547.678402,82.567601,-0.774741,9.552958,-159.591466,4109.462005,138.395169,8.014153,26.792298,72.38779,0.819913,63.473198,9.811951,244.9333,102.717487,23.076723,55.807483,5.035658,0,0,0,0,0,0,0.01783,0.000415,0,0.072898,0,8.3e-05,0,0,0.056809,0.851966
70864,75.188027,39.522496,Alces alces,56003281,Cervidae,LC,0,0,8.787802,13.079585,33.152465,963.554934,27.238056,-12.226722,39.464778,135.333555,23.479778,2.017025,62.096132,57.810553,8.65001,57.400486,10.411125,2092.395848,978.0574,85.608271,-0.855957,11.562248,-49.172748,5786.319029,56.510963,9.378512,30.07659,69.164551,0.758859,80.106114,8.098562,208.897065,148.197181,17.128764,40.419959,4.022087,0,0,0,0,0,0,0,0,0,0.060704,0,0.001077,0.001656,0,0.001905,0.934658
70945,75.372228,39.059513,Alces alces,56003281,Cervidae,LC,0,0,6.800813,13.213738,33.667074,961.28132,25.361885,-13.947277,39.309161,102.213064,20.101582,1.080807,70.992832,47.630317,4.468251,47.240677,5.984029,2398.485383,942.155156,89.242274,-0.887924,8.055783,-57.561897,5604.85972,105.654342,8.808327,31.867095,65.332263,2.800642,98.221607,7.697245,210.599714,145.296597,16.614922,39.251823,4.049203,0,0,0,0,0,0,0.005385,0,8.3e-05,0.187407,0,0.019718,0.000331,0,0.094532,0.692461
71105,75.446128,37.230414,Alces alces,56003281,Cervidae,LC,0,0,-4.585979,11.623398,31.913206,904.97018,13.989208,-22.303306,36.292514,93.885404,17.243507,1.311492,61.246781,40.008126,8.112707,39.902161,12.67496,4417.015601,557.698902,88.438403,-0.862881,6.525799,-154.206072,4159.184258,155.289312,7.841443,31.067575,67.315385,1.61704,57.713502,10.175039,256.923763,88.451895,24.079591,58.600968,5.206166,0,0,0,0,0,0,0.034043,0,0,0.115381,0,0,0,0,0.034871,0.815704
70946,75.59989,39.955935,Alces alces,56003281,Cervidae,LC,0,0,4.950378,12.253321,34.012426,892.324026,22.471971,-13.624453,36.096423,156.722619,27.222439,2.129549,67.657876,73.302853,8.775874,71.560356,9.994261,2618.753442,832.872781,79.237985,-0.786366,14.352374,-91.895915,5342.58798,82.405871,8.910873,33.315207,64.89959,1.785203,85.400938,7.808924,204.019559,154.18877,16.558963,38.71619,3.912371,0,0,0,0,0,0,0.000745,0,0,0.407107,0,0,0.000414,0,0,0.591734
71027,75.786621,39.493023,Alces alces,56003281,Cervidae,LC,0,0,11.109912,13.744662,31.964731,1051.323685,30.693706,-12.307097,43.000803,104.822878,17.713731,1.972925,56.065165,41.457486,7.72679,41.060382,9.778708,1533.428055,1111.944759,91.806198,-0.918257,7.308635,-14.696317,6170.136448,24.658953,11.243555,36.38211,62.063305,1.554584,105.147799,7.302295,202.823435,155.002874,15.807139,36.845603,3.887378,0,0,0,0,0,0,0.003563,0,0,0.170768,0,0.280802,0.016489,0,8.3e-05,0.528296
71187,75.873103,37.666063,Alces alces,56003281,Cervidae,LC,0,0,-0.128261,12.214472,35.254276,841.462968,17.144708,-17.448953,34.593661,63.827066,15.638402,0.277701,81.478559,33.817009,2.234279,33.812806,3.828615,3770.535064,672.192465,91.671873,-0.911772,4.921748,-126.679199,4656.107229,211.822398,7.325597,35.137798,62.448994,2.413208,66.724942,9.502674,240.424835,108.700096,22.905216,54.781537,5.019328,0,0,0,0,0,0,0.000994,0,0.000166,0.429341,0,0,0,0,0,0.5695
71107,75.965658,39.029255,Alces alces,56003281,Cervidae,LC,0,0,11.535661,14.442105,32.736746,1067.845538,31.506891,-12.589152,44.096044,75.679617,15.064191,1.056158,64.184426,33.129794,4.245358,32.334374,5.697827,1495.962877,1157.977357,94.439886,-0.944228,5.173214,-3.478576,6281.934219,19.143838,11.456642,42.44014,55.320585,2.239276,110.410003,7.189156,204.868786,151.902357,15.857155,36.941201,3.951427,0,0,0,0,0,0,0.001574,0,0,0.202949,0,0.321736,0.003893,0,0.000746,0.469019
71348,76.158036,36.734942,Alces alces,56003281,Cervidae,LC,0,0,-3.657941,11.40864,33.399476,842.784969,13.939226,-20.047484,33.986711,72.03194,15.279009,0.680206,68.44893,34.710252,5.439403,34.57485,8.104195,4364.33044,595.03656,90.089938,-0.886621,5.460597,-147.497984,4309.158044,224.185658,7.266122,30.110881,68.582529,1.30659,68.528869,10.481923,243.643035,106.545542,23.400924,56.1659,5.039845,0,0,0,0,0,0,0.000663,0,0,0.048625,0,0,0,0,0.057406,0.893307
71349,76.452069,37.633958,Alces alces,56003281,Cervidae,LC,0,0,5.222075,13.095114,35.347391,891.903497,22.821184,-14.267337,37.088521,42.246307,12.231704,0.004735,86.702819,24.674003,0.32496,24.665608,1.355633,2950.143276,867.126663,94.972181,-0.9497,3.521658,-78.408105,5336.831576,188.378026,7.651844,36.722105,59.898629,3.379266,98.750447,8.17819,223.768584,130.781909,18.859152,44.678507,4.472652,0,0,0,0,0,0,0.01533,0,0.006381,0.555519,0,0,0,0,0,0.422771
71430,76.595498,37.168029,Alces alces,56003281,Cervidae,LC,0,0,1.98949,12.727274,36.022505,839.910746,19.144289,-16.099209,35.243498,44.853753,12.027905,0.102049,79.549457,25.024658,1.536881,24.999495,2.908368,3494.124044,785.131602,94.246971,-0.940119,3.65534,-99.847784,5041.928619,193.437012,7.465334,36.800563,59.72792,3.471516,98.427481,8.951066,233.33919,121.14309,18.552888,44.354922,4.440245,0,0,0,0,0,0,0.011017,0,0.006213,0.639579,0,0.000994,0,0,0.003479,0.338718
71190,76.622752,40.353448,Alces alces,56003281,Cervidae,LC,0,0,2.0748,12.155584,33.29726,912.501026,20.099187,-16.5119,36.611087,166.639957,29.554198,2.349403,74.294997,85.171271,7.628668,83.299397,9.894772,2940.931752,749.512042,75.857714,-0.746983,14.570313,-113.56067,5009.935347,94.373626,8.67796,33.435068,64.16424,2.400692,124.948133,6.510866,184.431389,175.712961,14.397547,32.393391,3.642855,0,0,0,0,0,0,0,0,0,0.437867,0,0.001076,0.000166,0,0,0.560891
71350,76.724612,38.53093,Alces alces,56003281,Cervidae,LC,0,0,12.534257,16.439083,33.988999,1145.976546,35.056246,-13.299313,48.355558,44.301406,10.418018,0.301657,69.021891,21.910075,2.044281,21.766599,3.195705,1437.131269,1190.098365,96.084366,-0.95995,3.710741,0.177063,6410.580277,20.623191,11.900737,21.175976,78.513478,0.310546,118.488424,7.552456,211.861591,144.361094,17.16835,40.371476,4.185741,0,0,0,0,0,0,0.001823,0,0,0.08218,0,0.009858,0.000746,0,0,0.905393
71271,76.806079,39.889744,Alces alces,56003281,Cervidae,LC,0,0,11.050368,14.175712,31.392332,1108.931819,31.793422,-13.342513,45.135935,87.05881,14.503072,1.768754,57.372174,38.009759,6.096513,37.171245,7.869391,1465.123257,1102.760528,91.511578,-0.915451,7.389961,-19.399168,6201.517431,30.231597,11.474208,29.78441,69.441474,0.774117,149.044173,5.656761,179.33547,182.084724,12.842443,28.260945,3.466695,0,0,0,0,0,0,0.000994,0,0,0.209724,0,0.041829,0.00116,0,0,0.746293
71591,76.850299,36.236142,Alces alces,56003281,Cervidae,LC,0,0,-7.79111,11.273844,31.347725,903.93903,10.957599,-24.857321,35.81492,72.939093,18.190861,0.655491,81.198652,42.055221,5.458784,41.861234,6.539254,4913.715056,508.993141,88.654896,-0.868984,5.551738,-170.399134,3961.346959,222.14644,7.265428,26.301794,71.953146,1.74506,68.221768,12.96439,246.145322,104.31522,25.249533,62.7132,5.287875,0,0,0,0,0,0,8.3e-05,0,0,0.000662,0,0,0,0,0.111773,0.887316
71431,76.882149,38.06521,Alces alces,56003281,Cervidae,LC,0,0,11.892116,16.027184,34.952592,1072.888174,33.066082,-12.768837,45.834919,37.042343,9.129179,0.055449,69.117767,18.781071,1.542866,18.781071,2.593473,1621.792864,1169.50007,96.466344,-0.965405,3.315953,-5.037983,6324.952512,22.050124,11.08597,28.811448,70.480358,0.708194,110.347005,7.469643,212.181335,144.826041,17.689223,41.038534,4.30122,0,0,0,0,0,0,0.003233,0,0,0.123094,0,0.073939,0.001243,0,8.3e-05,0.798408
71592,77.169833,37.132745,Alces alces,56003281,Cervidae,LC,0,0,5.341363,14.233057,36.88769,901.948982,23.630431,-14.963562,38.593993,31.125784,9.119886,0,77.997447,18.501553,0.629532,18.501553,2.146992,3032.533995,899.34372,95.837547,-0.957483,3.042323,-72.068461,5433.117919,138.14383,8.093581,38.163729,59.183031,2.65324,100.886955,8.031966,219.920174,138.29198,17.749017,40.841306,4.369756,0,0,0,0,0,0,0.007206,0,0.002236,0.649797,0,0,0,0,0,0.34076
71673,77.298753,36.666378,Alces alces,56003281,Cervidae,LC,0,0,-5.413394,11.290381,33.364668,842.538773,12.092755,-21.624315,33.717071,58.422742,17.150955,0.222132,93.061735,38.032134,2.583648,37.79267,3.309883,4614.328347,569.886369,90.92977,-0.901308,4.522279,-155.459562,4247.281476,210.398357,7.282612,30.170756,68.426705,1.402539,100.670464,9.349035,233.267039,121.911926,18.088453,43.490754,4.364264,0,0,0,0,0,0,0,0,0,0.119927,0,0,0,0,0.073629,0.806444
71513,77.312244,38.494287,Alces alces,56003281,Cervidae,LC,0,0,12.579613,15.194098,32.803507,1127.438332,33.479022,-12.773719,46.25274,40.710118,8.17565,0.206671,60.362701,18.581959,2.206671,18.581959,3.512263,1214.121882,1232.867382,96.337752,-0.961513,3.563501,7.220379,6587.40667,1.645113,13.741399,52.281156,44.904827,2.814017,127.270679,6.891949,205.796591,152.190782,16.130901,36.838507,3.981386,0,0,0,0,0,0,0.000829,0,0,0.272351,0.000414,0.603613,0.013009,0,0,0.107383
71433,77.40833,39.852175,Alces alces,56003281,Cervidae,LC,0,0,10.679249,14.035002,31.257833,1109.122714,31.344827,-13.519589,44.864415,73.549996,12.847324,1.098563,63.757905,35.057251,3.967402,34.860228,5.487388,1514.567142,1099.875179,92.124463,-0.921356,6.80579,-18.991899,6184.968622,38.108464,11.37543,37.788443,61.366318,0.845238,196.154216,3.930077,162.827473,199.968557,9.402136,19.050487,3.020393,0,0,0,0,0,0,0.000166,0,0,0.226015,0,0.053024,0.00116,0,0,0.710439
71754,77.416784,36.200229,Alces alces,56003281,Cervidae,LC,0,0,-8.840887,12.314305,32.898442,925.27518,10.678624,-26.704181,37.382805,72.249127,21.416871,0.247081,101.265387,48.530003,3.152429,48.491798,3.455489,5113.669604,482.669087,88.761693,-0.874798,5.301652,-175.359692,3867.335096,141.095338,8.026302,27.967263,70.795751,1.236986,71.251902,13.018798,246.554014,104.603808,24.060603,59.940739,5.140269,0,0,0,0,0,0,0,0,0,0,0,0,0,0,0.017071,0.982929
71353,77.472373,41.205097,Alces alces,56003281,Cervidae,LC,0,0,-8.107681,11.072835,30.612172,934.775406,10.570162,-25.439631,36.009793,262.043731,50.230336,3.71585,79.840388,140.227411,13.179521,138.674098,13.375873,4063.730634,493.881732,51.693676,-0.47152,23.055533,-176.473991,3907.225073,147.986071,7.954697,33.378326,65.151049,1.470625,119.070806,6.096001,175.275016,186.505719,13.917719,29.657137,3.436044,0,0,0,0,0,0,0,0,0,0.361107,0,0,0,0,0.116946,0.521782
71514,77.579428,39.386975,Alces alces,56003281,Cervidae,LC,0,0,12.525068,16.111215,33.023055,1180.186243,35.269288,-13.493026,48.762314,52.845674,9.540011,0.997948,59.430637,24.521509,3.146919,24.481058,4.183429,1156.751925,1209.552995,95.20692,-0.952391,4.529657,3.752681,6547.713012,0.863277,15.148031,23.43464,75.641661,0.923699,187.177725,4.760973,174.016707,188.78465,11.310044,23.877824,3.219081,0,0,0,0,0,0,0,0,0,0.152826,0,0.158793,0.003066,0,0,0.685314
71434,77.657921,40.741367,Alces alces,56003281,Cervidae,LC,0,0,0.929456,11.818913,34.070404,852.823188,18.323716,-16.38085,34.704565,157.888765,30.447398,1.827303,83.107544,86.972228,6.339252,86.952209,7.204396,3056.085722,712.668029,73.361535,-0.727826,16.128651,-110.987317,4825.968301,111.021119,8.2581,35.275037,63.180749,1.544214,177.081449,5.319391,175.634842,186.895555,11.966567,25.824592,3.23554,0,0,0,0,0,0,0,0,0,0.521948,0,0.003975,0,0,0.00762,0.466457
71675,77.899446,38.454809,Alces alces,56003281,Cervidae,LC,0,0,13.043265,17.557958,33.885131,1235.402212,37.423818,-14.39477,51.818589,33.299235,6.944507,0.003107,60.612983,16.819311,2.003107,16.819312,3.016312,1204.284199,1240.908614,96.446803,-0.963128,3.457491,8.011903,6611.603253,1.322328,13.911149,7.131907,92.813147,0.054946,187.924244,5.892807,193.86944,168.311954,11.684523,25.571735,3.44298,0,0,0,0,0,0,0,0,0,0.027325,0,0.007949,0,0,0,0.964726
71916,77.983067,36.161648,Alces alces,56003281,Cervidae,LC,0,0,-7.664294,12.572192,33.683951,914.612836,11.712797,-25.517044,37.229841,64.423365,21.401082,0.0639,112.790049,48.032836,1.349228,47.632659,2.155054,4974.237627,525.086412,89.837203,-0.889615,4.872298,-162.01243,4051.883135,134.622168,8.168583,25.198157,73.950797,0.851046,97.297671,12.803375,248.8473,105.727864,19.768982,50.629171,4.647629,0,0,0,0,0,0,0,0,0,0.00058,0,0,0,0,0.026913,0.972507
71516,78.089409,41.163848,Alces alces,56003281,Cervidae,LC,0,0,-3.942619,11.702961,33.820387,865.366577,14.044944,-20.515341,34.560286,205.368991,40.85827,2.543125,85.300838,116.020323,9.029281,116.015076,10.020751,3659.749275,577.063505,59.690549,-0.575335,20.961941,-145.954016,4248.06764,182.780583,7.467974,31.62822,66.160896,2.210884,160.174147,5.546782,173.098381,190.286524,12.710884,26.848549,3.236454,0,0,0,0,0,0,0,0,0,0.208551,0,0,0,0,0.013589,0.777861
71676,78.175967,39.345775,Alces alces,56003281,Cervidae,LC,0,0,12.30519,15.835852,32.693078,1184.662422,34.693023,-13.72202,48.415044,45.186436,8.478167,0.455167,62.861898,22.532482,2.449543,22.453953,3.581756,1141.328259,1223.260102,95.95199,-0.959428,3.828325,5.049709,6604.44237,1.129108,14.976709,34.658071,63.726735,1.615194,216.009081,4.321829,169.715833,194.3978,10.564086,21.909123,3.119816,0,0,0,0,0,0,0.000911,0,0,0.299917,0,0.21457,0.001821,0,0,0.482781
71836,78.187153,37.521079,Alces alces,56003281,Cervidae,LC,0,0,11.989993,17.310031,35.240521,1143.220924,34.94684,-14.173076,49.119916,25.77374,5.145931,0,56.929859,13.242391,1.646991,13.179605,3.042563,1579.173374,1202.775944,96.342851,-0.961874,3.531624,0.874355,6386.221581,12.647532,11.601074,21.998322,77.68099,0.320688,135.921028,6.904752,201.708544,160.033014,15.257385,34.019703,4.020037,0,0,0,0,0,0,0.000497,0,0,0.115088,0,0.034634,0.001906,0,0,0.847875
71996,78.236263,34.76827,Alces alces,56003281,Cervidae,LC,0,0,-10.822305,10.922544,28.371444,1006.484809,9.449188,-28.898965,38.348153,95.386054,28.297314,0.93548,106.216821,65.411886,4.444607,64.616666,6.302596,5344.06519,494.254154,85.527181,-0.836481,7.021971,-153.896022,3794.419193,215.963932,7.357613,24.542264,73.912946,1.54479,54.460173,18.046921,273.721618,73.170367,25.22972,67.53519,5.202832,0,0,0,0,0,0,0,0,0,0,0,0,0,0,0.202004,0.797996
71917,78.317675,37.054001,Alces alces,56003281,Cervidae,LC,0,0,6.28067,14.454175,35.56446,964.107468,25.372138,-15.286475,40.658613,27.623212,7.600271,0,78.346934,18.211933,0.709409,18.205335,1.644345,2757.134745,967.824528,96.135493,-0.962835,3.001176,-54.984612,5605.117905,128.503535,8.490505,32.896434,65.320597,1.782969,136.958563,7.661345,208.969482,151.295996,15.254913,35.032901,4.004324,0,0,0,0,0,0,0.000745,0,0.000414,0.275905,0,0.010271,0,0,0,0.712665
71757,78.334824,38.879362,Alces alces,56003281,Cervidae,LC,0,0,12.769927,17.088367,33.133603,1246.082426,37.012946,-14.560536,51.573482,35.849288,7.193423,0.017521,64.9766,19.133003,2.017521,19.133003,3.024481,1174.575027,1234.461181,96.507161,-0.965912,3.347031,6.125766,6614.502372,3.162363,14.678507,11.185305,88.808897,0.005799,210.783109,4.403732,171.119797,193.238487,11.062492,22.939479,3.219058,0,0,0,0,0,0,0,0,0,0,0,0,0,0,0,1
72077,78.446168,35.211108,Alces alces,56003281,Cervidae,LC,0,0,-11.924201,12.4633,31.115043,1007.825916,9.232528,-30.775549,40.008076,84.489268,27.936041,0.365628,121.107062,63.468886,2.878242,63.408709,3.582351,5530.397866,443.981311,86.197252,-0.846949,6.172072,-171.185782,3661.650735,98.238575,8.598616,29.296745,70.013446,0.689809,59.73703,17.411645,270.758801,77.148875,24.324562,64.837365,5.127951,0,0,0,0,0,0,0,0,0,0,0,0,0,0,0.037608,0.962392
71837,78.486196,38.412501,Alces alces,56003281,Cervidae,LC,0,0,12.830884,17.558752,33.609443,1251.63957,37.379643,-14.862991,52.242634,30.910124,6.43282,0,64.072577,16.903475,2,16.903475,3,1221.680829,1240.84668,96.615109,-0.968666,3.287181,7.48084,6594.331917,3.752329,14.034829,3.640229,96.359771,0,202.477964,5.689152,189.338335,173.331632,10.938171,23.809171,3.325835,0,0,0,0,0,0,0,0,0,0,0,0,0,0,0,1
71758,78.611032,39.768139,Alces alces,56003281,Cervidae,LC,0,0,12.006831,14.776714,31.410169,1171.638456,33.609631,-13.374088,46.983718,50.307731,9.221186,0.575278,64.560115,25.565872,2.812038,25.471244,3.919475,1122.743555,1216.940726,95.711334,-0.956466,4.006883,4.999832,6604.936588,6.245226,14.192549,35.254626,62.97741,1.767964,234.426194,4.164038,166.095779,198.412999,9.987761,20.680375,2.986894,0,0,0,0,0,0,8.3e-05,0,0,0.384201,0.001076,0.134056,0.01035,0,0.000828,0.441749
72159,78.648661,35.654361,Alces alces,56003281,Cervidae,LC,0,0,-10.085457,12.478896,32.183266,963.376078,10.23105,-28.433374,38.664424,72.112624,25.287281,0.065123,124.787481,57.142977,0.928804,56.760148,1.547451,5307.121899,482.781201,88.283923,-0.872527,5.293563,-165.070639,3860.001088,142.616967,7.940181,28.191708,70.585478,1.222814,85.69178,15.677002,268.383339,81.672831,20.500577,55.214018,4.743792,0,0,0,0,0,0,0,0,0,0.002154,0,0,0,0,0.048128,0.947399
71678,78.705681,41.119491,Alces alces,56003281,Cervidae,LC,0,0,3.833642,12.073693,32.165769,941.710985,22.077846,-15.675052,37.752898,155.925451,31.110102,2.147852,81.366159,85.764306,7.234289,85.76156,7.789511,2513.719385,824.150333,74.19859,-0.739138,17.724278,-68.189157,5144.692076,100.683798,8.653145,34.761079,63.11827,2.120651,182.9861,5.284571,170.289081,194.202999,12.017563,25.334754,3.133916,0,0,0,0,0,0,0,0,0,0.320964,0,0.006129,0.000663,0,8.3e-05,0.672161
72074,78.747452,32.447337,Alces alces,56003281,Cervidae,LC,0,0,-6.698621,11.860647,30.552901,1010.716375,13.391438,-25.433379,38.824817,229.176679,54.790012,4.771269,82.293119,129.589557,23.044404,109.610832,40.103543,5035.226806,579.517572,58.926838,-0.486834,30.835115,-90.426067,3559.470669,160.417794,7.815883,28.188433,69.983372,1.828195,48.410108,27.311976,206.272006,137.578316,41.748616,113.052086,7.234526,0,0,0,0,0,0,0,0,0,0.028323,0,0,0,0,0.00588,0.965797
72158,78.79317,34.726668,Alces alces,56003281,Cervidae,LC,0,0,-11.057132,12.728919,31.302357,1027.934139,10.341115,-30.302923,40.644037,78.436148,26.226391,0.356633,123.442847,59.869991,2.83218,59.808076,2.927533,5496.692205,465.095929,86.68457,-0.852452,6.311882,-157.409624,3745.822633,72.586611,9.535788,30.088057,68.917845,0.994098,65.060324,18.482231,269.791436,77.439726,24.692896,66.799826,5.23031,0,0,0,0,0,0,0,0,0,0,0,0,0,0,0.010271,0.989729
72073,78.805581,31.534574,Alces alces,56003281,Cervidae,LC,0,0,-4.903029,11.409117,30.004435,994.278965,14.366728,-23.674864,38.041592,600.608207,132.233099,12.604703,77.51433,317.725416,61.75348,263.136326,135.446707,4767.31437,615.336236,43.424602,0.017358,74.581402,-61.555975,3184.418785,217.687066,7.347244,29.060456,68.034339,2.905205,52.171964,31.512619,182.686733,163.245846,44.269835,119.267177,7.584066,0,0,0,0,0,0,0,0,0,0.122277,0,0,0,0,0.01632,0.861403
71759,78.880367,40.654182,Alces alces,56003281,Cervidae,LC,0,0,7.501633,12.672855,30.590064,1043.553172,26.809843,-14.788356,41.598199,97.441943,19.993236,1.059649,79.958758,54.477961,3.65206,54.477961,4.45702,1920.643405,985.920056,85.787373,-0.857769,11.200389,-31.836409,5734.177264,66.961199,9.522963,37.42179,61.321624,1.256587,210.400488,4.636522,164.554316,200.587485,10.807869,22.323091,2.970784,0,0,0,0,0,0,0,0,0,0.348737,0,0.005466,0.003892,0,0,0.641905
72157,78.90273,33.80317,Alces alces,56003281,Cervidae,LC,0,0,-6.403216,11.939486,31.30153,985.71675,13.496027,-24.664392,38.160418,76.647917,22.127435,1.079788,98.437699,51.247884,4.698194,50.346293,5.540267,5000.688409,601.253119,85.729973,-0.843612,8.321461,-109.431784,4066.534227,169.357846,7.656374,27.941399,69.879089,2.179512,62.102735,20.095941,261.364377,83.694412,27.972363,76.058321,5.613058,0,0,0,0,0,0,0.000166,0,0,0.00439,8.3e-05,0,0,0,0.003479,0.924874
72160,79.008032,36.54332,Alces alces,56003281,Cervidae,LC,0,0,2.425691,13.026389,35.462057,881.407339,19.822376,-16.778613,36.600988,32.25282,9.777089,0,92.13009,23.938632,0.411329,23.567497,1.078719,3595.386084,809.567708,95.234265,-0.952106,3.071299,-90.510411,5051.471325,222.606325,7.303531,34.676814,63.313328,2.009858,146.035475,9.276622,226.153613,131.868457,14.342484,34.872112,3.914762,0,0,0,0,0,0,0,0,0,0.278763,0,0.000166,0,0,0.007212,0.713859
72321,79.211086,35.610286,Alces alces,56003281,Cervidae,LC,0,0,-8.079501,13.41041,33.671993,975.506507,12.623538,-27.160548,39.784087,56.791159,21.046791,0,127.985322,47.776073,0.111078,47.759677,0.886157,5124.588491,524.854322,90.755514,-0.902368,4.472542,-150.827961,4068.407036,90.005676,8.939583,24.664692,74.373229,0.962078,91.676332,16.05569,271.197718,79.220638,19.571265,53.419798,4.677612,0,0,0,0,0,0,0,0,0,0,0,0,0,0,0.003645,0.987738
72237,79.293282,32.404198,Alces alces,56003281,Cervidae,LC,0,0,-7.697061,12.255353,30.248164,1048.659968,13.302429,-27.157487,40.459916,183.001639,53.727566,2.948273,106.364746,122.265474,14.810948,108.55609,23.433875,5163.206873,567.175265,63.950551,-0.577506,23.811907,-93.859389,3659.503734,107.798425,8.432064,33.652521,65.816382,0.531097,50.893867,29.735218,237.293332,99.878702,37.04697,103.516404,6.69656,0,0,0,0,0,0,0,0,0,0.245732,0,0,0,0,0.000912,0.753357
72161,79.342111,37.432051,Alces alces,56003281,Cervidae,LC,0,0,12.829608,17.213278,34.17442,1197.528578,36.188775,-14.125558,50.314333,30.849317,6.279919,0,61.13549,16.835249,2.189517,16.286316,4.103357,1317.031461,1233.721292,97.001124,-0.97,3.01011,10.064358,6391.365682,3.461607,13.154131,19.100558,80.363934,0.535508,201.71829,5.986504,187.49779,175.282883,9.875204,21.411594,3.271788,0,0,0,0,0,0,0.000249,0,0,0.222388,0,0.040766,0.000331,0,0,0.736266
72242,79.464237,36.964371,Alces alces,56003281,Cervidae,LC,0,0,10.57272,15.24916,34.732076,1055.311492,30.969075,-12.932562,43.901638,29.272649,6.914978,0,70.397003,17.482048,1.811437,16.811845,3.308406,1945.958218,1122.53057,96.897392,-0.969724,2.892235,-14.487137,5982.137607,73.20704,9.679464,22.405428,77.050562,0.54401,194.285439,6.973727,200.202443,161.331531,10.335297,23.445041,3.350724,0,0,0,0,0,0,8.3e-05,0,0,0.068091,0,0.074056,0.00058,0,0,0.85719
72081,79.516358,38.787188,Alces alces,56003281,Cervidae,LC,0,0,12.393499,17.333803,33.065465,1265.573758,36.830111,-15.592645,52.422756,32.58916,6.916577,0,68.27117,19.003265,1.951666,19.003265,2.951666,1189.136949,1235.522955,97.168704,-0.97,2.713663,5.387259,6592.73052,6.19566,13.882474,2.796923,97.203077,0,244.49931,4.712077,171.351277,193.540142,9.549944,20.088292,3.053017,0,0,0,0,0,0,0,0,0,0,0,0,0,0,0,1
72402,79.564961,35.122808,Alces alces,56003281,Cervidae,LC,0,0,-7.364994,13.670285,33.910169,988.772174,13.582141,-26.685353,40.267494,47.263006,17.916055,0,127.896977,40.750993,0.026535,40.750993,0.826109,5058.59997,555.698766,91.815818,-0.913107,4.28392,-136.000779,4190.223079,40.673994,10.730321,29.379609,70.476805,0.143585,88.795205,18.194421,292.921644,55.927486,18.266447,52.440138,4.641298,0,0,0,0,0,0,0,0,0,0,0,0,0,0,0,0.976473
72322,79.577205,36.496917,Alces alces,56003281,Cervidae,LC,0,0,4.36413,13.511876,35.800342,907.48163,21.932917,-15.775081,37.707998,29.874519,8.689297,0,89.955969,21.651493,0.49258,21.425772,1.102166,3285.422207,879.122993,96.082386,-0.961095,2.804933,-72.196841,5248.451381,208.776635,7.420729,35.150148,62.717641,2.132211,155.448588,9.933397,227.740607,128.351492,12.279977,30.705021,3.645633,0,0,0,0,0,0,0,0,0,0.351251,0,0,0,0,0.00058,0.64817
72316,79.640169,31.013789,Alces alces,56003281,Cervidae,LC,0,0,-8.641189,11.613222,30.869355,961.457574,11.173225,-26.414453,37.587678,661.62368,185.575515,8.685407,104.164023,421.309631,46.445927,359.012765,124.38753,5271.610191,525.16274,43.281665,0.205424,82.465611,-79.674436,2918.566442,172.117611,7.723456,29.720453,69.229294,1.050253,59.368659,34.047729,154.336323,193.254813,46.655641,125.366125,7.941224,0,0,0,0,0,0,0,0,0,0.165355,0,0,0,0,0.121862,0.712783
72403,79.680426,36.029901,Alces alces,56003281,Cervidae,LC,0,0,-7.776675,11.458754,32.561872,878.598781,10.401942,-24.637282,35.039223,57.249762,19.58896,0.003217,117.460446,46.088671,0.516459,44.394355,0.751112,4822.20466,580.837776,90.12685,-0.896901,4.380578,-141.422839,4194.710246,194.107841,7.38843,29.729214,68.854563,1.416223,128.737902,14.120326,246.664078,107.664922,17.357116,46.49764,4.321628,0,0,0,0,0,0,0.000414,0,0,0.221007,0,8.3e-05,0,0,0.178347,0.600149
72400,79.771683,33.27563,Alces alces,56003281,Cervidae,LC,0,0,-4.778648,12.359522,32.290757,966.870437,15.158717,-23.054709,38.213425,59.893456,20.358703,0.682256,115.345018,45.834434,2.63612,45.175453,2.961208,4881.810392,649.224149,86.916536,-0.860355,7.662939,-88.787454,4247.47144,136.063526,8.207996,32.396599,66.303564,1.299837,54.347359,28.161634,251.019883,87.401237,33.81433,94.727886,6.34523,0,0,0,0,0,0,0.002982,0,0,0.097656,8.3e-05,0,0,0,0,0.854469
72243,79.792588,37.851443,Alces alces,56003281,Cervidae,LC,0,0,12.571345,17.585622,33.659455,1251.954519,36.654805,-15.591143,52.245948,32.047352,6.983558,0,69.413406,19.056465,2,18.257348,3.001837,1256.813369,1233.16262,97.355726,-0.970031,2.610225,7.027445,6450.560955,1.322047,14.623257,2.713161,97.284643,0.002195,216.914318,5.101635,174.358251,189.697258,8.916551,18.458183,3.119836,0,0,0,0,0,0,0,0,0,0.001573,0,0,0,0,0,0.998427
72082,79.811176,39.672296,Alces alces,56003281,Cervidae,LC,0,0,12.106746,16.443194,31.641375,1274.286944,36.009491,-15.956066,51.965558,37.225924,8.700393,0,76.50425,22.400168,1.389058,22.400168,2.389058,1097.578476,1232.372732,96.697552,-0.969115,3.112162,6.640091,6664.573738,3.457717,14.326589,7.085514,92.888675,0.025812,314.373609,2.83456,146.633876,220.951146,7.196162,13.690365,2.411433,0,0,0,0,0,0,0,0,0,0.002068,0,0,0,0,0.00091,0.997022
72399,79.838782,32.358557,Alces alces,56003281,Cervidae,LC,0,0,-4.008109,13.26481,33.771416,958.019944,16.374701,-22.800306,39.175007,140.336425,43.996427,1.900888,113.761624,99.669873,9.262996,92.389901,14.321292,4794.490215,674.823518,74.286472,-0.713431,16.843269,-68.63228,4062.694347,93.219687,9.180505,26.747467,72.699774,0.552759,47.654946,28.302813,259.386786,66.352613,31.662734,91.778059,5.893505,0,0,0,0,0,0,0,0,0,0.078511,0,0,0,0,0.007461,0.914028
72398,79.889557,31.445617,Alces alces,56003281,Cervidae,LC,0,0,-0.306961,13.711102,36.139654,888.415147,18.380132,-19.569366,37.949498,567.790411,127.946199,12.723746,83.158947,309.130801,56.152801,271.046802,117.907536,4374.28807,738.627983,52.081508,-0.244242,63.972243,-31.770636,3591.975704,64.128767,9.394156,30.489654,69.014436,0.495909,55.604546,32.4591,213.331045,128.400812,40.648914,112.249669,7.232653,0,0,0,0,0,0,0,0,0,0.08901,0,0,0,0,0,0.91099
72003,79.935823,41.021505,Alces alces,56003281,Cervidae,LC,0,0,10.308142,14.043739,30.30668,1157.994771,31.128414,-15.212475,46.340889,76.68476,17.018773,1.281945,74.721066,42.26643,4.643516,42.26643,5.512885,1258.954983,1125.998076,92.565822,-0.925706,6.564543,-5.934753,6343.183167,13.30606,12.146241,38.066349,59.837023,2.096628,213.106439,4.934442,165.01518,199.747674,11.034974,23.095133,2.934596,0,0,0,0,0,0,0,0,0,0.124161,0.000331,0.252464,0.008283,0,0.014412,0.600348
72482,80.006116,33.712043,Alces alces,56003281,Cervidae,LC,0,0,-5.466021,12.843032,32.705462,983.950763,14.942481,-24.282133,39.224614,46.283183,16.383031,0.058593,118.488005,37.12915,0.971145,37.120908,1.333985,4939.49807,628.961732,89.901959,-0.893486,5.660192,-99.449326,4271.072244,138.720396,8.021941,29.080229,69.180261,1.73951,66.492747,26.373511,263.467504,78.085922,28.962938,82.527666,5.852719,0,0,0,0,0,0,0,0,0,0.005797,0,0,0,0,0.004803,0.968447
72404,80.036972,36.91548,Alces alces,56003281,Cervidae,LC,0,0,11.232484,15.041375,33.829775,1081.136233,31.659363,-12.766466,44.425829,33.732837,7.885966,0,69.127038,19.834414,2.30023,18.190251,4.125063,1761.951244,1155.580261,97.074851,-0.969995,2.814019,-6.367868,6059.552665,50.391646,10.272009,24.872409,74.494227,0.633364,208.278465,6.343195,189.034168,175.199494,9.140146,19.876036,3.174348,0,0,0,0,0,0,0,0,0.000166,0.079848,0,0.153317,0.005964,0,0,0.760706
72083,80.09981,40.554827,Alces alces,56003281,Cervidae,LC,0,0,11.407054,14.723194,30.898882,1198.7539,32.980196,-14.642515,47.622711,51.971569,11.976974,0.733926,73.95273,29.409031,2.705321,29.409031,3.170058,1047.671772,1205.090015,95.711915,-0.956128,3.959651,5.224299,6633.918828,0.839339,14.598518,40.628048,56.860767,2.511185,301.346431,3.165377,150.442258,217.131611,7.955631,15.263858,2.568017,0,0,0,0,0,0,0,0,0,0.164486,0.001905,0.476727,0.019463,0,0,0.333195
72485,80.14604,36.447825,Alces alces,56003281,Cervidae,LC,0,0,3.503167,14.171667,36.860682,908.013809,21.874446,-16.517881,38.392327,31.021609,9.067769,0,98.201123,23.956843,0.121663,23.709274,0.321477,3315.467484,878.249185,96.054495,-0.960612,2.824775,-71.517984,5235.466491,132.074952,8.143293,34.881112,63.464039,1.654849,185.579842,9.493862,219.728337,139.487048,11.065665,27.423213,3.444108,0,0,0,0,0,0,0,0,0,0.428524,0,0,0,0,0,0.571476
72479,80.180031,30.966819,Alces alces,56003281,Cervidae,LC,0,0,-2.81544,12.812398,34.144165,938.429631,16.18589,-21.327187,37.513078,681.273737,172.523782,13.139244,91.821325,401.416503,55.552413,348.521036,143.347069,4672.159712,666.138947,52.660643,0.024828,84.456701,-41.862094,3219.640696,81.440186,9.126183,33.156105,65.036614,1.807281,60.068688,35.379297,157.346396,189.811535,49.220653,131.35436,8.173271,0,0,0,0,0,0,0,0,0,0.511641,0,0,0,0,0,0.488359
72563,80.236565,34.14892,Alces alces,56003281,Cervidae,LC,0,0,-9.377788,12.66062,31.944286,1007.273814,11.554281,-28.030914,39.585195,54.132485,19.561426,0.10046,126.823001,44.211043,0.882744,44.188263,1.062472,5377.495725,515.779787,88.159832,-0.87246,5.706525,-131.732001,3960.303663,108.552966,8.485801,29.402974,68.712795,1.884231,91.745246,18.351449,287.484725,57.867316,18.900552,54.263716,4.636973,0,0,0,0,0,0,0,0,0,0.004474,0,0,0,0,0.045647,0.94988
72565,80.245625,35.980656,Alces alces,56003281,Cervidae,LC,0,0,-5.467078,12.133844,34.032602,873.28046,12.702252,-22.804588,35.50684,45.809944,15.293653,0,114.884122,37.727535,0.167844,36.828159,0.20487,4556.628062,636.437721,92.407068,-0.922252,3.761371,-125.010296,4432.604416,204.435923,7.44494,30.686404,67.60087,1.712727,140.296353,12.783571,258.043154,94.5161,12.967365,35.036525,3.817189,0,0,0,0,0,0,0,0,0,0.215889,0,0,0,0,0.052937,0.731174
72646,80.335106,35.51421,Alces alces,56003281,Cervidae,LC,0,0,-13.206423,11.802793,31.426367,948.315036,6.837657,-30.550237,37.387894,68.44017,23.808969,0,126.794205,55.10384,0.710806,53.900642,0.85639,5597.927112,433.497437,86.167258,-0.853751,5.501441,-169.757632,3639.200095,100.579597,8.588583,26.86895,72.245843,0.885207,104.195532,16.769759,284.345025,65.485109,16.317151,46.440835,4.362104,0,0,0,0,0,0,0,0,0,0,0,0,0,0,0.285288,0.714712
72405,80.373334,37.800338,Alces alces,56003281,Cervidae,LC,0,0,12.483479,17.092481,33.457001,1230.49326,35.927553,-15.128298,51.05585,33.010066,7.339992,0,71.431715,19.967536,2,19.284613,3.038593,1245.568528,1245.24327,97.597217,-0.978228,2.380762,7.659695,6500.177037,1.251744,14.459211,11.572009,88.123346,0.304644,229.72617,4.796169,169.375462,196.688501,8.156986,16.279472,3.00199,0,0,0,0,0,0,0,0,0,0.132787,0,0,0,0,0,0.867213
72560,80.430996,31.397446,Alces alces,56003281,Cervidae,LC,0,0,-4.8582,12.819813,33.915466,945.784441,14.902567,-22.900764,37.803331,363.828309,106.100197,4.409514,110.315617,241.849025,23.516969,213.298321,61.694279,4991.428077,614.399377,53.083848,-0.270275,50.306071,-64.297464,3391.613363,82.81974,8.839092,35.907924,62.961604,1.130473,62.475039,32.352002,212.916851,129.445297,40.027149,110.305294,7.209322,0,0,0,0,0,0,0,0,0,0.459379,0,0,0,0,0.000745,0.539876
72645,80.462336,34.586253,Alces alces,56003281,Cervidae,LC,0,0,-9.275986,12.682357,32.263568,993.862163,11.625586,-27.636845,39.262431,48.703329,17.781308,0.001093,125.816753,40.430501,0.416693,40.430501,0.56226,5331.516396,512.519475,89.738823,-0.890132,5.022467,-137.062133,3994.903879,63.180108,9.441819,31.099945,67.989323,0.910732,94.483957,18.103587,293.93067,53.296214,17.426207,50.447619,4.508392,0,0,0,0,0,0,0,0,0,0.001823,0,0,0.000249,0,0.002402,0.948223
72486,80.49542,37.332029,Alces alces,56003281,Cervidae,LC,0,0,12.675621,17.669893,34.410271,1216.747562,36.341434,-15.004583,51.346017,36.078033,8.014769,0,69.179053,21.47093,2.322592,19.641639,4.465753,1293.319736,1247.049204,97.500101,-0.975119,2.52501,10.456942,6429.37881,1.303799,13.491877,7.285022,92.533288,0.18169,221.97391,5.247816,174.750055,190.840237,8.407243,17.207721,3.059373,0,0,0,0,0,0,0,0,0,0.080765,0,0.015076,0,0,0,0.904158
72644,80.557355,33.662637,Alces alces,56003281,Cervidae,LC,0,0,-4.347797,13.435743,33.712362,981.068865,16.315433,-23.506941,39.822374,35.908398,14.104075,0,126.830288,31.322824,0.064306,31.322824,0.108202,4814.165589,659.613391,91.090193,-0.908678,5.298789,-89.905379,4383.442297,94.98927,8.798187,34.318534,65.378223,0.303243,73.829446,22.07264,285.61331,55.037645,24.801632,71.294319,5.320793,0,0,0,0,0,0,0.000249,0,0,0.009029,0,0,0,0,0.002816,0.987492
72566,80.609308,36.863873,Alces alces,56003281,Cervidae,LC,0,0,11.690017,16.743534,35.601781,1103.026928,33.497846,-13.511946,47.009792,35.658333,8.078393,0,69.037761,21.390792,2.05559,18.593297,3.915791,1661.862326,1197.279728,97.196574,-0.96996,2.754966,0.804983,6214.124972,20.883084,11.190052,10.065355,89.687906,0.246738,215.344557,6.702051,195.031846,169.071476,9.149831,20.374738,3.177965,0,0,0,0,0,0,0,0,0,0.058092,0,0.02801,0.001326,0,0,0.912571
72643,80.628145,32.743412,Alces alces,56003281,Cervidae,LC,0,0,-5.541539,12.841233,33.05557,976.512854,14.855786,-23.981588,38.837374,73.601504,27.797246,0.581178,140.37607,60.776654,2.373262,59.648239,2.812512,5047.556875,617.405138,81.271525,-0.800953,11.192507,-86.473588,4069.468374,107.174337,8.438363,34.052748,64.713232,1.23402,58.916093,27.932311,264.275908,70.199293,31.00421,88.940768,6.043183,0,0,0,0,0,0,0,0,0,0.097311,0,0,0,0,0,0.896152
72085,80.670844,42.311782,Alces alces,56003281,Cervidae,LC,0,0,-8.060835,9.07266,27.390818,909.057777,9.35752,-23.629067,32.986587,360.807111,71.655196,4.991671,82.595796,196.840911,17.449973,193.981885,17.906457,3896.290401,509.050136,27.435728,-0.20781,35.108796,-174.598103,3921.737307,263.484875,6.966314,31.033551,65.623734,3.342715,122.55441,6.637168,182.063642,180.873961,14.525644,30.737829,3.442018,0.000911,0,0.000663,0,0.000497,0,0.002485,0.004224,0,0.196869,0.000166,0.000663,0,0,0.162912,0.629038
72246,80.708342,40.500615,Alces alces,56003281,Cervidae,LC,0,0,11.374871,15.192383,31.532001,1205.185126,33.321144,-14.836452,48.157596,49.996691,11.705952,0.436037,77.281993,29.298934,2.066481,29.298934,2.454684,1032.237335,1222.029186,96.449797,-0.963683,3.255874,2.753741,6749.764172,0.668347,14.765981,45.394283,51.170389,3.435328,302.868695,3.09554,151.988846,215.914787,7.634891,14.349178,2.514142,0,0,0,0,0,0,0,0,0,0.308425,0.006379,0.452986,0.003148,0,0,0.214978
72006,80.780708,43.651464,Alces alces,56003281,Cervidae,LC,0,0,8.528957,12.611216,28.279947,1168.344737,28.996192,-15.630365,44.626557,262.230078,36.036852,12.067248,33.570331,97.520981,40.371617,85.529478,41.880675,986.492303,1012.158176,71.978667,-0.69815,23.754758,-35.948273,6234.863641,27.087785,10.588466,61.638879,34.336785,4.024336,100.994101,5.741726,174.147486,188.21334,13.683494,27.823488,3.341706,0.001823,0,0,0,0.00174,0,0,0.00464,0.00348,0.687904,0.000414,0.295443,0.002983,0,0,0.001574
72726,80.789991,34.098222,Alces alces,56003281,Cervidae,LC,0,0,-7.261959,12.991047,32.871428,989.793767,13.4626,-26.030449,39.493049,43.332986,15.967222,0.02297,124.005544,36.12156,0.278946,36.089576,0.38316,5141.115672,569.725392,89.506182,-0.889416,5.445193,-116.185962,4135.209407,73.167905,8.996532,33.189738,66.220476,0.589786,97.515308,18.13498,291.97903,52.20632,18.602415,53.749305,4.593442,0,0,0,0,0,0,0,0,0,0.003893,0,0,0,0,0.033877,0.923134
72728,80.810488,35.928749,Alces alces,56003281,Cervidae,LC,0,0,-4.994428,12.959969,35.202129,890.038047,13.59921,-23.089646,36.688855,45.083637,14.381304,0,112.311208,36.600174,0.12363,35.597531,0.151771,4506.767492,648.129502,92.334135,-0.921808,3.865489,-120.289446,4461.91481,182.916384,7.480387,32.554345,65.399085,2.04657,127.938565,12.771126,262.138136,90.924673,13.308524,35.508742,3.901354,0,0,0,0,0,0,0,0,0,0.249689,0,0,0,0,0.04896,0.70135
72487,80.828184,38.215065,Alces alces,56003281,Cervidae,LC,0,0,12.415075,17.610453,33.443164,1269.291052,36.734993,-15.918862,52.653855,32.140513,7.642943,0,74.262253,19.800379,1.748362,19.588213,2.77695,1201.770995,1262.926883,97.942648,-0.98,2.011154,6.893643,6663.548294,1.855594,14.489726,4.327632,95.664893,0.007476,278.107842,4.201916,166.253426,201.735047,7.40763,14.530004,2.883265,0,0,0,0,0,0,0,0,0,0.000166,0,0,0,0,0.000497,0.999337
72725,80.869759,33.176829,Alces alces,56003281,Cervidae,LC,0,0,-3.158496,13.674693,34.719642,951.846243,17.287184,-22.072273,39.359457,45.878919,17.783187,0.009172,130.114395,38.315844,0.300418,38.296941,0.685957,4728.408695,690.883925,88.186666,-0.879223,7.488719,-75.263692,4353.293662,76.210078,9.03225,32.846997,66.670339,0.482664,63.561981,26.476833,286.801841,50.393484,27.724655,80.139124,5.704583,0,0,0,0,0,0,0.001325,0,0,0.030479,0,0,0,0,0.001077,0.965629
72567,80.953573,37.746458,Alces alces,56003281,Cervidae,LC,0,0,12.492841,17.665356,33.587285,1258.149228,36.7106,-15.884793,52.595393,33.618628,7.957364,0,74.527455,21.34551,2,19.59571,3,1256.364178,1265.258059,97.773575,-0.98,2.209405,8.525308,6607.679188,2.543267,14.121942,2.975541,97.024459,0,265.671228,4.448247,168.275289,199.499364,7.62579,15.069832,2.954311,0,0,0,0,0,0,0,0,0,0,0,0,0,0,0,1
72086,80.958138,43.18621,Alces alces,56003281,Cervidae,LC,0,0,1.044281,10.464917,29.269439,984.941031,19.031496,-17.364338,36.395834,379.367955,61.330073,10.026529,56.775883,172.702158,33.607505,163.002856,34.527674,2263.198849,753.691293,38.89603,-0.362671,39.74388,-107.442708,5113.296797,77.39862,9.403822,72.605823,15.545229,11.848948,107.138481,5.893768,177.134033,185.627471,13.797356,28.182299,3.33675,0.00497,0,0.000249,0.000249,0.002899,0,0,0.022117,0.014828,0.52775,0.000497,0.418655,0.00439,0.002734,0,0.000663
72723,80.972057,31.346812,Alces alces,56003281,Cervidae,LC,0,0,-7.829167,12.81591,33.084354,976.667878,12.747429,-26.015446,38.762874,288.35466,91.094438,2.306374,122.99446,204.354495,13.237411,180.570643,44.008618,5343.845948,540.12055,52.770087,-0.217624,48.812843,-81.41446,3199.853196,96.993494,8.583373,34.440325,63.4779,2.081775,61.777711,33.97249,233.206419,105.878434,37.997427,106.557997,7.028077,0,0,0,0,0,0,0,0,0,0.559725,0,0,0,0,0,0.439861
72407,81.008569,39.564714,Alces alces,56003281,Cervidae,LC,0,0,12.010714,17.520443,32.833205,1291.279324,36.663669,-16.694385,53.358054,34.652104,9.405751,0,89.402432,23.692153,0.033171,23.692152,0.044402,1088.914845,1256.351522,97.64301,-0.978669,2.213589,4.175305,6820.486091,2.194225,14.598752,4.794672,95.201993,0.003335,324.747572,2.422059,146.803795,222.927952,6.928,12.112758,2.540068,0,0,0,0,0,0,0,0,0,0.000994,0,0,0,0,0,0.999006
72007,81.069054,44.522856,Alces alces,56003281,Cervidae,LC,0,0,1.129562,10.204342,29.411534,928.014166,18.491278,-16.179122,34.6704,402.262512,59.555278,13.720782,45.934855,166.885818,46.544424,152.157663,48.261633,2091.524024,713.962612,43.218545,-0.346304,37.951146,-124.165466,5128.499153,82.20381,8.976037,66.188994,22.405893,11.405113,44.284259,5.778817,173.572569,187.646071,14.309456,29.112259,3.514529,0.000745,0,0.000248,0,0.000414,0,0,0.003479,0.02758,0.6567,0.008862,0.111562,0,0.001739,0,0.020623
72648,81.071392,37.277904,Alces alces,56003281,Cervidae,LC,0,0,12.456021,17.823526,34.678602,1212.178203,36.134315,-15.266317,51.400632,35.956325,7.993403,0,72.645412,22.546866,2.002378,19.523981,3.678633,1320.542587,1270.337943,97.620799,-0.977046,2.40407,11.609206,6554.478024,1.855657,12.943049,7.575588,92.271413,0.152999,235.662416,5.896899,186.470516,178.90097,8.604822,18.515824,3.086501,0,0,0,0,0,0,0.000166,0,0,0.068411,0,0.01292,0.000166,0,0,0.918337
72167,81.131003,42.720354,Alces alces,56003281,Cervidae,LC,0,0,-0.722288,10.153705,28.401813,996.40235,17.542261,-18.652684,36.194945,328.044905,57.34263,6.547861,67.690877,161.472193,22.435513,158.697237,22.996032,2604.563789,710.977101,42.334564,-0.406127,34.567034,-121.927731,4885.473605,117.380017,8.795757,61.424518,26.639666,11.935816,114.650547,5.870816,178.680943,184.503843,13.719826,27.952985,3.308249,0.011265,0,0.000745,0.001242,0.018554,0,0,0.035699,0.020873,0.523979,0.001574,0.280129,0.002319,0.004887,0.007041,0.091692
72488,81.149632,39.096239,Alces alces,56003281,Cervidae,LC,0,0,12.0968,17.728913,33.036329,1293.604506,36.900074,-16.759059,53.659133,31.242992,8.700675,0,90.176381,21.678083,0.006696,21.678083,0.125044,1124.413947,1266.816272,97.950384,-0.98,1.948645,4.633288,6820.567195,1.776559,14.684389,2.963117,97.036427,0.000456,313.062353,2.434492,147.149269,222.868124,7.157831,12.379391,2.635504,0,0,0,0,0,0,0,0,0,0,0,0,0,0,0,1
72805,81.174754,32.691494,Alces alces,56003281,Cervidae,LC,0,0,-6.351617,12.966107,33.357506,964.698211,14.142668,-24.709869,38.852537,78.686084,29.58583,0.920769,138.599475,63.963208,2.973205,62.507639,3.226497,5163.015179,590.55992,76.498163,-0.745739,14.097583,-90.471545,3884.364282,101.400053,8.501252,34.152662,65.136732,0.710605,65.440536,26.669392,281.854658,54.841357,28.372504,81.543554,5.810518,0,0,0,0,0,0,0.001078,0,0,0.04611,0,0,0,0,0.021397,0.931249
72729,81.181219,36.809555,Alces alces,56003281,Cervidae,LC,0,0,12.204099,16.8102,35.620742,1108.40155,34.187268,-12.980154,47.167422,37.711733,7.854371,0,66.788447,22.226681,2.003705,18.451397,4.020377,1504.216973,1255.081586,97.254995,-0.970196,2.782397,10.643442,6434.805224,5.549286,11.741056,18.857623,80.4876,0.654778,214.468282,7.721547,211.322064,151.703469,9.547473,22.25866,3.246602,0,0,0,0,0,0,0.006211,0,0.000166,0.266087,0,0.020538,0.000497,0,0.01383,0.692671
72889,81.241024,34.97071,Alces alces,56003281,Cervidae,LC,0,0,-8.765681,12.956091,32.948914,975.171667,11.770762,-27.391424,39.162186,44.468735,15.845642,0,123.402985,37.448126,0.130536,37.023201,0.158779,5217.295804,522.982924,89.901453,-0.894636,4.926301,-136.550686,4032.315083,41.924832,10.091798,34.543189,64.944772,0.512039,112.24224,14.581477,283.927057,65.885763,14.23684,39.579963,4.042041,0,0,0,0,0,0,0,0,0,0.004308,0,0,0,0,0.014747,0.892792
72087,81.249297,44.058011,Alces alces,56003281,Cervidae,LC,0,0,8.095546,12.636099,28.181204,1177.555379,28.338474,-16.521587,44.86006,271.644293,34.758061,13.488315,29.585901,95.931751,45.064662,81.98568,47.255859,945.463804,979.519355,73.155489,-0.6975,22.849402,-52.227742,6212.431443,36.990721,10.991142,67.573884,27.99797,4.428145,46.668488,5.841659,176.357187,185.167482,14.315482,29.053385,3.493604,0,0,0,0,0,0,0,0.000331,0.003727,0.592795,0,0.370932,0.030807,0.000331,0,0.001077
72809,81.282588,36.341583,Alces alces,56003281,Cervidae,LC,0,0,8.723852,15.90144,37.214204,1002.451172,28.573519,-14.213683,42.787202,33.916852,7.956472,0,78.167397,21.866364,1.107151,19.385054,1.958056,2340.803719,1101.150112,96.644782,-0.967921,3.048764,-20.314084,5903.516572,45.449657,9.248033,33.986628,64.624219,1.389153,197.974174,9.038072,228.197042,133.158031,10.183499,24.929623,3.355359,0,0,0,0,0,0,0.000498,0,0,0.428583,0,0.001162,0,0,0,0.569757
72890,81.374986,35.874183,Alces alces,56003281,Cervidae,LC,0,0,-8.083722,12.815968,34.36697,908.481006,11.19505,-25.931949,37.126999,50.922327,16.731535,0,120.470415,42.32029,0.154067,40.905702,0.171241,4966.368577,548.188146,89.894285,-0.89643,4.665213,-141.423322,4117.113095,137.886959,8.177142,28.532761,70.281305,1.185935,131.154517,12.631721,263.596236,89.557738,13.273428,35.363151,3.886468,0,0,0,0,0,0,0,0,0,0.061216,0,0,0,0,0.061713,0.875746
72649,81.412304,38.15868,Alces alces,56003281,Cervidae,LC,0,0,12.417651,17.825237,33.54992,1281.313152,37.021636,-16.108211,53.129847,30.934134,8.012999,0,78.384552,20.302678,1.068318,19.0377,2.068318,1214.858719,1279.811939,98.008714,-0.98,1.944113,6.619886,6770.657999,3.311678,14.530414,3.974922,96.02135,0.003727,289.359896,4.191429,167.625518,200.809379,7.276503,14.31106,2.878192,0,0,0,0,0,0,0,0,0,0,0,0,0,0,0,1
72887,81.418283,33.123619,Alces alces,56003281,Cervidae,LC,0,0,-3.302745,14.034265,35.26552,948.887352,17.419589,-22.360594,39.780183,52.236698,19.411704,0.181787,124.796931,41.361955,1.409889,41.356112,2.196819,4784.618396,674.619149,85.148411,-0.848089,9.668124,-76.390121,4217.538761,57.288795,9.610335,35.054258,64.718251,0.227492,68.585406,25.485093,287.070587,51.231971,26.984056,77.434131,5.672768,0,0,0,0,0,0,0.000746,0,0,0.033803,0,0,0,0,0.000746,0.963049
72971,81.457848,35.407579,Alces alces,56003281,Cervidae,LC,0,0,-13.542362,11.689671,31.096303,954.960715,6.467371,-30.940063,37.407435,64.054108,22.355312,0.000541,129.933976,52.772321,0.693411,51.459121,0.742563,5625.497536,428.335534,83.995151,-0.831034,6.271273,-165.911519,3582.750548,84.733354,8.859828,27.964144,71.067012,0.968844,119.934393,13.7553,277.40064,73.989181,13.805842,37.743637,3.968859,0,0,0,0,0,0,0,0,0,0.006048,0,0,0,0,0.323171,0.668876
72328,81.462637,41.786949,Alces alces,56003281,Cervidae,LC,0,0,7.486286,12.888285,29.763678,1098.808962,27.655215,-15.756897,43.412112,164.813154,32.599317,2.912962,77.575183,89.316945,9.57294,89.316945,9.677879,1689.484409,995.847532,82.237925,-0.822,13.431537,-50.720302,6012.205401,39.684565,10.314824,37.019611,60.399387,2.581002,187.365372,4.748515,172.161793,193.35689,11.525424,22.832823,3.02807,8.3e-05,0,0,0,0,0,0,0,0.000994,0.281998,0,0.105874,0.000746,0,0.021042,0.589264
72886,81.473171,32.20662,Alces alces,56003281,Cervidae,LC,0,0,-4.558596,13.331228,34.358175,938.814182,15.639218,-23.146449,38.785667,106.4639,37.910006,1.048313,135.040777,83.497547,5.250674,78.852871,8.395707,5015.25238,626.879881,68.01059,-0.656481,22.210205,-73.375731,3767.440358,75.454433,8.866909,37.543002,61.959805,0.497194,69.141855,28.208018,273.338661,62.189504,29.533485,84.375547,6.019178,0,0,0,0,0,0,0.024085,0,0,0.166694,0,0,0,0,0,0.80922
72730,81.533281,37.689807,Alces alces,56003281,Cervidae,LC,0,0,12.586354,17.853577,34.395109,1240.094475,36.688153,-15.225109,51.913261,33.064218,8,0,74.591484,21.196494,1.878229,19.04233,2.878229,1284.714494,1282.536898,97.787513,-0.98,2.189954,8.238499,6720.024772,16.599089,13.735806,5.098513,94.899312,0.002174,273.551598,5.148328,180.425312,186.926009,7.838755,16.259244,3.010329,0,0,0,0,0,0,0,0,0,0,0,0,0,0,0,1
72884,81.540767,30.38461,Alces alces,56003281,Cervidae,LC,0,0,-5.927747,11.712966,32.601085,906.995756,12.839622,-23.059381,35.899003,486.473621,131.646284,5.712703,101.338955,297.001739,21.705471,255.282786,108.640541,5085.654341,586.213553,46.585253,0.128347,92.340587,-52.934861,2834.993109,132.396792,8.465573,35.492529,62.263993,2.243479,60.330891,39.277609,179.600576,164.51207,45.620603,122.073434,7.755641,0,0,0,0,0,0,0,0,0,0.523277,0,0,0,0,0.020958,0.410537
72088,81.546033,44.927262,Alces alces,56003281,Cervidae,LC,0,0,5.421775,12.358758,27.385782,1215.38701,26.35987,-19.141644,45.501514,292.43049,42.392251,10.692083,41.237953,117.020459,37.378145,103.98998,37.411408,1258.94063,860.540982,66.46759,-0.614198,25.306135,-97.880889,5993.273383,36.304615,10.042962,57.020936,38.056038,4.923026,45.051691,5.366426,170.799701,190.745166,13.357891,26.707728,3.39972,0,0,0,0,0,0,0,0,0.017807,0.741179,0.00116,0.232566,0.004887,0,0,0.002402
72970,81.573586,34.479651,Alces alces,56003281,Cervidae,LC,0,0,-10.024879,12.79441,32.458963,980.128336,11.042375,-28.345397,39.387772,50.94352,17.682055,0.019966,121.657626,40.896652,0.627258,40.850221,0.807379,5374.706111,501.908225,87.19991,-0.863079,6.271727,-134.364008,3901.124461,58.818201,9.578396,32.07125,67.203856,0.724894,104.127281,17.029303,294.75653,51.478114,17.332271,49.699595,4.436654,0,0,0,0,0,0,0,0,0,0.050302,0,0,0,0,0.017154,0.912074
72249,81.596818,43.126549,Alces alces,56003281,Cervidae,LC,0,0,4.882978,11.279503,28.06169,1079.850898,23.643946,-16.695769,40.339716,283.627749,45.354247,8.190501,53.166864,125.714863,27.965888,119.738165,27.980719,1721.252109,866.995851,58.167162,-0.573573,29.600948,-87.337366,5645.747844,52.365809,9.631083,75.82397,16.975152,7.200878,111.940229,5.30754,175.980582,187.374932,13.082213,25.852367,3.221525,0.000911,0,0,0.000331,0.004887,0,0,0.013668,0.008781,0.400017,0,0.553844,0.005633,0.011846,0,8.3e-05
72409,81.621162,41.319469,Alces alces,56003281,Cervidae,LC,0,0,11.216368,15.630585,30.801415,1247.365687,34.01947,-16.662248,50.681718,97.966405,20.982652,1.912692,78.281122,56.01035,6.07994,56.01035,6.07994,1081.408627,1188.41543,93.298925,-0.933196,5.90824,-7.535205,6741.917874,17.099022,12.582979,16.914292,83.016462,0.069245,222.778175,4.233288,166.962709,199.299182,10.387937,20.331302,2.872634,0,0,0,0,0,0,0,0,0,0.002817,0,0,0,0,0.015327,0.981856
72969,81.658828,33.55615,Alces alces,56003281,Cervidae,LC,0,0,-7.225331,13.51352,33.906628,982.989251,13.705579,-26.142418,39.847997,51.858383,18.752524,0.030955,124.562211,41.596915,0.587112,41.596914,1.236006,5201.462447,563.749792,84.662373,-0.836906,8.587658,-106.983003,3990.244581,79.131074,8.969127,36.289955,62.903618,0.806427,70.301069,24.736328,292.901723,47.094462,25.758256,73.982203,5.529723,0,0,0,0,0,0,0,0,0,0.022859,0,0,0,0,0.002236,0.974325
72968,81.720998,32.637058,Alces alces,56003281,Cervidae,LC,0,0,-2.852943,13.566483,35.187934,927.779385,17.134081,-21.383142,38.517223,71.314112,26.437086,1,129.475454,55.712482,3.336721,54.57182,3.645174,4778.424912,681.819973,77.48686,-0.764359,15.867741,-66.589214,4030.00575,70.839752,9.176076,32.511563,67.122146,0.36629,74.082604,25.723994,278.910971,56.695923,27.414483,78.132771,5.804422,0,0,0,0,0,0,0.002402,0,0,0.066098,0,0,0,0,0,0.912532
72891,81.752679,36.752528,Alces alces,56003281,Cervidae,LC,0,0,11.828524,16.828554,35.899498,1095.630772,33.770338,-13.058287,46.828625,38.210969,8.051766,0,69.38625,23.087495,1.992011,18.843666,3.725361,1594.245561,1256.12475,97.211185,-0.970302,2.789647,7.823851,6488.036872,10.47596,11.656071,24.362543,75.089616,0.547841,223.233946,7.657411,212.516418,150.871921,9.414855,21.972432,3.235444,0,0,0,0,0,0,0.000332,0,0,0.151583,0,0.0484,0.001658,0,0,0.798028
72967,81.765716,31.722186,Alces alces,56003281,Cervidae,LC,0,0,-4.653376,13.405721,35.081354,909.912366,15.235722,-22.965749,38.201471,153.929726,49.224684,1.718388,122.2315,111.106391,8.599842,101.604513,20.726972,5086.951303,609.934777,55.134182,-0.489522,34.560651,-69.071977,3482.926732,67.32519,9.278357,34.600191,63.8791,1.520709,68.548129,30.729529,248.832193,88.915564,33.261733,93.47021,6.512764,0,0,0,0,0,0,0.035537,0,0,0.818754,0,0,0,0,0,0.145709
72490,81.774637,40.851526,Alces alces,56003281,Cervidae,LC,0,0,11.592781,16.459926,32.093682,1251.434757,34.749367,-16.513654,51.263021,72.462741,17.15472,1.007727,85.717903,44.939601,3.225254,44.939601,3.225754,992.498402,1243.897194,95.926382,-0.958843,3.732711,0.896168,6933.847771,0.755439,14.866426,28.676642,69.917597,1.405761,292.730994,3.216672,156.822624,211.625623,8.162703,15.172888,2.620534,0,0,0,0,0,0,8.3e-05,0,0,0.186827,0,0.114167,0.00058,0,0,0.698343
72966,81.797277,30.811257,Alces alces,56003281,Cervidae,LC,0,0,-5.608919,12.931746,34.405351,922.113403,14.027623,-23.586267,37.61389,321.42991,87.366146,3.283963,104.193689,200.478281,12.968819,174.250626,68.903159,5142.807745,586.201162,50.15429,-0.0902,68.826001,-60.016415,3020.928944,80.198165,9.091302,35.596854,62.045238,2.357908,62.413364,37.407268,190.228578,152.250501,43.025858,115.472173,7.463945,0,0,0,0,0,0,0,0,0,0.738569,0.000166,0,0,0,0,0.237657
72972,81.850249,36.284438,Alces alces,56003281,Cervidae,LC,0,0,1.463182,13.57845,35.547884,921.556776,19.717882,-18.328241,38.046123,39.293335,11.25809,0,100.000471,29.850204,0.074616,28.677875,0.265469,3487.558738,854.8028,94.232211,-0.94202,3.666738,-75.341466,5161.910205,148.256924,7.922877,33.950091,63.954233,2.095676,180.44158,9.739402,240.404687,118.646448,11.1918,27.944697,3.574905,0,0,0,0,0,0,0,0,0,0.401886,0,0.000165,0,0,0.003226,0.594722
72731,81.87237,38.568626,Alces alces,56003281,Cervidae,LC,0,0,12.163743,17.963431,33.478733,1298.473072,37.018584,-16.631128,53.649711,30.220629,8.905142,0,88.845552,21.299555,0.045727,20.521759,1.014186,1164.791332,1291.611214,98.134568,-0.98,1.794413,4.756664,6919.958617,1.953439,14.557856,7.106424,92.818423,0.075153,309.611854,3.907449,165.899526,203.067169,6.917686,13.469581,2.789949,0,0,0,0,0,0,0,0,0,0.027504,0,0,0,0,0,0.972496
72250,81.898559,43.996535,Alces alces,56003281,Cervidae,LC,0,0,5.347452,11.757655,28.335306,1106.495808,24.694841,-16.961429,41.656271,295.205695,44.109461,10.032868,45.040185,123.26017,33.530794,112.304205,34.493575,1456.868311,854.911013,63.236226,-0.603677,25.473775,-100.148289,5761.51199,65.945468,9.551428,69.956361,23.800654,6.242984,48.658489,5.624222,176.322153,185.502223,13.89978,27.869705,3.423992,0.000166,0,8.3e-05,0,0.000166,0,0,0.004554,0.004058,0.780308,8.3e-05,0.197913,0.011676,0,0,0.000994
72410,81.926519,42.192876,Alces alces,56003281,Cervidae,LC,0,0,-0.443915,10.50971,30.015412,916.341812,17.511799,-17.567345,35.079145,281.128045,56.644202,3.21683,85.290679,157.61595,11.475334,157.61595,12.322736,2848.830621,688.342509,54.145349,-0.526655,24.952063,-139.621236,4764.591494,141.016949,8.059764,38.835725,57.015841,4.148433,150.492714,4.582015,176.172454,189.236246,11.962588,22.759253,3.050533,0,0,0,0,0,0,8.3e-05,0,0.003977,0.593007,8.3e-05,8.3e-05,0,0,0.014334,0.388433
73052,81.939094,35.81696,Alces alces,56003281,Cervidae,LC,0,0,-7.041983,14.044991,35.795311,931.689342,12.990095,-26.174876,39.164971,48.166747,16.006288,0,119.691576,40.206396,0.041509,39.991911,0.046361,4898.530639,559.690796,90.090153,-0.898256,4.907057,-135.836462,4173.894062,134.141791,8.165789,27.6965,71.233488,1.070011,131.641643,12.684566,267.977983,85.161626,13.288355,35.498,3.88041,0,0,0,0,0,0,0,0,0,0.000829,0,0,0,0,0.012593,0.985087
73049,81.966443,33.067871,Alces alces,56003281,Cervidae,LC,0,0,-2.541094,14.241909,35.924781,941.23423,18.055366,-21.583777,39.639143,54.173012,19.59453,0.581068,119.352989,41.376344,2.467535,41.3527,2.88897,4705.572111,691.802401,82.747222,-0.823534,11.899197,-69.977186,4162.929948,47.84986,9.901855,33.169532,66.609262,0.221207,75.673263,24.895518,283.511853,53.105057,26.335002,75.100139,5.675182,0,0,0,0,0,0,0,0,0,0.000663,0,0,0,0,0.00058,0.993782
72811,81.995825,38.099494,Alces alces,56003281,Cervidae,LC,0,0,12.492072,18.236742,34.213627,1284.131533,37.328355,-15.976075,53.304429,31.031092,8.671793,0,81.038222,20.807376,0.97698,19.352657,1.97698,1209.060425,1300.887084,98.031011,-0.98,1.922394,6.780249,6903.592779,10.226138,13.763997,4.183979,95.806536,0.009485,291.72947,4.736537,176.928228,191.174002,7.479852,15.225363,2.940544,0,0,0,0,0,0,0,0,0,0.000746,0,0,0,0,0,0.999254
73048,82.017219,32.150975,Alces alces,56003281,Cervidae,LC,0,0,-2.024458,14.119727,36.352572,903.833764,18.069445,-20.759096,38.828541,101.815722,34.638317,1.381913,120.491346,73.994819,6.967845,69.760332,10.730456,4715.152052,699.250289,68.527103,-0.664473,25.053321,-54.040564,3841.560775,46.178141,9.962896,36.260812,63.422024,0.317164,76.223924,25.759354,275.650171,59.786255,27.593629,78.192731,5.868843,0,0,0,0,0,0,0.031558,0,0,0.093183,0,0,0,0,0,0.861343
73133,82.018675,35.35031,Alces alces,56003281,Cervidae,LC,0,0,-11.888141,12.608328,32.834724,950.310778,8.578115,-29.751967,38.330082,62.205271,20.95791,0,124.871594,50.164841,0.334046,49.465514,0.345129,5484.873233,453.407052,85.137712,-0.844162,6.354316,-156.120146,3693.659408,67.66161,9.239337,28.134049,70.491132,1.374819,118.662903,14.357441,292.842099,57.647937,13.832811,38.692463,3.961681,0,0,0,0,0,0,0,0,0,0.001326,0,0,0,0,0.131018,0.867656
72651,82.065756,39.914458,Alces alces,56003281,Cervidae,LC,0,0,11.923392,17.631445,32.643677,1308.878331,36.613353,-17.398087,54.01144,48.239833,13.032819,0.032957,91.762333,32.522514,1.247528,32.522515,2.035389,1040.662605,1278.852294,97.689442,-0.978613,2.160936,2.746418,7018.447547,1.2201,14.624732,1.981208,98.018792,0,393.186476,1.919318,145.768699,225.51485,5.417125,8.950612,2.238985,0,0,0,0,0,0,0,0,0,0,0,0,0,0,0,1
72330,82.068575,43.530336,Alces alces,56003281,Cervidae,LC,0,0,7.902814,12.212769,27.823061,1159.936881,27.685301,-16.266002,43.951303,240.450348,37.990031,8.147955,47.394754,103.030879,27.447407,95.797245,27.511679,1145.934114,953.557917,73.788713,-0.730101,19.329751,-77.732688,6178.150401,47.293215,10.110035,61.856539,31.719768,6.423693,107.611872,5.084255,173.599887,189.617235,12.723859,24.88398,3.184544,0.001491,0,0,0,0.000331,0,0,0.00265,0.005052,0.616614,8.3e-05,0.353652,0.019877,0.000248,0,0
72491,82.084435,41.725285,Alces alces,56003281,Cervidae,LC,0,0,9.829766,13.82868,29.219009,1195.331941,30.86601,-16.425866,47.291875,143.597012,30.100991,2.727148,80.890955,81.685016,8.602452,81.685016,8.603689,1310.958972,1112.688308,89.796135,-0.898162,8.535661,-28.66805,6511.87399,35.445174,11.017925,30.94255,67.793932,1.263518,192.751543,4.299594,171.201874,194.856865,11.009677,21.100114,2.954593,0,0,0,0,0,0,0,0,0,0.165797,8.3e-05,0.140621,0.002816,0,0,0.68911
73132,82.128685,34.422458,Alces alces,56003281,Cervidae,LC,0,0,-8.673241,13.438423,33.635575,981.981527,12.252109,-27.616918,39.869027,50.741029,17.210352,0.053972,120.016472,40.550231,0.290015,40.490032,0.363384,5276.76296,521.049006,86.403151,-0.855374,6.93657,-127.005701,3934.107123,47.247731,9.883753,32.541485,66.417141,1.041374,111.201966,14.819517,296.158527,51.752098,14.613282,41.12824,4.074795,0,0,0,0,0,0,0,0,0,0.03124,0,0,0,0,0.04889,0.856894
72732,82.20301,39.445457,Alces alces,56003281,Cervidae,LC,0,0,12.048896,18.052243,33.11707,1320.319666,37.330015,-17.176933,54.506948,38.022091,11.481527,0,97.258162,27.402628,0.232332,27.402628,0.340805,1078.02105,1289.091538,98.0944,-0.98,1.797148,2.436176,7033.591317,1.652078,14.472012,2.923464,97.076536,0,357.725693,2.10716,147.438239,223.540572,6.016731,9.974403,2.396615,0,0,0,0,0,0,0,0,0,0,0,0,0,0,0,1
72251,82.206152,44.863943,Alces alces,56003281,Cervidae,LC,0,0,8.13804,12.254303,23.511561,1419.49039,30.590812,-21.547361,52.138173,192.624762,29.783897,6.066695,47.834014,82.334828,20.6446,71.767303,20.6446,525.659498,1001.762483,82.434492,-0.814189,13.382431,-80.675266,6831.549312,13.857871,11.768981,55.543032,41.808082,2.648886,42.565931,5.284817,169.176587,192.105533,12.942955,25.593433,3.317111,0,0,0,0,0,0,0,0,0,0.530021,0,0.375238,0.010435,0,0,0.084306
73131,82.209024,33.499073,Alces alces,56003281,Cervidae,LC,0,0,-7.63049,13.770235,34.401778,983.428721,13.400477,-26.616637,40.017114,57.518625,19.861474,0.109164,120.470957,44.678806,1.39853,44.678806,2.270896,5273.11302,545.360664,81.729602,-0.804161,10.25393,-108.731513,3863.077465,68.62964,9.166804,35.101932,63.691554,1.206514,93.434139,22.920896,281.004334,61.152292,24.44401,69.40989,5.415082,0,0,0,0,0,0,0,0,0,0.014983,0,0,0,0,0.004884,0.980132
72973,82.221842,37.161443,Alces alces,56003281,Cervidae,LC,0,0,12.07754,18.589561,36.363051,1188.449813,36.11904,-15.011445,51.130485,34.953074,8.703347,0,76.161965,22.938484,1.991045,18.643808,3.000823,1417.65615,1291.932825,97.469403,-0.97247,2.521244,8.708302,6739.344231,4.726885,12.639022,5.250973,94.749027,0,284.077379,4.983311,179.562851,188.502966,7.636054,15.66504,3.036414,0,0,0,0,0,0,0,0,0,0,0,0,0,0,0,1
72571,82.237564,41.257238,Alces alces,56003281,Cervidae,LC,0,0,11.528186,16.30001,31.726701,1250.300709,34.388803,-16.948446,51.337249,102.697064,23.227304,1.645122,85.824828,62.282148,5.577698,62.282148,5.577698,981.209161,1242.257296,95.133699,-0.951777,4.443861,-0.517967,6985.618268,0.798983,14.641643,27.391621,71.53334,1.075039,252.604992,3.638333,163.951087,203.690975,9.269941,17.402695,2.754262,0,0,0,0,0,0,0,0,0,0.122058,0,0.227378,0.000331,0,0,0.650232
73129,82.307641,31.665347,Alces alces,56003281,Cervidae,LC,0,0,-4.429424,13.412035,35.088926,912.46941,15.402141,-22.811031,38.213172,137.062236,41.484007,1.815617,109.968865,92.106352,8.821272,84.706936,21.389034,5062.417232,617.31825,54.471801,-0.49246,35.779361,-65.342498,3432.543808,65.223148,9.44786,35.770117,63.137111,1.092772,74.704953,28.593679,257.506187,79.779621,30.525663,84.078413,6.042767,0,0,0,0,0,0,0.02692,0,0,0.564317,0,0,0,0,0,0.393937
73053,82.323663,36.692796,Alces alces,56003281,Cervidae,LC,0,0,8.329801,15.714876,35.498916,1047.310607,28.965942,-15.289003,44.254944,35.811048,9.365315,0,86.736707,24.987778,0.654564,22.026764,1.357186,2248.523088,1119.71969,96.451757,-0.964475,3.070312,-23.100111,6101.353702,50.316083,9.156082,22.122492,77.335729,0.54178,249.497918,6.698483,202.32427,163.173762,8.680038,19.502312,3.168472,0,0,0,0,0,0,0,0,0,0.045556,0,0,0,0,0,0.954444
72812,82.334428,38.97624,Alces alces,56003281,Cervidae,LC,0,0,12.159976,18.459429,33.746291,1323.876421,37.728307,-16.972276,54.700583,32.649445,10.244772,0,94.897598,23.424109,0.002841,23.419201,0.401915,1118.437771,1298.492386,98.214527,-0.98,1.697369,2.676506,7041.148936,2.619288,14.306475,3.382027,96.616668,0.001304,327.641047,3.054799,157.609714,212.217521,6.769386,12.31468,2.610307,0,0,0,0,0,0,0,0,0,0,0,0,0,0,0,1
73128,82.335548,30.75452,Alces alces,56003281,Cervidae,LC,0,0,-6.960082,13.549301,34.878461,961.621562,13.293947,-25.518108,38.812055,252.349705,64.822144,2.171778,97.460988,150.071099,9.145328,130.582042,59.644143,5331.375776,549.479173,51.069527,-0.11502,63.253276,-68.295414,2918.514832,77.46723,9.12993,34.673033,63.64033,1.686636,62.94812,39.387798,203.216915,138.871191,41.505312,112.48845,7.167521,0,0,0,0,0,0,0,0,0,0.585758,8.3e-05,0,0,0,8.3e-05,0.384399
72492,82.395759,42.596371,Alces alces,56003281,Cervidae,LC,0,0,-4.051501,9.761278,30.255254,863.736268,12.913285,-19.319184,32.232469,335.787836,67.006397,3.727675,85.167919,186.401203,13.229306,186.401203,14.123661,3227.403303,564.447333,39.695017,-0.373002,30.323888,-184.237637,4226.05383,212.31059,7.260076,40.794222,51.691696,7.514083,109.087483,3.975268,183.364823,182.322803,12.432104,21.580281,3.045203,0.000497,0,0,0,0,0,0,0.000828,0.000414,0.667716,0.003562,0.005799,0,0,0.021456,0.299727
73134,82.417468,36.224614,Alces alces,56003281,Cervidae,LC,0,0,-7.039712,12.94763,34.59411,903.241228,12.235221,-24.978538,37.21376,55.633209,18.39547,0,119.237721,45.48592,0.111303,43.981196,0.11478,4796.973352,563.230123,89.096373,-0.888793,5.271168,-138.267346,4186.721993,152.734721,8.06754,22.936801,75.77112,1.292079,180.432316,9.816443,243.546031,115.38974,11.234789,28.131481,3.575835,0,0,0,0,0,0,0,0,0,0.001988,0,0,0,0,0.033135,0.964712
73215,82.502787,35.757082,Alces alces,56003281,Cervidae,LC,0,0,-10.370143,13.048713,33.841961,940.348551,10.049652,-28.378215,38.427867,61.504052,21.041123,0.00269,124.83474,50.27365,0.218218,49.181182,0.219563,5266.459726,482.663265,85.724736,-0.851825,6.260631,-152.205209,3820.883635,71.920029,9.338909,28.391787,70.674709,0.933505,136.208584,12.975312,278.43179,73.269465,13.296672,35.976401,3.907363,0,0,0,0,0,0,0,0,0,0.001077,0,0,0,0,0.087212,0.911711
72252,82.521162,45.728839,Alces alces,56003281,Cervidae,LC,0,0,4.664333,11.71047,28.465738,1121.607685,24.683045,-16.772999,41.456044,283.892497,42.646415,8.728266,49.823769,123.993877,30.387831,111.802439,31.05954,1336.574685,810.325065,65.085455,-0.587696,24.626041,-119.240698,5930.389782,64.005645,9.532271,53.701203,38.648166,7.650631,52.459816,4.613535,167.36811,194.690945,11.806922,23.017359,3.188085,0.000746,0,0,0,0.000331,0,0,0.017147,0.053264,0.852717,0.00058,0.027253,0,0.00174,0,0.046223
72733,82.528867,40.319959,Alces alces,56003281,Cervidae,LC,0,0,12.013415,17.26507,32.174621,1313.23884,36.197275,-17.462269,53.659543,63.291352,16.664382,0.944558,92.818408,42.054295,2.944558,42.054295,2.944558,993.222515,1284.571546,97.478943,-0.974307,2.355295,2.481046,7101.814139,1.573271,14.534085,2.068087,97.931913,0,399.9811,1.901486,146.205921,225.468248,5.405031,8.904084,2.239869,0,0,0,0,0,0,0,0,0,0,0,0,0,0,0,1
72572,82.552748,42.128657,Alces alces,56003281,Cervidae,LC,0,0,6.961265,12.857659,29.474954,1104.110641,27.126807,-16.57532,43.702128,201.11699,41.862624,2.818393,86.677846,116.526675,9.593994,116.526675,9.593994,1792.133136,938.689438,81.395996,-0.813433,13.418752,-81.022289,5903.416076,44.649175,10.185541,31.350605,67.616385,1.03301,149.628322,3.938136,175.404441,190.870032,11.216022,20.119633,2.958821,0,0,0,0,0,0,0,0,8.3e-05,0.291998,0,0.004556,0,0,0,0.703363
72974,82.57872,38.037514,Alces alces,56003281,Cervidae,LC,0,0,12.174873,18.575327,34.769172,1279.176452,37.203358,-16.227573,53.430931,28.941327,9,0,85.098515,20.17603,0.718996,18.688513,1.951481,1237.535018,1309.818228,98.193347,-0.98,1.748161,4.046076,7007.875788,10.448079,13.291624,2.997246,97.002754,0,296.553789,4.703187,181.182434,187.315002,7.323607,15.075989,2.916591,0,0,0,0,0,0,0,0,0,0,0,0,0,0,0,1
73295,82.579106,35.290409,Alces alces,56003281,Cervidae,LC,0,0,-8.329103,13.923954,34.985149,957.174825,12.378947,-27.355379,39.734326,51.990812,17.701293,0,122.134835,42.609705,0.0582,42.503186,0.061448,5128.706997,522.711851,87.712306,-0.87213,6.113009,-135.807727,3991.058582,23.132066,11.142888,31.469613,67.71995,0.810436,114.492197,14.816608,305.578532,44.693207,13.988277,39.40827,4.001032,0,0,0,0,0,0,0,0,0,0.006709,0,0,0,0,0.01259,0.968939
72332,82.694925,45.263252,Alces alces,56003281,Cervidae,LC,0,0,6.938305,11.90025,25.675393,1281.920527,28.441162,-18.560606,47.001768,224.639258,34.74731,7.025006,50.398673,99.082984,23.516519,89.367465,23.525349,900.854237,905.966025,75.87184,-0.733501,16.908978,-108.504628,6455.778754,34.702874,10.573996,40.960986,56.259545,2.779468,47.592273,5.12412,169.597843,192.144126,12.405423,24.604818,3.23282,0,0,0,0,0,0,0,0,0.005137,0.525186,0.000331,0,0.002071,0,0,0.4029
72653,82.705193,41.660499,Alces alces,56003281,Cervidae,LC,0,0,10.628233,13.76558,29.498707,1187.238624,31.242885,-15.397792,46.640677,143.755091,31.974412,2.109281,88.494614,87.150845,6.970508,87.150845,6.970508,1145.404112,1189.00114,93.335537,-0.933112,5.800073,-15.102548,6838.972777,23.797498,11.796753,40.27901,57.416885,2.304105,193.145602,3.791477,168.615877,198.297649,10.110201,18.588325,2.854764,0,0,0,0,0,0,0,0,0,0.088523,0,0.438225,0.013498,0,0,0.459092
72493,82.710673,43.464785,Alces alces,56003281,Cervidae,LC,0,0,8.279344,12.382244,27.410841,1209.103447,28.36481,-16.828868,45.193677,211.066263,35.276575,5.893631,56.512951,96.472008,19.554338,92.165196,19.554338,1083.77315,955.493102,80.352215,-0.800025,14.289308,-93.35148,6307.853401,40.831726,10.204664,67.077028,27.372258,5.550714,118.553245,4.407515,173.025517,191.951815,11.371169,21.385438,3.057586,0,0,0,0,0,0,0,0.000497,0.003894,0.505343,0.000331,0.472372,0.00787,0.006379,0,0.002982
72894,82.799061,39.38147,Alces alces,56003281,Cervidae,LC,0,0,12.170512,18.429235,33.635615,1336.266187,37.851547,-16.939331,54.790877,37.379163,12.065494,0,101.061922,27.765383,0.005103,27.765383,0.079136,1074.816669,1299.837746,98.204743,-0.98,1.691363,0.535707,7122.20506,5.97048,13.530587,3.464089,96.535911,0,359.958619,2.064106,147.426075,224.148858,6.020608,9.86387,2.441364,0,0,0,0,0,0,0,0,0,0,0,0,0,0,0,1
73289,82.888215,29.788249,Alces alces,56003281,Cervidae,LC,0,0,-5.825657,12.674207,35.239511,883.835075,12.696035,-23.262131,35.958166,367.933107,76.39463,1.28478,76.508517,177.100715,16.769322,147.638652,109.710252,5130.242762,586.420315,46.83651,0.012052,85.846176,-44.120932,2636.225525,124.779868,8.589042,33.968994,64.347139,1.683867,55.549417,47.237272,195.826977,147.341952,43.680298,119.49047,7.507781,0,0,0,0,0,0,0,0,0,0.534782,0,0,0,0,0.053147,0.412072
73216,82.894144,36.630362,Alces alces,56003281,Cervidae,LC,0,0,4.757163,14.756007,35.413412,991.444752,24.44293,-17.195022,41.637952,39.503108,11.945997,0,99.08025,29.436002,0.005566,28.088478,0.331799,2891.561951,976.605189,95.127596,-0.951391,3.615576,-53.43848,5660.410168,102.834744,8.369077,27.144425,71.605554,1.250021,241.961416,7.128234,214.195973,150.816762,8.887448,20.605261,3.160958,0,0,0,0,0,0,0,0,0,0.059964,0,0,0,0,0,0.940036
72814,82.995934,40.723008,Alces alces,56003281,Cervidae,LC,0,0,11.802566,16.707689,31.9423,1283.366792,35.165814,-17.090224,52.256039,79.330627,20.712425,1,97.356838,53.413091,3.019527,53.413091,3.03255,962.376732,1280.866361,97.069173,-0.970003,2.725753,0.206658,7146.585822,0.823573,14.848885,13.44308,85.839272,0.717648,321.024229,2.527835,155.896775,214.894819,7.047671,12.117914,2.54148,0,0,0,0,0,0,0,0,0,0.149028,0,0.017377,0,0,0.004468,0.829127
73375,83.000193,33.869676,Alces alces,56003281,Cervidae,LC,0,0,-6.622465,14.238009,35.020983,983.919122,14.480046,-26.167213,40.647259,54.453674,17.562649,0.055443,113.513952,41.431796,0.721032,41.431796,1.648272,5123.175007,565.305172,83.137714,-0.82289,9.717448,-106.490143,3936.865778,34.90995,10.487687,36.854578,62.289283,0.856138,108.046655,17.910406,295.209402,49.424755,17.01687,47.637449,4.461341,0,0,0,0,0,0,0,0,0,0.122721,0,0,0,0,0,0.861783
72333,83.0198,46.125923,Alces alces,56003281,Cervidae,LC,0,0,5.131347,11.778299,26.892137,1225.785141,26.055598,-18.066585,44.122184,262.901627,39.410626,8.050618,47.907614,112.791305,28.202304,100.860454,28.97893,1051.080116,865.584687,71.499336,-0.655391,21.944562,-101.103995,6250.802143,42.038353,10.316385,66.30795,28.751237,4.940812,52.081192,4.868771,170.448587,192.036428,11.944224,24.268281,3.227964,0,0,0,0,0,0,0,0.000414,0.011596,0.813385,0,0.165576,0.008366,0.000663,0,0
72654,83.02642,42.529556,Alces alces,56003281,Cervidae,LC,0,0,-4.217704,10.050088,29.717285,902.876732,13.311525,-20.527467,33.838992,327.396541,68.097589,2.885283,90.011958,188.15213,10.224439,188.15213,10.881698,3235.059572,547.338819,42.739156,-0.401422,27.471576,-199.224665,4114.825398,170.113954,7.612142,36.879776,55.548798,7.571426,140.159546,3.920239,175.778345,190.40962,11.21373,20.028345,2.968209,0,0,0,0,0,0,0,0,0.011594,0.566294,0.004306,0,0,0,0.026087,0.391718
73055,83.046452,38.442335,Alces alces,56003281,Cervidae,LC,0,0,11.956673,18.569742,33.993487,1321.894463,37.49231,-17.135934,54.628244,26.757028,9.416915,0,93.427443,19.537408,0.001038,19.211037,1.742928,1186.034839,1313.325812,98.470005,-0.981645,1.455685,0.366746,7133.544109,7.98759,13.193953,2.909938,97.090062,0,313.110454,3.816121,175.323401,194.095301,6.950872,13.632062,2.781426,0,0,0,0,0,0,0,0,0,0,0,0,0,0,0,1
73374,83.061598,32.94877,Alces alces,56003281,Cervidae,LC,0,0,-1.79375,15.403416,37.839104,932.20556,19.327872,-21.3709,40.698772,60.363488,19.409652,1.003615,106.690289,42.560871,3.056531,42.550564,3.254818,4669.211127,697.60599,79.083816,-0.785246,15.315671,-64.201999,4023.116272,26.077256,10.841565,35.33325,64.430664,0.236085,84.02378,22.245251,286.752905,50.925758,23.259806,65.304053,5.294174,0,0,0,0,0,0,0.13055,0,0,0.12616,0,0,0,0,0,0.74329
73377,83.066039,35.694552,Alces alces,56003281,Cervidae,LC,0,0,-9.072474,14.086572,35.129907,962.021785,11.923005,-28.130554,40.053559,62.549137,21.249171,0,122.987814,50.555456,0.002692,50.475947,0.002692,5178.317919,496.904642,86.11785,-0.855669,6.59172,-145.448483,3877.512391,32.345819,10.594137,30.507472,68.885193,0.607334,136.183422,11.876728,280.359719,74.093018,12.906726,33.9523,3.857548,0,0,0,0,0,0,0,0,0,0,0,0,0,0,8.3e-05,0.97995
72895,83.133932,40.253768,Alces alces,56003281,Cervidae,LC,0,0,12.063969,17.054282,31.774695,1328.279822,36.110177,-17.561537,53.671714,61.367672,17.192436,0.918853,96.782613,42.321251,2.899826,42.321251,2.977931,977.467284,1291.848379,97.786797,-0.979914,2.070814,-0.139344,7165.616166,3.966046,14.113417,2.17818,97.82182,0,363.857959,2.107622,148.992379,222.448296,6.074536,10.048762,2.414068,0,0,0,0,0,0,0,0,0,0,0,0,0,0,0,1
73371,83.149704,30.210904,Alces alces,56003281,Cervidae,LC,0,0,-2.406443,14.313411,37.685719,891.668208,16.747257,-21.25329,38.000547,277.589507,48.870997,1.337317,65.617948,117.066258,17.605085,97.535597,85.502993,4767.692447,675.282669,51.6279,-0.239145,70.888829,-27.541486,2980.537118,43.031512,10.650716,38.652225,60.057945,1.28983,59.888507,42.892914,197.886236,143.6431,42.494115,115.884313,7.329258,0,0,0,0,0,0,0,0,0,0.861663,0,0,0,0,0,0.138337
73457,83.237719,34.300299,Alces alces,56003281,Cervidae,LC,0,0,-7.801307,14.142566,34.77625,983.234549,13.393599,-27.258667,40.652267,58.525189,18.515268,0.023021,114.703957,44.64125,0.130128,44.64125,1.019274,5224.923047,528.793251,83.428304,-0.825433,8.859695,-119.947552,3873.696703,41.9393,10.207882,33.240724,65.128987,1.630289,112.873797,14.380407,301.119635,45.812492,15.140091,41.685148,4.15734,0,0,0,0,0,0,0,0,0,0.03354,0,0,0,0,0.000331,0.950476
72976,83.266785,39.784274,Alces alces,56003281,Cervidae,LC,0,0,12.200895,18.07332,33.125795,1341.799528,37.583439,-16.974436,54.557875,46.0021,14.391262,0,101.046233,33.457355,0.864391,33.457355,1.714834,1022.527524,1297.612797,98.1642,-0.98,1.720462,-0.83535,7168.816607,9.498405,13.047901,3.04239,96.95761,0,361.59535,2.063222,148.256261,223.372017,6.035303,9.8841,2.446914,0,0,0,0,0,0,0,0,0,0,0,0,0,0,0,1
73456,83.308243,33.377258,Alces alces,56003281,Cervidae,LC,0,0,-6.753101,14.300633,35.176014,981.255779,14.420837,-26.227664,40.648501,63.30477,19.847447,0.971297,109.419652,45.782219,2.971297,45.782219,3,5178.508637,565.67099,78.728126,-0.774208,12.753984,-99.338201,3789.162589,59.821934,9.326106,37.890198,61.320539,0.789262,86.144507,20.468887,304.413715,34.012267,19.21164,54.278494,4.748809,0,0,0,0,0,0,0.000166,0,0,0.139192,0,0,0,0,0.000166,0.860477
72655,83.3515,43.395933,Alces alces,56003281,Cervidae,LC,0,0,4.354578,11.495853,29.095696,1055.39129,22.730748,-16.958193,39.68894,234.987025,41.766257,4.282281,68.914866,116.853648,14.298561,114.565515,14.485161,1589.612212,816.099726,72.571176,-0.716405,17.06809,-144.561224,5671.913569,91.164964,8.854269,69.044348,16.250807,14.704845,122.877355,4.189543,172.290215,193.028827,10.897293,20.231919,2.999926,0.000828,0,0,8.3e-05,0.025754,0,0,0.048774,0.073451,0.219195,0,0.561361,0.009606,0.060616,0,0.000331
72334,83.354407,46.986146,Alces alces,56003281,Cervidae,LC,0,0,1.737254,11.985927,29.547496,1118.014412,21.649633,-19.089487,40.73912,352.409492,50.663253,11.780202,44.41419,144.430793,40.139773,128.475979,41.512752,1482.689665,743.265385,58.482082,-0.467044,29.964887,-118.805598,5619.458582,61.313261,9.405844,74.091284,21.580886,4.32783,47.058832,5.357117,173.948659,188.627442,12.793057,27.38535,3.434114,0,0,0,0.000331,8.3e-05,0.000166,8.3e-05,0.003314,8.3e-05,0.750684,0,0.225205,0.020051,0,0,0
73455,83.357376,32.458649,Alces alces,56003281,Cervidae,LC,0,0,-1.972129,14.696481,37.781898,898.027835,18.228649,-20.641163,38.869812,74.074242,21.672551,1.012882,94.924356,47.468975,5.671947,46.427976,7.243376,4744.177107,688.42369,73.627298,-0.722949,20.375025,-58.597264,3825.195377,63.871541,9.695212,36.638394,62.770464,0.591142,83.782417,23.133371,283.458076,54.437407,23.838527,66.77845,5.355665,0,0,0,0,0,0,0.193987,0,0,0.300257,0,0,0,0,0,0.495237
73297,83.370132,37.03406,Alces alces,56003281,Cervidae,LC,0,0,10.245951,17.451826,36.477727,1110.10287,32.928258,-14.89209,47.820348,32.462912,10.011571,0,86.64418,22.381535,0.294353,20.459273,1.240084,1798.56268,1219.547932,97.024228,-0.970136,2.770727,-10.207038,6590.239986,14.586439,10.632957,10.440565,89.558876,0.000559,233.194033,6.947591,216.450162,148.139541,9.369952,21.15955,3.267953,0,0,0,0,0,0,0,0,0,0.000497,0,0,0,0,0,0.999503
73453,83.410816,30.633729,Alces alces,56003281,Cervidae,LC,0,0,-7.640777,14.011975,36.257932,935.095446,12.705958,-25.939447,38.645405,180.874401,34.815614,1.560298,69.946492,82.22536,8.842221,70.503676,55.300094,5419.401318,541.535166,51.634995,-0.293572,49.012944,-68.167012,2876.362297,93.268828,8.707059,34.81794,63.708888,1.473172,65.725197,37.698012,216.99499,122.598479,39.551532,108.37401,6.952884,0,0,0,0,0,0,0,0,0,0.549805,0,0,0,0,0.010681,0.431399
73452,83.422177,29.726795,Alces alces,56003281,Cervidae,LC,0,0,-2.140429,12.900219,38.335021,788.382737,15.007449,-18.694634,33.702084,329.82376,52.725619,0.938901,61.011109,129.569403,22.648873,104.644226,106.92089,4827.482882,660.250942,52.842903,-0.240001,70.692834,-24.846786,2786.400908,58.03943,10.345296,36.878969,61.156195,1.964836,61.698505,40.512445,187.226712,154.217429,44.028946,118.808884,7.380967,0,0,0,0,0,0,0,0,0,0.837571,0.000331,0,0,0,0,0.158453
73378,83.464099,36.565229,Alces alces,56003281,Cervidae,LC,0,0,-0.898066,13.88993,35.730617,926.51212,18.140583,-20.654526,38.79511,53.199567,17.407812,0,112.141521,41.460767,0.001598,41.271056,0.002129,3827.798044,760.450921,91.803463,-0.916838,4.863061,-97.181885,4912.463915,117.338835,8.290171,31.832533,66.565363,1.602104,210.69533,8.169593,233.121155,129.32191,10.087138,23.868266,3.36837,0,0,0,0,0,0,0,0,0,0.191715,0,0,0,0,0,0.808285
73538,83.470783,34.731314,Alces alces,56003281,Cervidae,LC,0,0,-7.706888,14.545121,35.416389,984.991655,13.655006,-27.405359,41.060365,58.572856,19.051277,0,117.421915,45.555129,0.022591,45.555129,0.417689,5148.992132,530.030793,84.71171,-0.840123,8.044343,-124.322876,3926.722624,26.847377,10.774915,35.761748,63.959683,0.278569,120.234515,13.777386,292.633149,55.99779,14.172264,38.795864,4.02618,0,0,0,0,0,0,0,0,0,0.002567,0,0,0,0,0,0.99735
72736,83.50575,42.927948,Alces alces,56003281,Cervidae,LC,0,0,-4.666356,12.116568,29.220494,1107.95553,15.106106,-26.38107,41.487176,315.653155,65.032321,3.113967,89.092864,180.46192,10.610463,180.46192,10.7307,2954.585968,535.835881,43.754384,-0.415017,27.578864,-220.97111,4077.876894,72.543255,9.283697,63.706605,32.308142,3.985254,129.693418,4.02911,173.85607,192.042235,10.781574,19.671609,2.976715,0.000911,0,0.000331,0,0.006545,0,0,0.003977,0.002983,0.900911,0,0,0,0,0.009859,0.074482
73137,83.516259,38.84479,Alces alces,56003281,Cervidae,LC,0,0,11.98147,18.233259,33.184166,1350.110089,37.698056,-17.247603,54.945659,28.981619,10.564671,0,99.879314,22.045253,0,22.045253,1.250428,1137.230983,1308.427995,98.531546,-0.987736,1.38168,-2.396301,7186.210521,12.278995,12.515167,3.17444,96.82525,0.000311,320.917065,2.135199,157.152028,214.783339,6.573631,10.855891,2.633298,0,0,0,0,0,0,0,0,0,0,0,0,0.000166,0,0,0.999834
72415,83.526139,46.520471,Alces alces,56003281,Cervidae,LC,0,0,6.870305,11.563918,24.538612,1339.613459,28.304649,-18.826855,47.131504,220.043031,32.007599,7.581023,42.609797,90.251056,26.696001,78.923074,27.982323,548.667136,961.158934,79.982992,-0.749472,17.494022,-79.66876,6814.825393,5.396845,12.307977,65.003214,32.776667,2.220119,49.410897,5.256344,172.691643,189.813802,12.512226,26.502028,3.371376,0,0,0,0,0,0,0,0,0,0.465563,0,0.498841,0.034106,0,0,0.001325
73459,83.550474,36.096942,Alces alces,56003281,Cervidae,LC,0,0,-9.389394,14.670954,35.540414,989.450442,12.168319,-29.080362,41.248681,73.661554,24.957731,0,124.641812,59.268815,0.001877,59.268815,0.001877,5147.846676,486.802964,84.707305,-0.842295,7.057673,-150.944614,3828.393566,24.991271,10.790148,28.803848,70.970878,0.225274,146.370523,10.674125,267.529712,88.558003,12.497501,31.733493,3.782552,0,0,0,0,0,0,0,0,0,0,0,0,0,0,8.3e-05,0.999917
73539,83.628826,35.629373,Alces alces,56003281,Cervidae,LC,0,0,-7.09741,15.578567,36.774221,993.53009,14.459166,-27.897094,42.356261,60.965363,20.503766,0,119.461355,48.581173,0.003239,48.581173,0.005128,4943.951369,542.454088,86.840332,-0.863481,6.804831,-131.875251,4058.563585,14.190478,11.777214,26.525739,73.362701,0.11156,133.982328,11.67557,280.621409,73.458207,12.992611,33.862879,3.856562,0,0,0,0,0,0,0,0,0,0,0,0,0,0,8.3e-05,0.996603
73218,83.632425,38.374958,Alces alces,56003281,Cervidae,LC,0,0,11.708147,18.696434,34.131634,1324.24658,37.2375,-17.539887,54.777387,25.325083,9.49161,0,94.576824,18.676666,0,18.641259,2,1194.495146,1316.581118,98.518485,-0.984935,1.398367,-2.136642,7203.772913,9.427984,13.264164,2.912325,97.087675,0,299.872005,4.003235,180.278397,189.140996,7.3205,14.478057,2.842515,0,0,0,0,0,0,0,0,0,0,0,0,0,0,0,1
73534,83.671306,31.056744,Alces alces,56003281,Cervidae,LC,0,0,-6.277449,13.028468,35.588592,895.27547,12.875968,-23.700013,36.575981,136.445218,27.242329,1.939418,65.348365,62.634553,10.105659,55.66591,37.839985,5326.866611,566.257761,52.983376,-0.448116,37.705615,-67.773671,3081.387382,90.809459,8.724228,35.022522,63.635846,1.341632,70.723852,33.921689,223.27434,115.817045,37.430724,102.337992,6.70605,0,0,0,0,0,0,0.00497,0,0,0.636514,8.3e-05,0,0,0,0.021537,0.272366
72656,83.682262,44.259641,Alces alces,56003281,Cervidae,LC,0,0,0.947246,10.400735,26.445873,1110.42566,20.226243,-20.078465,40.304708,299.382701,52.885633,5.145941,66.938055,146.958891,17.728214,144.055206,18.045469,2102.293225,684.648777,52.445744,-0.462716,25.153954,-181.281441,5096.783229,136.02479,8.111055,38.756565,55.947337,5.296098,63.503856,4.675747,172.140221,191.047937,11.49994,22.246245,3.096498,0,0,0,0,0,0,0,0.000166,0.019793,0.552133,0.001077,0.007453,0,0,0.038758,0.380621
72496,83.694388,46.054334,Alces alces,56003281,Cervidae,LC,0,0,5.400852,11.464589,25.931994,1260.71204,26.550113,-17.75633,44.306443,243.46095,39.678886,6.493007,53.189392,108.126805,22.69783,99.515267,22.739321,1045.114635,871.62462,73.914299,-0.71279,18.471923,-112.161785,6361.167468,30.929887,10.669053,58.526644,37.910718,3.562639,59.018623,4.429881,170.27799,192.740548,10.960251,21.556401,3.064819,0,0,0,0,0,0,0,8.3e-05,0.006629,0.921037,0,0.064628,0.007374,0,0,0.000249
73620,83.698682,35.162721,Alces alces,56003281,Cervidae,LC,0,0,-7.690777,14.668794,35.505789,987.384678,13.686386,-27.607176,41.293562,59.960631,20.246594,0,120.550074,47.609566,0.020081,47.609566,0.192235,5061.700397,532.68209,85.257891,-0.847221,7.645074,-127.86764,3974.094976,21.000963,11.116753,32.471273,67.30437,0.224356,125.772624,12.351176,289.568923,62.973435,13.353762,35.380953,3.912197,0,0,0,0,0,0,0,0,0,0.000994,0,0,0,0,0,0.997183
73298,83.742534,37.905189,Alces alces,56003281,Cervidae,LC,0,0,11.434472,19.014516,35.464679,1271.529585,36.658574,-16.959211,53.617785,23.635136,9.001045,0,92.934498,17.488124,0,17.149442,2,1272.113347,1318.604689,98.396096,-0.98,1.522486,-1.434519,7175.66931,2.568382,12.908738,4.987492,94.983288,0.029221,281.195204,4.267669,184.932053,184.340618,7.740613,15.401398,2.92328,0,0,0,0,0,0,0,0,0,0.01367,0,0,0,0,0,0.98633
73619,83.79161,34.235338,Alces alces,56003281,Cervidae,LC,0,0,-6.482754,14.504952,35.343946,987.351727,14.728082,-26.296158,41.024239,58.750842,18.503585,0.074076,114.26183,44.55681,0.366758,44.55681,1.250176,5077.290842,560.059151,82.796259,-0.820835,9.685574,-110.393749,3933.116388,34.52998,10.458039,35.357718,63.603096,1.039186,113.843632,13.993687,299.367799,47.578938,15.083958,41.071657,4.139594,0,0,0,0,0,0,0,0,0,0.10672,0,0,0,0,0,0.869749
72897,83.801838,41.990758,Alces alces,56003281,Cervidae,LC,0,0,8.273072,13.053655,29.714989,1123.817356,28.363216,-15.663377,44.026593,163.88869,37.432237,1.61003,95.562223,102.198402,5.733082,102.198402,5.742178,1589.49775,961.572641,86.879155,-0.867817,9.220803,-90.391718,6046.938859,41.44292,10.046536,28.023152,70.723172,1.253676,196.751662,3.393848,167.922131,199.86697,9.197207,16.260582,2.786342,0,0,0,0,0,0,0,0,0.000828,0.17212,8.3e-05,0.014495,0.000828,0,0,0.811646
73617,83.902,32.394154,Alces alces,56003281,Cervidae,LC,0,0,-1.103495,15.343958,39.098738,888.031169,19.19666,-20.0391,39.23576,77.316545,19.879241,1.312697,80.168942,44.452937,6.802218,42.982085,8.95833,4652.213264,710.723834,74.113421,-0.734027,20.474393,-51.691939,3835.713858,36.16034,10.720814,38.07136,61.805865,0.122775,88.948754,21.639689,292.314863,45.916022,20.651672,57.95621,4.972075,0,0,0,0,0,0,0.287063,0,0,0.100298,0,0,0.000414,0,8.3e-05,0.608663
73616,83.930902,31.479971,Alces alces,56003281,Cervidae,LC,0,0,-1.495988,13.719477,38.072642,837.205285,16.942195,-19.08388,36.026074,116.159431,22.475994,1.998877,59.017044,50.560579,13.41673,45.569939,26.539965,4764.590945,695.688545,64.759432,-0.622822,30.592764,-42.082446,3501.168364,63.779091,9.58723,36.625386,62.642734,0.73188,77.974115,28.205931,272.26207,65.238358,26.572142,75.059246,5.687831,0,0,0,0,0,0,0.032627,0,0,0.386386,0.000248,0,0,0,0.0053,0.518963
73460,83.943404,36.966283,Alces alces,56003281,Cervidae,LC,0,0,6.231777,15.83295,36.08381,1030.240387,26.82479,-17.064749,43.889539,40.193359,13.460306,0,103.419955,29.913499,0,29.782091,0.194942,2603.606634,1024.821704,95.597758,-0.955844,3.437851,-47.936716,5919.101544,48.968817,8.95271,28.881425,70.448809,0.669766,213.577777,7.275155,225.167286,138.996629,9.946583,22.538748,3.327722,0,0,0,0,0,0,0,0,0,0.142833,0,0,0,0,0,0.857167
73615,83.947793,30.569676,Alces alces,56003281,Cervidae,LC,0,0,-8.668231,14.081722,36.569568,926.610038,11.640356,-26.834703,38.475059,158.819748,26.017276,1.420068,60.134094,62.844147,8.102481,52.285101,54.476234,5571.898749,514.752367,52.482951,-0.378499,40.567056,-73.970585,2831.593852,92.312182,8.812063,33.668265,64.800133,1.531602,67.191447,35.652431,219.564238,118.124048,38.369582,105.10408,6.774357,0,0,0,0,0,0,0,0,0,0.493327,0,0,0,0,0.003399,0.484788
73219,83.9887,39.244823,Alces alces,56003281,Cervidae,LC,0,0,11.908195,17.775337,32.587883,1354.57005,37.12387,-17.419967,54.543837,33.031628,12.005559,0,104.717427,25.736557,0.039417,25.736557,1.038742,1081.296118,1299.06084,98.468482,-0.981058,1.432617,-5.085484,7191.078689,13.249897,12.062124,3.289965,96.710035,0,326.039881,2.11582,157.462398,214.514284,6.515313,10.758701,2.637057,0,0,0,0,0,0,0,0,0,0,0,0,0,0,0,1
72817,83.991023,43.323797,Alces alces,56003281,Cervidae,LC,0,0,-0.489314,10.676397,29.702496,973.91279,17.130813,-18.789244,35.920057,289.121594,54.913674,3.463892,79.491199,153.505963,11.629523,152.637409,11.913756,2348.384243,629.985927,55.142289,-0.529314,23.262703,-201.941005,4641.428943,115.128292,8.162053,67.126028,20.429385,12.444587,126.476545,3.996427,171.848764,193.858088,10.422848,19.127334,2.947558,0.000248,0,0.00058,0.000166,0.023772,0,0,0.02634,0.039096,0.554626,0,0.288329,0.001242,0.013667,0.006047,0.045888
72657,84.020362,45.120707,Alces alces,56003281,Cervidae,LC,0,0,8.26117,11.15999,20.147093,1584.763763,32.314479,-23.286036,55.600515,151.801202,23.740997,4.437342,51.610449,68.141895,15.389233,63.052209,15.391103,467.191182,1029.251247,86.95378,-0.857786,9.885213,-110.520707,7330.699429,11.961656,12.364705,51.712466,46.86983,1.417704,64.487374,4.166949,167.28247,195.757126,10.321936,19.640238,2.947067,0,0,0,0,0,0,0,0,0,0.838691,0,0.106214,0.001657,0,0,0.053438
73540,84.033501,36.497402,Alces alces,56003281,Cervidae,LC,0,0,-6.321444,13.896347,35.577899,930.252222,13.624889,-25.37098,38.995868,73.019871,24.547162,0,121.64754,58.17975,0.004526,58.139554,0.011182,4664.134805,570.169521,87.082702,-0.868028,6.561448,-134.623157,4197.792407,110.890497,8.716825,28.549121,70.342926,1.107953,198.821106,8.366385,239.052574,122.914577,10.463193,24.760634,3.406651,0,0,0,0,0,0,0,0,0,0.016562,0,0,0,0,0,0.983438
78760,84.040416,46.912431,Alces alces,56003281,Cervidae,LC,0,0,3.738389,11.900443,28.253995,1169.648277,24.106409,-18.210925,42.317334,313.548692,46.9317,9.692896,46.458816,130.101889,34.030056,116.506137,34.845467,1230.921084,791.671505,66.210606,-0.594872,23.937853,-115.619647,5923.342206,39.899042,9.940859,71.029543,25.207277,3.76318,49.954142,5.270467,174.082722,188.669394,12.425424,26.436844,3.36562,0,0,0,0,0,0,0,0.000414,0,0.70005,0.000166,0.283632,0.015408,0.000166,0,0.000166
73058,84.080678,41.052161,Alces alces,56003281,Cervidae,LC,0,0,11.556724,15.926435,31.307367,1268.824416,34.297066,-16.542135,50.839201,77.802339,20.730275,1,98.14705,52.683955,3.018198,52.683955,3.073145,936.251669,1229.188962,96.592134,-0.966316,3.085537,-17.12805,7025.259464,0.697882,14.978138,23.673489,75.186981,1.13953,281.997299,2.668786,159.518371,211.107196,7.604357,12.94453,2.696457,0,0,0,0,0,0,0,0,0,0.3221,0,0.033618,0,0,0.077503,0.56678
73299,84.106,38.774789,Alces alces,56003281,Cervidae,LC,0,0,11.694204,18.162198,33.268911,1340.560308,36.969137,-17.621388,54.590525,28.377731,10.699456,0,100.874679,21.71475,0,21.71475,1.532632,1139.335666,1305.322281,98.548212,-0.989268,1.361462,-5.206198,7202.759574,12.604553,12.560886,3.32806,96.67194,0,308.03768,3.011977,169.995941,200.754428,6.919086,12.549855,2.74843,0,0,0,0,0,0,0,0,0,0,0,0,0,0,0,1
73699,84.155088,32.819545,Alces alces,56003281,Cervidae,LC,0,0,-2.588119,15.420866,37.689906,948.020012,18.397481,-22.506007,40.903488,69.698331,19.083029,1,90.661871,43.989971,4.071771,43.170409,5.112109,4774.979118,672.003531,76.716477,-0.763455,16.668142,-66.054404,3863.060927,34.449967,10.551283,39.517769,60.354309,0.127922,91.344207,20.441806,295.022632,44.665121,19.953719,55.73297,4.864375,0,0,0,0,0,0,0.105054,0,0,0.255758,0,0,0,0,0,0.633306
73380,84.217653,38.304769,Alces alces,56003281,Cervidae,LC,0,0,11.439031,18.463199,34.019931,1310.186805,36.593047,-17.679252,54.272298,25.694447,10.068127,0,98.710273,19.555259,0,19.555259,2,1203.957778,1308.936184,98.457024,-0.981163,1.454265,-4.736444,7188.745654,7.717145,13.371951,3.281933,96.718067,0,283.032569,4.146117,185.239469,184.341269,7.756538,15.363001,2.910504,0,0,0,0,0,0,0,0,0,0,0,0,0,0,0,1
73782,84.25778,35.094939,Alces alces,56003281,Cervidae,LC,0,0,-7.013751,14.874126,35.725759,992.023342,14.486325,-27.129032,41.615357,65.478267,21.708697,0,119.567466,51.095691,0.033928,51.095691,0.498657,4985.651489,547.739805,84.355663,-0.838794,8.344604,-121.978849,3995.249284,17.080949,11.695447,33.501058,66.10027,0.398673,114.78021,12.96407,303.145808,47.69442,13.909415,36.962841,3.94897,0,0,0,0,0,0,0,0,0,0.001077,0,0,0,0,0,0.99884
72979,84.284151,42.386357,Alces alces,56003281,Cervidae,LC,0,0,-2.219949,10.9094,30.151645,963.906939,15.680599,-20.65513,36.335729,275.2635,61.104958,1.711408,97.845385,167.888371,5.883528,167.888371,6.072987,2932.681884,580.511835,56.841159,-0.55865,21.734333,-196.768103,4260.577684,143.553191,7.885412,49.501998,42.458757,8.039245,157.897695,3.437369,172.895589,194.708388,9.34594,16.256068,2.829659,0,0,0,0,0,0,0,0,0.008781,0.666832,0.000994,0.015905,0,0,0.00439,0.303098
73461,84.323405,37.834856,Alces alces,56003281,Cervidae,LC,0,0,11.330158,18.862232,36.009467,1237.146261,36.019788,-16.356171,52.375959,25.992764,9.931472,0,95.778714,19.250413,0,19.250413,1.870181,1306.701417,1301.173529,98.205317,-0.98,1.701719,-4.26293,7098.651645,4.89286,12.602956,8.5488,91.321378,0.129823,238.786508,5.000451,201.331363,166.692737,9.067026,18.367522,3.154588,0,0,0,0,0,0,8.3e-05,0,0,0.065844,0,0,0,0,0,0.934073
72818,84.332095,44.185353,Alces alces,56003281,Cervidae,LC,0,0,2.547853,10.416516,25.597808,1174.765672,22.04129,-20.164892,42.206182,257.614893,46.066738,4.337048,66.160325,127.837562,14.983986,124.473235,15.164938,1783.996608,758.04405,61.933751,-0.581873,20.962384,-165.13826,5516.673888,115.969044,8.315133,46.4173,46.020874,7.561826,67.351731,4.455793,171.297341,192.15961,10.971156,21.000895,3.021783,0.002071,0,0,0,0.000166,0,0,0.000166,0.010272,0.686796,0.012343,0.140739,0.002899,0,0.004887,0.139662
73781,84.345055,34.167793,Alces alces,56003281,Cervidae,LC,0,0,-7.419247,14.39737,35.109838,988.918753,13.919283,-27.069555,40.988838,71.706195,21.700718,0.422313,111.120535,51.898089,1.8552,51.89754,2.106252,5197.352969,532.456872,80.181147,-0.792434,10.803835,-114.290542,3797.349876,41.507796,10.016053,35.744061,63.098304,1.157635,113.312791,13.777617,299.933048,47.074794,15.005663,40.546285,4.116584,0,0,0,0,0,0,0,0,0,0.043244,0,0,0,0,0.000249,0.939276
72658,84.367342,45.979162,Alces alces,56003281,Cervidae,LC,0,0,4.912782,10.986859,25.128701,1242.740892,25.842691,-17.93574,43.778431,224.416223,38.561237,5.474634,56.25348,100.174243,19.475275,96.160844,19.730712,1184.682464,854.479984,75.442168,-0.737372,16.608778,-124.955146,6314.574501,23.154587,10.724771,39.230653,58.899874,1.869473,62.272493,4.290367,169.630701,193.49161,10.543539,20.556912,2.99723,0,0,0,0,0,0,0,0,0,0.503935,0,0.000166,0.000166,0,0,0.495734
73780,84.405772,33.24525,Alces alces,56003281,Cervidae,LC,0,0,-4.006641,15.098462,36.637771,969.681221,17.135642,-24.055863,41.191505,68.8162,19.626394,1,99.511286,46.319453,3.02254,45.757839,3.208271,4897.344811,630.83527,78.323866,-0.778793,14.200371,-80.512244,3865.282474,38.301822,10.247783,41.965912,57.601452,0.432636,90.555255,19.523226,303.241529,37.459439,18.742371,52.177713,4.651678,0,0,0,0,0,0,0.00058,0,0,0.420207,0,0,0,0,0,0.561077
73059,84.424639,41.917107,Alces alces,56003281,Cervidae,LC,0,0,10.673059,13.606444,29.113723,1205.81044,31.669296,-15.026899,46.696195,115.836883,26.724619,1.148953,90.548358,71.46159,4.898763,71.46159,4.930539,1135.559672,1072.856118,92.241347,-0.922292,6.234773,-58.373895,6502.626568,21.449288,11.052694,33.1606,64.999855,1.839545,179.635842,3.32569,169.643501,198.280781,8.990042,15.678186,2.8048,0,0,0,0,0,0,0,0,0,0.175832,0,0.140798,0.002485,0,0.000248,0.680636
73778,84.471109,31.413232,Alces alces,56003281,Cervidae,LC,0,0,-0.906126,14.881117,40.435055,809.439203,18.126205,-18.684677,36.810882,118.015353,19.596965,2.114518,49.909838,45.569676,14.94605,39.991156,28.066316,4738.15241,706.80231,68.176964,-0.669244,27.291298,-38.52328,3514.259403,53.05051,9.677813,37.649343,61.597457,0.7532,79.340051,27.412889,267.473158,70.827451,26.830072,75.700184,5.567633,0,0,0,0,0,0,0.153986,0,0,0.562407,0,0,0,0,0.009034,0.274407
73777,84.484319,30.503188,Alces alces,56003281,Cervidae,LC,0,0,-5.678633,14.128985,38.485114,853.942479,13.506565,-23.221653,36.728219,156.512808,22.146312,1.576909,52.840389,60.538955,11.661616,37.730269,56.937477,5307.218815,582.475224,57.106319,-0.525634,33.912481,-56.617342,2978.741084,80.00514,9.0047,37.08173,61.817818,1.100452,66.705982,38.166249,214.413573,121.818352,39.687452,109.504269,6.95697,0,0,0,0,0,0,0.010844,0,0,0.725248,0,0,0,0,0.004305,0.257119
73776,84.488759,29.596686,Alces alces,56003281,Cervidae,LC,0,0,-2.298802,13.60232,41.988734,698.167564,14.467688,-17.981814,32.449502,259.977377,38.574242,0.827488,55.442026,107.882997,22.607923,47.576069,99.144402,4950.618365,655.504911,56.513962,-0.519487,41.378319,-26.809627,2806.664309,82.683521,9.020574,35.133075,63.79325,1.073675,62.867007,40.345937,201.438829,134.631761,43.028097,118.435982,7.251085,0,0,0,0,0,0,0,0,0,0.6872,0,0,0,0,0.004305,0.308495
72739,84.525758,45.511897,Alces alces,56003281,Cervidae,LC,0,0,7.594019,10.656703,21.96941,1417.892915,29.598145,-19.295749,48.893894,160.69687,28.879329,3.833109,60.949869,76.808585,13.903807,74.137088,14.153041,781.823343,971.268248,84.07644,-0.830663,11.417309,-124.431716,7090.029525,14.972342,11.547311,37.948367,60.418904,1.632728,66.413421,4.071443,166.725443,196.388917,9.973997,18.981979,2.900993,0,0,0,0,0,0,0,0,0,0.37911,0,0,0.0082,0,0,0.612689
73862,84.653591,33.671286,Alces alces,56003281,Cervidae,LC,0,0,-4.362725,14.95477,36.067526,982.555633,16.735878,-24.716884,41.452762,69.437772,19.989402,0.997524,103.529667,47.960354,2.997524,47.602455,2.997524,4908.152379,613.531701,79.966485,-0.795624,12.52283,-89.2343,3915.444162,38.089436,10.42825,36.72743,62.591692,0.680879,96.222261,15.595448,304.334913,38.453179,16.605526,45.309306,4.326103,0,0,0,0,0,0,0,0,0,0.306845,0.000166,0,0,0,0,0.67766
73783,84.681407,35.958593,Alces alces,56003281,Cervidae,LC,0,0,-8.45289,14.858151,35.651805,993.65653,13.202641,-28.46776,41.670401,85.393299,28.66229,0,123.678348,66.973388,0.002419,66.973388,0.009943,5056.239606,501.372726,82.98892,-0.823931,8.255491,-141.513052,3859.688386,25.483405,10.835072,30.371265,69.404896,0.22384,145.227397,10.963785,278.179752,76.80601,12.840776,32.723081,3.814492,0,0,0,0,0,0,0,0,0,0,0,0,0,0,0,1
73860,84.731228,31.835317,Alces alces,56003281,Cervidae,LC,0,0,-2.926189,14.611412,38.194807,885.817832,16.717127,-21.539636,38.256762,101.833042,20.178894,2.062645,57.827329,47.855658,12.788026,43.610951,17.811848,4941.731576,655.608851,70.351468,-0.694777,22.330584,-56.128193,3538.363507,67.144182,9.256145,39.557163,59.887166,0.555671,89.975402,22.098778,289.992414,49.2237,20.738669,58.069801,4.963924,0,0,0,0,0,0,0.135663,0,0,0.525095,0,0,0,0,0,0.33891
78840,84.732135,46.830177,Alces alces,56003281,Cervidae,LC,0,0,0.306241,10.870804,28.373328,1061.084944,19.516322,-18.811349,38.327671,355.333823,54.833535,9.505704,49.740578,147.31369,33.792254,136.351438,34.052235,1794.919332,689.555623,60.111878,-0.552255,25.182626,-125.542171,5254.09548,64.302194,8.966501,70.707579,23.782357,5.510064,53.338399,5.09772,177.848889,185.615238,11.803184,24.893521,3.255311,0,0,0,0,0,0.000166,0,0.005053,0.017231,0.925358,0,0.05012,0,8.3e-05,0,0.001988
73864,84.752905,35.491082,Alces alces,56003281,Cervidae,LC,0,0,-6.854027,15.155751,35.880652,1002.554145,14.819052,-27.411071,42.230123,75.256815,25.217731,0.001895,122.204417,59.091445,0.046507,59.091445,0.136631,4935.339371,541.141573,83.824608,-0.833937,8.435366,-126.47433,3993.259679,19.270665,11.365058,29.279869,70.114836,0.605295,115.055029,12.699891,301.628686,49.596003,13.750709,36.195419,3.907504,0,0,0,0,0,0,0,0,0,0,0,0,0,0,0.001657,0.968605
73858,84.75469,30.015424,Alces alces,56003281,Cervidae,LC,0,0,-7.293216,13.978281,38.668339,840.134165,11.720815,-24.397863,36.118678,178.610501,27.245988,0.390792,60.096987,77.288291,9.839812,31.329038,75.317526,5491.846126,545.313272,56.679613,-0.499806,34.073126,-59.772803,2781.137181,85.239217,8.88616,35.422944,63.159086,1.41797,58.692263,38.290741,232.055658,92.32588,35.038767,98.493825,6.382011,0,0,0,0,0,0,0,0,0,0.664013,0.000249,0,0,0,0.020154,0.275525
73060,84.772117,42.779366,Alces alces,56003281,Cervidae,LC,0,0,-5.062407,11.781112,28.534392,1116.709914,14.305164,-27.164955,41.47012,300.407848,64.478543,2.301928,93.220742,177.029729,7.456814,177.029729,7.456814,3037.644159,535.075683,48.952565,-0.477643,25.19564,-204.465487,4035.36471,102.018759,8.798906,63.10933,29.649364,7.241306,140.50343,3.389703,175.795087,191.927372,9.306784,15.934506,2.823379,0,0,0,0,0,0,0,8.3e-05,0,0.862029,0,0.029731,0,0,0.000663,0.107495
73945,84.816385,35.024538,Alces alces,56003281,Cervidae,LC,0,0,-7.314328,14.799674,35.387404,997.439905,14.367741,-27.444712,41.812453,77.157726,24.916819,0.009247,118.328954,58.508966,0.306708,58.508966,1.019235,5026.446521,537.120929,82.600823,-0.820948,9.210577,-121.825082,3921.482725,14.605195,11.924763,34.961321,64.753474,0.285205,97.079329,14.442974,323.745583,23.906583,13.583941,37.216115,3.852046,0,0,0,0,0,0,0,0,0,0.003563,0,0,0,0,0,0.996437
73944,84.898033,34.097668,Alces alces,56003281,Cervidae,LC,0,0,-5.959565,15.121778,35.716552,1006.696637,15.662526,-26.671839,42.334365,76.115606,22.489726,0.639921,108.253281,53.67055,2.485971,53.592175,2.487065,5038.188883,566.71581,80.100454,-0.795269,11.482896,-104.016948,3868.539808,22.807056,11.101514,37.327687,62.273118,0.399195,112.55653,13.490856,296.973283,50.718767,15.211236,39.982418,4.105199,0,0,0,0,0,0,0,0,0,0.043241,0,0,0,0,0,0.950298
73141,84.911159,42.310004,Alces alces,56003281,Cervidae,LC,0,0,-0.221728,10.949949,31.394264,909.088204,17.033146,-17.997437,35.030583,239.351682,55.462568,1.211245,101.690255,150.73704,4.159499,150.73704,4.310888,2749.861597,643.496099,64.275194,-0.638149,19.323983,-162.84829,4537.566056,146.500298,7.818884,41.298716,50.585069,8.116215,136.871481,3.290461,178.620486,189.616433,9.263639,15.544124,2.820148,0,0,8.3e-05,0,0,0,0,0.000331,0.001326,0.652167,0.00116,0.002486,0,0,8.3e-05,0.342365
73382,84.943429,40.037423,Alces alces,56003281,Cervidae,LC,0,0,12.060476,17.281823,32.114254,1343.138025,36.63744,-17.175445,53.812885,41.563727,13.749567,0,101.266847,30.68444,0.829075,30.68444,1.849785,961.790429,1270.611474,98.101676,-0.98,1.761907,-9.181823,7118.545128,22.113766,12.056444,2.975565,97.024435,0,400.591321,1.381751,142.300867,231.529446,5.019366,7.23123,2.753236,0,0,0,0,0,0,0,0,0,0,0,0,0,0,0,1
73942,84.989903,32.257637,Alces alces,56003281,Cervidae,LC,0,0,-1.832714,15.044658,38.70522,891.761475,18.088562,-20.776944,38.865506,95.0884,20.505127,1.925894,67.252927,49.094312,8.831717,44.707614,11.801972,4767.103406,687.067166,73.765924,-0.734252,19.758103,-54.073738,3729.227925,35.29509,10.462681,39.210282,60.290507,0.499212,103.393334,17.253616,291.766207,52.467224,18.744095,51.147235,4.703793,0,0,0,0,0,0,0.109095,0,0,0.492296,0,0,0,0,0,0.35835
73941,85.010857,31.344021,Alces alces,56003281,Cervidae,LC,0,0,-3.46971,14.213513,38.670911,848.014938,15.479853,-21.276289,36.756142,121.828937,19.793439,2.695554,48.590189,48.095833,15.913257,41.322452,28.080829,5062.044534,637.428266,67.838708,-0.669222,24.070776,-54.052646,3369.590478,72.230654,9.111382,37.042907,61.755363,1.201729,83.223804,26.48417,269.552005,69.973265,26.313875,73.580713,5.530636,0,0,0,0,0,0,0.058108,0,0,0.775681,8.3e-05,0,0,0,0.003725,0.119609
73940,85.020383,30.434264,Alces alces,56003281,Cervidae,LC,0,0,-4.945674,14.122626,39.424097,819.102919,13.760526,-22.091026,35.851552,154.715533,22.430341,1.765377,51.897623,61.004463,12.845706,31.209662,56.28847,5295.401916,595.089192,61.965176,-0.595042,28.62445,-53.248339,3033.192998,87.451149,8.866446,35.146379,63.746188,1.107432,65.849037,36.554257,228.534895,103.169572,35.091367,98.034955,6.437626,0,0,0,0,0,0,0.046714,0,0,0.725837,0,0,0,0,0.00339,0.22406
73939,85.021362,29.528033,Alces alces,56003281,Cervidae,LC,0,0,-2.001499,13.24244,41.951215,684.041299,14.47243,-17.136428,31.608857,244.222004,38.579816,1.061318,58.626506,105.844249,19.008347,33.582616,96.809547,4984.11094,662.172084,60.746983,-0.591225,34.132827,-25.942824,2859.60806,106.302664,8.411292,34.197788,64.009257,1.792955,63.390761,38.781888,213.030378,120.334876,39.168275,108.915415,6.831922,0,0,0,0,0,0,0.001823,0,0,0.892203,0,0,0,0,0.001077,0.104897
72820,85.038615,45.900428,Alces alces,56003281,Cervidae,LC,0,0,7.953132,10.729991,21.606526,1451.759217,30.623,-19.242439,49.865438,148.311255,27.515291,3.65409,57.963706,68.560156,13.053753,67.369965,14.480958,639.771852,993.230606,86.532053,-0.856085,9.940754,-111.499354,7201.356688,15.396825,11.862827,22.264383,76.444956,1.290662,69.966965,4.074537,170.801046,192.762418,9.69268,18.772838,2.867655,0,0,0,0,0,0,0,0,0,0.024105,0,0.003148,0.003893,0,0.007787,0.961067
73222,85.046239,41.840339,Alces alces,56003281,Cervidae,LC,0,0,11.209712,14.924517,28.968693,1305.696009,33.746115,-17.721451,51.467566,88.120509,20.908578,0.999761,88.090726,54.174661,4.303884,54.174661,4.449864,962.447419,1119.017443,93.915358,-0.939687,5.199366,-38.398541,6620.492376,10.793317,12.144287,25.633638,73.021221,1.345141,190.33487,2.683906,165.408809,203.080359,7.781784,12.715439,2.660104,0,0,0,0,0,0,0,0,0,0.126294,0,0.003975,0.000331,0,0.00058,0.86882
73463,85.061628,39.56707,Alces alces,56003281,Cervidae,LC,0,0,11.730002,17.494406,32.291913,1342.494565,36.359088,-17.816647,54.175735,34.771293,12.523935,0,105.647214,27.11562,0.053518,27.11562,1.044674,1013.298971,1283.561339,98.390805,-0.98,1.499833,-8.373955,7164.294179,8.429639,12.789006,3.187835,96.812165,0,323.968437,2.089643,157.860483,214.712336,6.442011,10.59094,2.761764,0,0,0,0,0,0,0,0,0,0,0,0,0,0,0,1
73784,85.08808,36.822581,Alces alces,56003281,Cervidae,LC,0,0,-8.069003,13.471683,34.20149,948.586754,12.039674,-27.09102,39.130694,102.100111,33.866718,0.039018,124.253455,79.754546,0.434537,78.506143,0.457605,4807.027894,522.294273,82.5621,-0.821809,8.083962,-144.605627,3967.019875,98.912465,8.78856,23.028103,75.940046,1.031851,200.64317,6.667204,231.326202,133.129387,10.569497,23.215923,3.34492,0,0,0,0,0,0,0,0,0,0.006959,0,0,0,0,0.041587,0.951454
73061,85.125037,43.638898,Alces alces,56003281,Cervidae,LC,0,0,-7.996809,8.292646,26.025001,906.666038,8.550468,-23.319135,31.869603,386.140549,79.667165,3.632973,87.441836,215.427766,12.423956,215.207456,12.604833,3622.848213,430.131431,26.388359,-0.126721,34.922784,-216.847064,3479.579748,201.962052,7.407963,30.796434,64.784382,4.419184,114.477875,3.178711,168.438639,197.554908,8.50194,14.632857,2.698392,0.000248,0,0,0,0,0,0,8.3e-05,0.003396,0.305475,0.000745,0,0,0,0.142301,0.547503
73302,85.177249,41.370406,Alces alces,56003281,Cervidae,LC,0,0,11.43218,15.870911,30.018775,1323.560418,34.551534,-18.346385,52.897919,65.420925,17.139047,0.994511,90.687616,42.351415,3.264462,42.351415,3.354362,908.487164,1174.919375,95.850978,-0.958686,3.70604,-23.505515,6774.779569,0.675575,15.102873,18.597094,81.05086,0.352046,237.80354,2.284343,159.905772,210.403999,6.967285,11.043381,2.628454,0,0,0,0,0,0,0.002569,0,0,0.043514,0,8.3e-05,0,0,0,0.953833
72901,85.190741,45.432548,Alces alces,56003281,Cervidae,LC,0,0,8.717938,11.552472,19.988248,1656.402916,33.831696,-23.923884,57.75558,115.523396,19.984022,3.366627,51.492658,51.305264,12.483363,50.495109,13.446582,277.936388,1093.207885,90.342592,-0.898433,7.512705,-105.186357,7814.463391,1.516167,14.596047,30.809519,67.641347,1.549134,75.553679,3.68131,165.704957,197.855906,8.90707,16.486164,2.729722,0,0,0,0,0,0,0,0,0,0.211298,0.005053,0.058975,0.00323,0,0.005053,0.716392
74024,85.203807,33.600031,Alces alces,56003281,Cervidae,LC,0,0,-7.053557,14.489249,35.200443,984.657424,14.359166,-26.776585,41.135751,85.677427,24.329264,1,106.180671,59.60829,3.006091,57.757689,3.008306,5195.448922,546.634591,76.382948,-0.755494,13.50498,-101.81671,3701.680164,42.64436,9.856314,38.602474,60.157686,1.23984,100.019975,15.295946,297.118618,48.13536,17.022687,45.823825,4.435762,0,0,0,0,0,0,0,0,0,0.759589,0,0,0,0,0.000828,0.236931
73946,85.246036,35.885425,Alces alces,56003281,Cervidae,LC,0,0,-8.183779,14.870834,35.32746,1007.071361,13.612767,-28.474647,42.087414,95.10567,31.409483,0.000807,122.885685,73.400602,0.05539,73.400602,0.16586,5027.364054,505.148132,81.827851,-0.812434,8.944151,-137.23841,3855.956691,22.173835,11.02685,30.429977,69.048891,0.521132,122.709883,11.364001,288.981965,62.88858,13.962569,35.350718,3.93115,0,0,0,0,0,0,0,0,0,0,0,0,0,0,0.000166,0.999834
74022,85.272686,31.764714,Alces alces,56003281,Cervidae,LC,0,0,-4.354374,14.674144,38.563756,879.242541,15.278891,-22.764663,38.043554,112.688383,21.741725,2.644766,57.996728,53.792089,13.689698,47.304895,18.54824,5103.178702,622.141634,69.784296,-0.690871,21.114029,-62.732122,3462.105304,74.872124,9.184805,37.960762,61.207226,0.832013,91.923219,21.392828,288.486361,53.266781,20.344485,56.441513,4.929911,0,0,0,0,0,0,0.021047,0,0,0.758701,0,0,0,0,0.010689,0.209231
74021,85.285613,30.85323,Alces alces,56003281,Cervidae,LC,0,0,-1.289261,13.432593,39.382225,774.410185,16.257593,-17.742033,33.999627,149.005818,22.143142,2.897483,45.65062,52.946628,18.5769,36.14499,42.288366,4859.468535,695.741803,68.617176,-0.684251,25.451191,-34.574871,3370.402229,60.38165,10.051754,35.920196,62.777592,1.302212,73.547496,33.962852,230.65302,107.509893,35.003112,96.752297,6.422187,0,0,0,0,0,0,0.120994,0,0,0.620621,8.3e-05,0,0,0,0.000166,0.123147
73383,85.304071,40.900244,Alces alces,56003281,Cervidae,LC,0,0,11.798545,16.059321,30.879384,1309.953401,35.08312,-16.90436,51.98748,51.764359,15.011363,0.367022,94.099112,35.437298,2.278456,35.437298,2.509573,909.288175,1214.429703,96.8995,-0.968746,2.82426,-15.356389,6897.90748,1.407675,14.992321,12.816372,86.764056,0.419572,268.653813,2.370438,164.080363,207.059716,6.984675,11.684093,2.69768,0,0,0,0,0,0,0.001406,0,0,0.113418,0,0.001737,0,0,0,0.883438
74107,85.374476,34.951519,Alces alces,56003281,Cervidae,LC,0,0,-8.142229,14.255516,34.568559,996.399294,13.4886,-27.724821,41.213421,92.433157,29.295928,0.022847,118.638384,68.631187,1.043938,68.631187,1.333371,5129.175776,513.782841,79.826995,-0.792037,10.349911,-124.20881,3803.323675,20.565999,11.366599,36.948356,62.003874,1.04777,104.930666,13.386669,312.829519,35.021011,14.05819,37.374912,3.93523,0,0,0,0,0,0,0,0,0,0.150195,0,0,0,0,0,0.84964
73705,85.38578,38.15598,Alces alces,56003281,Cervidae,LC,0,0,10.829728,17.73345,34.562118,1221.539975,34.464672,-16.799696,51.264368,33.161009,11.984124,0,98.715079,24.445653,0.056273,24.445653,1.999735,1258.922128,1276.916645,98.337099,-0.98329,1.5568,-11.145301,7072.380672,3.684627,12.017746,14.426486,85.100304,0.47321,229.894743,5.456183,215.172564,151.676376,9.77813,20.609714,3.221742,0,0,0,0,0,0,0.000497,0,0,0.228316,0,0.004391,0.002071,0,0,0.764725
73223,85.403327,42.700269,Alces alces,56003281,Cervidae,LC,0,0,-6.211074,10.783369,27.994681,1049.239293,12.409746,-26.127257,38.537004,309.772566,69.325019,1.868461,97.202299,187.84716,6.380327,187.84716,6.389616,3318.775903,525.429797,46.52975,-0.453805,26.162664,-179.375859,3947.973421,113.00817,8.489728,47.522071,49.469416,3.008513,151.651203,2.907713,171.619335,196.460941,8.3427,13.688304,2.705657,0,0,0,0,0,0,0,0,0,0.638999,0,0,0,0,0.031229,0.329771
74106,85.450523,34.024966,Alces alces,56003281,Cervidae,LC,0,0,-5.779809,15.026053,35.759353,999.474123,15.683637,-26.324302,42.007939,88.210067,25.429458,0.864697,107.833258,61.417176,2.839519,60.472579,2.839519,5031.863454,567.645785,78.364263,-0.779018,12.503761,-101.503883,3831.481106,34.056203,10.394528,41.169076,58.424767,0.406157,97.327241,14.203545,306.383942,38.422908,16.040313,42.33726,4.231785,0,0,0,0,0,0,0,0,0,0.4,0,0,0,0,0,0.585253
74105,85.501465,33.103068,Alces alces,56003281,Cervidae,LC,0,0,-5.334333,15.052466,36.579587,974.734711,15.923956,-25.209218,41.133174,93.425614,24.61929,1.014192,95.949058,61.361498,3.66874,57.128598,4.563401,5072.239636,590.27938,74.875354,-0.744968,15.570934,-85.664429,3698.738245,39.179075,10.218866,39.148781,60.328506,0.522713,95.805212,18.626744,295.6763,48.402824,18.914857,51.755699,4.714874,0,0,0,0,0,0,0.12003,0,0,0.630716,0,0,0,0,0.001408,0.243373
74104,85.533151,32.185622,Alces alces,56003281,Cervidae,LC,0,0,-2.693969,15.061484,38.249305,914.905751,17.429928,-21.954261,39.384189,108.618031,23.087601,2.207688,67.912072,57.448137,9.59857,50.59339,12.676473,4909.837625,656.668816,72.928513,-0.72842,19.260103,-59.665444,3645.336599,51.102927,9.793837,39.715694,59.96208,0.322226,96.74368,19.20352,290.594005,53.273298,19.438298,53.302819,4.799299,0,0,0,0,0,0,0.013665,0,0,0.679834,0,0,0,0,0,0.306501
73544,85.544611,39.959417,Alces alces,56003281,Cervidae,LC,0,0,11.965212,17.473575,32.429956,1338.350058,36.667068,-17.213016,53.880084,36.327841,12.634321,0,103.79775,27.824081,0.315608,27.824081,1.032151,957.999833,1270.254202,98.154316,-0.98,1.713733,-8.485611,7116.028866,28.158269,11.005205,3.18313,96.81687,0,322.315712,2.077506,157.011074,215.420933,6.37815,10.454257,2.758216,0,0,0,0,0,0,0,0,0,0,0,0,0,0,0,1
74100,85.544934,28.554233,Alces alces,56003281,Cervidae,LC,0,0,-4.243188,12.441717,41.700968,667.84023,11.408153,-18.570167,29.978319,371.000867,55.967511,7.721469,49.572331,146.711653,40.513306,84.255023,122.340335,5036.516808,640.908331,65.254181,-0.446441,45.972546,-21.277466,2570.45419,169.782891,7.964579,34.643276,61.367559,3.989165,58.878985,50.197231,120.263452,228.186056,58.575968,161.145297,8.867642,0.003395,0,0,0.001325,0.012173,0,0,0.014492,0.000828,0.325273,0,8.3e-05,0,0,0.079,0.540825
78839,85.566532,46.281331,Alces alces,56003281,Cervidae,LC,0,0,7.866824,11.643635,21.872497,1519.851673,31.636606,-21.648804,53.28541,161.831513,27.589269,5.069914,47.798009,68.19119,17.435481,65.164208,19.475631,536.854032,983.54226,87.241927,-0.867798,9.290998,-90.221245,7002.95138,13.810171,11.5395,23.366721,75.863014,0.770264,70.59016,4.369172,176.230694,187.855449,10.219834,20.532027,2.982434,0,0,0,0,0,0,0,0,0,0.106536,0,0.00729,0.00116,0,0,0.884682
73143,85.627332,44.026729,Alces alces,56003281,Cervidae,LC,0,0,4.820133,10.729846,23.80651,1307.40086,25.174592,-20.6762,45.850792,206.694685,35.632969,3.572592,66.770036,101.339503,12.125825,98.577976,12.125825,1340.689549,880.994723,75.716824,-0.753422,15.880072,-108.772762,6080.145214,63.069096,9.383355,60.494883,31.773543,7.731574,94.547917,3.332418,168.837401,196.243271,8.456706,14.916077,2.661632,0.017147,0,0.000166,0,0.000746,0,0,0.00555,0.006213,0.803264,0.007538,0.13494,0.001243,0,0,0.023194
73625,85.658021,39.488858,Alces alces,56003281,Cervidae,LC,0,0,11.650057,17.499364,32.467476,1332.314062,36.09341,-17.804787,53.898196,32.56353,12.009944,0,104.974518,25.497414,0.042901,25.497414,1.002804,1004.341542,1285.344094,98.364838,-0.98,1.525908,-8.057295,7181.6641,13.585659,12.552516,3.049038,96.950713,0.000249,300.266773,2.328806,162.716182,209.413745,6.86415,11.683456,2.781139,0,0,0,0,0,0,0,0,0,0,0,0,0,0,0,1
73947,85.659436,36.746665,Alces alces,56003281,Cervidae,LC,0,0,-8.20504,15.022369,35.629831,1001.992238,13.307026,-28.818692,42.125718,111.378995,37.370597,0,127.09625,87.589302,0.055094,87.589302,0.102517,4890.379028,501.607984,81.454383,-0.810647,8.796814,-145.047882,3865.102399,34.702633,10.413879,28.781544,70.857602,0.360854,169.407014,8.050699,250.314003,109.766762,11.827401,27.308885,3.573556,0,0,0,0,0,0,0,0,0,0,0,0,0,0,0.001159,0.998841
79247,85.677618,48.042627,Alces alces,56003281,Cervidae,LC,0,0,5.13415,11.652608,22.922932,1461.026839,28.666961,-22.172125,50.839087,287.828654,42.073957,10.071459,39.592474,105.582728,34.125038,96.094629,39.067192,458.483049,871.008692,83.373259,-0.783327,14.038403,-102.981751,6490.806315,5.168518,12.960827,45.291384,52.310737,2.397879,50.838467,5.936369,193.433764,170.140287,13.124815,28.858459,3.453246,0,0,0,0,0,0,0,0,0,0.826073,0,0.02377,0.000828,0,0,0.149329
78758,85.708162,45.818158,Alces alces,56003281,Cervidae,LC,0,0,8.821706,11.215885,19.931149,1625.246945,33.563255,-22.612555,56.17581,134.048132,22.182969,4.242576,45.888578,54.608793,15.395734,52.934253,16.319633,281.42015,1060.194699,89.479511,-0.894666,7.707277,-90.921796,7508.390883,3.666386,13.914503,16.916265,82.652414,0.431321,78.124306,3.80133,171.7105,192.646259,8.973529,17.02928,2.768301,0,0,0,0,0,0,0,0,0,0.021368,0.000745,0.002485,0.001408,0,0.003893,0.874855
74027,85.738152,36.277794,Alces alces,56003281,Cervidae,LC,0,0,-9.178229,13.843094,34.133757,992.15465,12.254581,-28.278069,40.53265,112.698256,37.402081,0,125.40845,87.060631,0.370099,87.060631,0.408046,5058.594808,483.795939,79.816221,-0.792148,9.491678,-144.405635,3754.873499,27.726036,10.713527,31.270022,68.106223,0.623755,145.15772,9.72026,272.982355,82.828628,13.004569,31.59477,3.762474,0,0,0,0,0,0,0,0,0,0,0,0,0,0,0,1
73224,85.766112,43.557448,Alces alces,56003281,Cervidae,LC,0,0,-4.810224,9.114157,28.664938,868.940607,11.279054,-20.373537,31.652591,334.792223,71.479543,2.571658,92.369715,193.741856,8.751271,193.737072,8.756542,3235.354713,515.531693,38.272715,-0.339363,30.48496,-175.098105,3946.992516,230.002079,7.133874,35.098594,55.538943,9.362464,138.708737,2.89521,165.142753,201.522261,7.860639,13.206194,2.641791,0.00911,0,0.000166,0,0.000497,0,0,0.005466,0.000994,0.587378,0.007454,0.000994,0,0,0.018801,0.369057
73706,85.766627,39.018285,Alces alces,56003281,Cervidae,LC,0,0,11.383667,17.850762,33.181149,1314.053773,35.931775,-17.865922,53.797698,32.289955,12.016503,0,105.159483,25.265692,0.002053,25.265692,1.021697,1084.190281,1288.567299,98.436705,-0.981879,1.460667,-9.139375,7191.224191,15.581474,13.019869,2.520534,97.479466,0,278.116788,2.886514,176.251069,194.910119,7.588091,13.961607,2.86516,0,0,0,0,0,0,0,0,0,0,0,0,0,0,0,1
74186,85.791908,32.606766,Alces alces,56003281,Cervidae,LC,0,0,-4.625716,15.186918,37.22646,956.106007,16.37187,-24.423574,40.795444,111.493496,26.419566,1.956505,82.953555,66.793027,6.715634,59.8678,8.156529,5063.014175,607.399853,72.966909,-0.727926,17.507349,-75.491427,3629.105809,44.882116,10.08952,41.463089,57.917097,0.619813,96.054527,18.816228,292.509411,51.789866,19.20833,52.475096,4.751423,0,0,0,0,0,0,0.114158,0,0,0.824621,0,0,0,0,0,0.058073
74182,85.814914,28.968889,Alces alces,56003281,Cervidae,LC,0,0,-1.839347,12.902078,42.754321,649.082346,13.987902,-16.170097,30.157999,294.961496,44.920377,6.094746,51.581663,118.937485,30.330061,44.676533,108.178257,4958.930791,686.609172,65.155166,-0.601502,33.044013,-16.93938,2861.892126,86.588194,8.983034,35.077327,63.4652,1.457474,62.267276,46.721472,172.22501,171.930734,51.135815,143.862225,8.21265,0,0,0,0,0,0,0,0,0,0.614811,0,0,0,0,0,0.316518
74183,85.822363,29.873024,Alces alces,56003281,Cervidae,LC,0,0,-6.396713,14.122385,39.96324,805.799926,12.141969,-23.168446,35.310415,171.918688,25.984727,0.491868,56.878167,70.545254,11.410442,25.519046,67.306699,5472.222711,574.213826,63.906728,-0.629189,24.825144,-52.648738,2945.354072,84.650383,8.900292,34.352445,63.89575,1.751805,67.828148,37.870037,213.952175,123.341852,38.931592,108.715404,6.924795,0,0,0,0,0,0,0,0,0,0.706749,0.000497,0,0,0,0.000414,0.259959
73063,85.854044,45.349719,Alces alces,56003281,Cervidae,LC,0,0,9.083869,12.157974,20.494038,1712.203752,34.808886,-24.520069,59.328955,126.090827,20.160435,4.069229,45.874187,52.841683,14.917232,50.98676,15.845558,310.823521,1068.788858,88.969279,-0.889608,8.123194,-89.84276,7503.921769,1.897197,14.523064,18.838504,81.114961,0.046535,80.825826,3.659075,169.425181,194.800298,8.669933,16.20228,2.713373,0,0,0,0,0,0,0,0,0,0.100058,0,0.006129,0,0,0,0.893813
73786,85.870234,38.547771,Alces alces,56003281,Cervidae,LC,0,0,11.087945,17.590499,33.614892,1266.933236,35.026772,-17.296812,52.323584,33.477397,12.03837,0,99.724101,25.055684,0.04124,25.055684,1.890125,1128.795003,1297.478576,98.499019,-0.985743,1.414575,-8.049311,7204.068198,3.598241,13.346307,11.847225,87.912904,0.239872,254.935589,4.650856,203.532379,163.714263,8.954173,18.551595,3.088325,0,0,0,0,0,0,0.013918,0,0,0.128158,0,0.0029,0,0,0,0.855024
74189,85.874833,35.342238,Alces alces,56003281,Cervidae,LC,0,0,-8.009549,14.518465,34.940914,997.901167,13.592249,-27.937719,41.529968,105.20823,33.801862,0.074676,120.890914,78.912348,0.90187,78.912349,1.470071,5068.365254,510.162033,79.363133,-0.788129,10.410458,-127.739113,3808.184678,17.397834,11.306571,32.857989,66.929875,0.212136,114.704619,11.891774,299.864361,50.591602,14.199677,36.106108,3.922927,0,0,0,0,0,0,0,0,0,0.006625,0,0,0,0,0.000248,0.993126
73545,85.914082,40.819762,Alces alces,56003281,Cervidae,LC,0,0,11.887062,16.610797,31.343812,1327.258011,35.820647,-17.1719,52.992547,42.945302,13.01479,0.016485,93.401789,29.809424,1.680193,29.809424,1.824836,902.401464,1221.04418,97.11384,-0.970247,2.642522,-10.368933,6893.681946,7.996217,14.330517,4.035188,95.926228,0.038584,265.371453,2.392636,163.795481,207.246288,6.922257,11.678937,2.696782,0,0,0,0,0,0,0,0,0,0.009112,0,0.001574,0,0,0,0.989314
74269,85.932029,34.875887,Alces alces,56003281,Cervidae,LC,0,0,-7.609313,14.374875,35.33104,976.837067,13.65394,-27.013377,40.667317,105.380622,32.879769,0.008976,118.254341,77.039303,1.34933,77.016936,1.352047,5086.483296,521.791901,78.447232,-0.779285,11.245963,-119.500156,3798.137451,22.016308,11.083285,37.952833,61.075384,0.971783,113.170048,12.375342,301.929855,46.295711,14.641052,37.802409,4.043351,0,0,0,0,0,0,0,0,0,0.247639,0,0,0,0,0,0.752361
74268,86.002504,33.949689,Alces alces,56003281,Cervidae,LC,0,0,-5.747195,15.220785,35.984315,1004.1422,15.897408,-26.391382,42.28879,104.399145,29.59482,0.965381,108.037168,72.47545,2.965381,70.163868,2.965381,5032.717612,566.368764,76.456834,-0.760412,13.616177,-99.664039,3790.745394,24.163975,11.131347,40.945527,58.852625,0.201848,100.455034,12.573309,304.248043,43.52039,15.756957,40.807784,4.199021,0,0,0,0,0,0,0,0,0,0.207488,0,0,0,0,0,0.787542
73626,86.03159,40.349169,Alces alces,56003281,Cervidae,LC,0,0,12.00734,17.317085,32.332672,1329.60935,36.580875,-16.977183,53.558058,37.437023,12.44794,0,98.438258,27.32763,0.937441,27.32763,1.026506,920.299677,1253.073222,97.677089,-0.97902,2.14345,-7.887314,7041.577447,30.151668,11.830469,2.447813,97.552187,0,283.097107,2.303389,161.76833,209.586787,6.671422,11.254446,2.699058,0,0,0,0,0,0,0,0,0,0,0,0,0,0,0,1
73385,86.033179,42.61799,Alces alces,56003281,Cervidae,LC,0,0,0.986322,11.317173,30.916465,954.823839,18.66151,-18.114861,36.776372,231.257016,53.984639,0.99569,102.16106,145.618675,3.720095,145.618675,3.782376,2577.195337,724.627542,65.876253,-0.655976,20.433253,-103.129815,4780.198762,136.308934,8.025861,38.342894,58.14644,3.510666,146.675935,2.853963,167.425111,200.247257,7.95169,13.237566,2.68794,0,0,0,0,0,0,0,0,0,0.703222,0,0.002402,0.00058,0,0.03893,0.254866
74267,86.048579,33.02817,Alces alces,56003281,Cervidae,LC,0,0,-6.017898,14.919934,36.193829,978.963556,15.331184,-25.870057,41.201241,115.14007,29.405516,1.241223,95.695306,75.044733,4.670413,68.41571,5.533635,5141.852491,573.776126,72.835763,-0.725254,16.386889,-87.472379,3633.229484,38.567603,10.216152,41.038638,58.223545,0.737818,96.695581,16.04528,299.412874,43.547637,17.908881,48.445607,4.572225,0,0,0,0,0,0,0.045391,0,0,0.81529,0,0,0,0,8.3e-05,0.137331
73948,86.061579,37.607245,Alces alces,56003281,Cervidae,LC,0,0,3.175331,14.391907,34.166414,1012.577418,22.927404,-19.091328,42.018732,70.943011,23.4428,0.002105,114.229735,54.562075,0.112519,54.562075,0.294987,2933.283779,903.74007,92.96288,-0.928972,4.656227,-72.914634,5530.543972,108.223234,8.280782,26.335052,72.175551,1.489397,203.760403,6.325285,231.564937,133.461882,10.808802,23.856105,3.345925,0,0,0,0,0,0,0,0,0,0.060227,0,0,0,0,0,0.939773
74262,86.073317,28.481112,Alces alces,56003281,Cervidae,LC,0,0,-3.617686,13.076442,42.387365,672.184314,12.713138,-18.173933,30.887071,342.914538,48.939007,9.534025,44.237839,125.664507,44.341756,67.911674,116.920264,5124.685638,644.434342,69.111921,-0.503698,39.072782,-22.928707,2680.446371,110.92324,8.508156,34.855234,64.076649,1.068117,55.998224,53.096223,117.67584,231.20416,59.266218,164.677277,9.102179,0,0,0,0,0,0,0,0,0,0.612708,0,0,0,0,0.01806,0.369232
74266,86.07591,32.111106,Alces alces,56003281,Cervidae,LC,0,0,-1.392407,15.028255,39.09411,880.481936,18.149011,-20.300296,38.449307,134.174365,27.889928,2.890331,68.895606,71.452782,10.49311,61.164675,13.537504,4789.710696,686.705721,72.791016,-0.727741,20.062765,-51.590271,3701.851848,40.337442,10.102117,38.795208,61.031631,0.173161,91.57772,20.791249,283.717567,59.867859,20.547905,56.595726,4.959477,0,0,0,0,0,0,0.008451,0,0,0.704557,0,0,0,0,0,0.28401
74264,86.091083,30.289123,Alces alces,56003281,Cervidae,LC,0,0,-4.05593,14.349669,40.554509,774.984975,14.2995,-21.078918,35.378418,165.456109,22.611867,2.552114,47.420629,60.802861,16.813845,35.640628,49.550338,5241.44773,630.168289,67.82104,-0.676692,22.882306,-44.536043,3188.501528,82.147181,9.293068,34.568304,63.916723,1.514973,71.74293,35.746673,232.174952,107.19298,34.642055,99.018636,6.618017,0,0,0,0,0,0,0.000166,0,0,0.772027,0.000414,0,0,0,0.004637,0.214558
74109,86.230105,36.668046,Alces alces,56003281,Cervidae,LC,0,0,-8.12914,14.761771,35.327572,999.523526,13.351534,-28.410312,41.761847,123.441743,40.751223,0,126.632894,95.991389,0.090104,95.991389,0.134274,4901.482751,498.466044,80.104789,-0.795993,9.509202,-142.054051,3830.045202,26.206037,10.887235,32.246769,67.180577,0.572653,162.345089,8.577266,259.432361,98.876516,12.36611,29.22746,3.641665,0,0,0,0,0,0,0,0,0,0,0,0,0,0,0,1
78920,86.247844,46.191136,Alces alces,56003281,Cervidae,LC,0,0,7.435167,11.731017,21.169267,1578.655377,32.124574,-23.315238,55.439811,152.962,24.492347,4.606075,44.084856,60.785185,16.627467,58.876367,18.456737,457.578836,993.414897,88.198072,-0.879351,8.579942,-82.616263,7013.38159,6.6534,12.165523,23.983911,75.685089,0.331,79.696634,3.844338,174.467407,190.247557,9.022646,17.254829,2.785004,0,0,0,0,0,0,0,0,0,0.133427,0,0.082657,0,0,8.3e-05,0.783833
74350,86.247859,34.373492,Alces alces,56003281,Cervidae,LC,0,0,-9.00726,14.033963,34.718226,976.400681,12.32414,-28.075687,40.399826,122.119625,36.647078,0.407756,116.251334,87.576799,2.355678,85.828509,2.355678,5319.363,487.425485,73.816328,-0.730629,13.150093,-121.096218,3601.541638,40.811168,10.321785,34.791667,64.252032,0.956302,99.792197,12.699275,306.329178,40.7831,15.683208,40.582734,4.189622,0,0,0,0,0,0,0,0,0,0.058565,0,0,0,0,8.3e-05,0.941103
73787,86.25343,39.407755,Alces alces,56003281,Cervidae,LC,0,0,11.391956,17.70949,32.719264,1328.183276,35.982644,-18.142896,54.12554,32.391844,11.99668,0,104.53518,25.231605,0.159213,25.231605,1,997.316292,1290.740953,98.299241,-0.98,1.587665,-7.62521,7225.491413,10.121906,13.610261,2.102054,97.897946,0,284.513378,2.794034,172.935152,198.002164,7.274994,13.323389,2.827217,0,0,0,0,0,0,0,0,0,0,0,0,0,0,0,1
73305,86.272663,43.942432,Alces alces,56003281,Cervidae,LC,0,0,4.737176,10.781194,24.288459,1288.415415,24.892692,-20.336834,45.229526,210.836135,35.636176,3.908081,65.823546,101.452867,13.056301,98.434418,13.05939,1370.434868,882.472357,75.551027,-0.754372,16.675913,-90.578655,6002.476681,61.568913,9.411085,53.752211,37.063288,9.184501,100.110214,3.230717,168.759283,196.622525,8.192242,14.382378,2.633096,0.016566,0,8.3e-05,0,0.002899,0,0,0.015655,0.011265,0.899445,0.013501,0.037853,0,0,0,0.002733
74349,86.302748,33.449855,Alces alces,56003281,Cervidae,LC,0,0,-6.02373,14.973151,36.146683,980.382569,15.321171,-26.091697,41.412869,122.395845,32.360431,1,102.789486,82.617521,3.234794,77.129222,3.899511,5109.455917,564.699785,73.505665,-0.732446,15.45954,-93.661948,3687.07289,30.957244,10.427718,41.232227,58.235218,0.532555,95.361951,16.071703,302.361001,40.122674,17.75899,48.002804,4.546443,0,0,0,0,0,0,0.000166,0,0,0.777133,0,0,0,0,0,0.219635
74190,86.305104,36.199231,Alces alces,56003281,Cervidae,LC,0,0,-9.190066,13.79075,34.131865,986.474758,12.154334,-28.208856,40.36319,126.603123,41.500879,0.027541,125.603901,96.838042,0.576967,96.838042,0.63906,5082.567158,477.657341,77.987456,-0.773566,10.308734,-141.954047,3702.987177,26.648839,10.826686,31.228276,68.032762,0.738962,120.099935,10.582895,287.681028,65.672357,14.20054,34.960506,3.89782,0,0,0,0,0,0,0,0,0,0,0,0,0,0,0.000332,0.999668
74343,86.328973,27.993619,Alces alces,56003281,Cervidae,LC,0,0,-1.1185,11.437859,43.392522,568.787307,12.483863,-14.05111,26.534973,670.990274,121.01593,12.19953,49.872581,316.76622,62.842753,296.397944,114.701735,4540.2585,717.402308,64.238135,-0.232302,91.136263,4.365243,2532.003855,245.282731,7.218042,42.033796,46.014596,11.951608,55.244016,56.220007,103.955098,247.071819,62.724069,174.482535,9.500053,0.033297,0.000828,0,0.006792,0.020459,8.3e-05,0,0.060631,0.024269,0.327508,0,0.000331,0,0,0.040172,0.485629
74344,86.344673,28.89442,Alces alces,56003281,Cervidae,LC,0,0,-1.807208,13.183574,43.643449,638.473241,14.002831,-16.217666,30.220496,300.083994,41.019677,8.047576,43.638232,107.989893,40.142055,61.071799,94.549595,4972.25502,706.063727,69.935133,-0.626706,30.083849,-14.446041,3004.467462,94.72386,8.893093,34.280142,64.166483,1.553375,62.893181,48.227338,170.956004,174.472447,51.9063,147.08106,8.402761,0,0,0,0,0,0,0.002071,0,0,0.694028,0,0,0,0,0,0.303901
74345,86.355477,29.798205,Alces alces,56003281,Cervidae,LC,0,0,-5.164214,13.981344,40.822541,763.426503,12.733389,-21.517671,34.25106,180.729385,24.562802,2.317991,48.968189,66.73879,16.529982,36.132244,58.709842,5364.681147,613.939364,67.220515,-0.669173,22.637131,-43.636458,3084.98635,93.601256,8.758194,35.447248,63.262955,1.289797,66.507759,43.076494,198.725176,143.462891,44.110648,125.781252,7.645856,0,0,0,0,0,0,0,0,0,0.722047,0,0,0,0,0.000414,0.273646
74270,86.373498,35.73112,Alces alces,56003281,Cervidae,LC,0,0,-7.998521,14.331117,35.215757,978.800453,13.320191,-27.364971,40.685162,121.058646,39.123578,0.008894,123.256141,91.296017,0.536761,91.296017,0.681161,5035.009339,500.472272,78.42261,-0.778384,10.648556,-131.78534,3784.257406,22.168883,10.90006,34.163262,64.888602,0.948136,117.204256,11.265543,294.707813,56.287693,14.433513,36.043451,3.952829,0,0,0,0,0,0,0,0,0,0.043889,0,0,0,0,8.3e-05,0.948824
79327,86.383601,47.950848,Alces alces,56003281,Cervidae,LC,0,0,5.174696,11.29294,22.694803,1422.104566,28.062899,-21.712546,49.775445,245.465252,37.632506,9.015719,37.127942,88.826174,31.565634,87.253541,37.688248,510.571096,878.467537,84.039363,-0.800349,13.229117,-102.546606,6545.801548,8.454748,12.220895,48.683205,48.458121,2.858675,54.15359,5.862629,195.628943,168.190734,12.870252,28.191548,3.409438,0,0,0,0,0,0,0,8.3e-05,0,0.770262,0,0.155311,0.006457,0,0,0.067886
73627,86.406297,41.206972,Alces alces,56003281,Cervidae,LC,0,0,11.62462,15.622738,30.996916,1276.370859,34.247152,-16.127346,50.374498,46.546895,12.711644,0.39512,85.450611,29.997387,2.211323,29.997387,2.220809,887.141909,1196.586154,96.375585,-0.963545,3.286166,-8.75023,6781.950786,1.640631,14.883401,26.469724,72.548468,0.981808,243.306257,2.506474,165.450573,205.174075,7.116219,12.105985,2.695317,0,0,0,0,0,0,0,0,0,0.239874,0,0.13145,0.00994,0,0.000331,0.618405
74432,86.489022,34.797645,Alces alces,56003281,Cervidae,LC,0,0,-6.543242,14.867923,36.093586,976.211268,14.762336,-26.413256,41.175592,121.519445,36.815098,0.12055,116.184236,86.897006,1.758523,86.802945,1.758794,4990.687505,541.031766,77.37235,-0.769914,12.212032,-112.653841,3830.885923,21.659943,11.210184,38.092737,61.171175,0.736088,99.678319,12.50352,308.642367,38.930275,15.454732,39.484043,4.113013,0,0,0,0,0,0,0,0,0,0.160497,0,0,0,0,0,0.832795
79246,86.523814,47.487947,Alces alces,56003281,Cervidae,LC,0,0,4.512079,11.133853,23.623905,1351.224738,26.40466,-20.79257,47.19723,224.93107,36.545485,7.823501,41.263041,86.177361,27.283535,85.191262,32.089415,857.762128,842.990183,82.081973,-0.799126,13.088324,-96.084294,6195.917506,24.818726,10.599388,41.186245,57.110223,1.703532,64.919598,5.18352,192.341963,172.044678,11.364657,24.250489,3.168697,0,0,0,0,0,0,0,0,0,0.837685,0,0.00058,0.000332,0,0,0.161403
73467,86.535384,43.002761,Alces alces,56003281,Cervidae,LC,0,0,-4.334676,10.652374,31.214816,885.1319,12.612614,-21.370221,33.982836,310.234008,68.620929,1.983225,95.702182,183.995764,6.669865,183.995764,6.669865,3255.442549,565.028002,48.818227,-0.481017,26.657658,-137.222572,4124.875817,151.458862,7.921548,43.087375,50.442095,6.47053,145.271628,2.838014,165.156485,202.257858,7.712155,12.988908,2.658203,0,0,0,0,0,0,0,0,8.3e-05,0.840981,0,0.000166,0,0,0,0.158771
74425,86.601222,28.405631,Alces alces,56003281,Cervidae,LC,0,0,-3.837136,12.814022,42.408716,658.427017,12.226818,-18.058601,30.285419,350.570544,44.411882,9.68349,40.500823,120.953377,48.637155,95.530454,96.245078,5124.426094,665.359021,70.876078,-0.515082,36.200808,-20.060238,2818.127476,107.271343,8.585843,33.782629,65.49245,0.724921,56.032229,55.674494,118.209147,231.009299,59.710895,167.301383,9.284879,0,0,0,0,0,0,0.005219,0,0,0.422749,0,8.3e-05,0,0,0.049954,0.521995
74429,86.618166,32.034091,Alces alces,56003281,Cervidae,LC,0,0,-0.152635,14.920792,39.545399,856.448296,18.870864,-18.862951,37.733815,170.744912,35.929615,3.512224,73.384143,93.953451,11.065107,80.647967,13.796697,4655.783771,718.779875,71.890925,-0.718874,21.570851,-43.071085,3760.207955,30.63,10.710552,38.182577,61.619836,0.197587,90.204071,20.553857,282.818889,61.80152,20.591225,56.415205,4.938006,0,0,0,0,0,0,0.007781,0,0,0.676656,0,0,0,0,0,0.309934
73788,86.635497,40.265481,Alces alces,56003281,Cervidae,LC,0,0,11.888331,17.360622,32.382656,1330.904208,36.614029,-16.996922,53.610951,35.917807,11.856147,0,94.828507,25.752084,0.997464,25.752084,1,907.919207,1266.342331,97.669406,-0.978574,2.145247,-5.44794,7122.843404,30.521421,11.436422,2.612586,97.38729,0.000124,283.648833,2.533712,165.978745,204.499925,6.581444,11.70676,2.701917,0,0,0,0,0,0,0,0,0,0,0,0,0,0,0,1
73306,86.652298,44.794186,Alces alces,56003281,Cervidae,LC,0,0,7.544306,12.062495,20.347009,1684.7891,33.049569,-26.189559,59.239128,148.69103,20.314842,5.139455,40.588006,58.557501,18.54929,53.417863,19.299024,383.926605,1047.601788,86.485487,-0.864299,10.030017,-77.808958,7207.211167,2.051604,13.684473,43.088738,56.234107,0.677155,104.874577,3.151565,167.887004,197.127935,7.508142,13.367446,2.537462,0,0,0,0,0,0,0,0,0,0.740474,0,0.244781,0.005633,0,0,0.009029
79164,86.661079,47.024755,Alces alces,56003281,Cervidae,LC,0,0,4.134769,11.452468,25.243027,1285.300081,25.369589,-20.260692,45.63028,228.774276,37.747275,6.284262,48.545584,94.108185,23.091242,91.94048,25.404606,1114.186881,821.712479,81.103578,-0.796354,13.09403,-91.885966,5970.433298,21.225361,10.502538,53.756233,44.095762,2.148005,67.048008,4.89383,186.151859,178.023952,10.860469,22.605471,3.095939,0,0,0,0,0,0,0,0,8.3e-05,0.944366,0,0.000166,0.000414,0,0,0.054971
73547,86.661643,42.532544,Alces alces,56003281,Cervidae,LC,0,0,1.896736,11.345296,30.504881,972.64149,19.660423,-17.856047,37.516471,212.135366,49.405321,1.073182,99.388531,131.790984,3.67607,131.790984,3.694152,2434.070897,777.860055,70.362224,-0.701576,18.364276,-79.447317,4999.781533,132.243118,8.151233,34.23992,61.39496,4.36512,159.37551,2.654249,163.811484,204.633112,7.292374,12.127037,2.63859,0,0,0,0,0,0,0,0,8.3e-05,0.634443,8.3e-05,0.008615,0.000746,0,8.3e-05,0.355948
74191,86.722644,37.056057,Alces alces,56003281,Cervidae,LC,0,0,-6.15192,14.419818,35.615291,955.075806,14.228272,-26.133001,40.361272,124.146483,40.732033,0.006358,125.775129,96.444438,0.207836,96.444437,0.237742,4566.696277,552.551242,82.416834,-0.821354,8.909869,-131.194644,4065.577055,56.881196,9.530981,29.764316,69.780118,0.455566,165.371902,7.445209,250.611254,110.005697,12.246418,28.328847,3.566235,0,0,0,0,0,0,0,0,0,0.000994,0,0,0,0,0,0.999006
73628,86.784393,42.062107,Alces alces,56003281,Cervidae,LC,0,0,8.892385,11.907008,25.457015,1231.507567,29.091875,-17.540369,46.632245,81.770499,18.655684,1.013259,83.534965,47.92874,3.671951,47.92874,3.684471,1059.584527,1104.017981,92.162046,-0.921796,6.77986,-16.106133,6442.11779,2.035232,13.661419,38.946033,55.797593,5.256374,171.860528,2.566461,162.080201,206.604909,7.092701,11.720286,2.628167,0,0,0,0,0,0,0,0,0,0.212227,0.063701,0.356942,0.018307,0,0,0.13552
73387,86.785913,44.324649,Alces alces,56003281,Cervidae,LC,0,0,7.099655,11.510948,20.685424,1580.285634,30.897828,-24.717439,55.615267,157.52895,21.910402,5.520941,43.353323,63.024321,18.431395,56.710844,19.398226,478.025353,1038.247572,84.870001,-0.848539,11.272998,-72.647088,7043.07933,4.83161,12.593954,57.420767,40.626579,1.952654,106.241888,3.096692,166.916993,198.261063,7.715889,13.484259,2.563328,0,0,0,0,0,0,0,0,0.000331,0.589215,8.3e-05,0.398028,0.00555,0,0,0.005799
74512,86.801704,34.294151,Alces alces,56003281,Cervidae,LC,0,0,-7.543186,14.311624,35.374869,969.267389,13.644922,-26.783188,40.428111,139.560914,40.510063,0.858207,113.39449,97.840609,2.858207,95.759502,2.858207,5155.093048,520.817255,73.502767,-0.730587,14.044611,-110.935688,3682.542954,34.615521,10.561522,37.893922,61.387563,0.718514,100.63039,12.630802,305.937195,40.354818,15.939232,40.96863,4.232651,0,0,0,0,0,0,0,0,0,0.378405,0,0,0,0,0.006873,0.614722
79571,86.811893,48.781326,Alces alces,56003281,Cervidae,LC,0,0,-2.686957,10.58351,26.569792,1141.524211,17.189451,-22.683159,39.87261,364.2019,62.091504,9.565866,53.528274,158.566616,33.462551,158.566616,43.203702,1790.873484,634.901296,54.665002,-0.451135,29.163602,-127.897046,5042.730576,104.880722,8.245726,67.611125,15.565967,16.822907,45.426041,7.031379,207.567884,155.658336,15.099655,33.964197,3.728111,0.032215,0,0.007867,0.010518,0.037598,0.004638,0.000994,0.070807,0.039503,0.768696,0.005549,0,0.000497,0.000331,0,0.006708
74507,86.888096,29.720977,Alces alces,56003281,Cervidae,LC,0,0,-4.438775,13.929315,41.900237,723.858932,12.701443,-20.534953,33.236396,192.57956,29.547199,5.110232,49.15615,79.261827,21.799637,59.435278,45.923588,5308.550203,641.289332,69.074475,-0.689146,21.490583,-37.566042,3192.715113,89.389136,8.992196,36.130368,62.655475,1.214157,69.22179,41.945858,216.069545,127.187401,40.289278,118.420381,7.498255,0,0,0,0,0,0,0,0,0,0.787874,0,0,0,0,0.00058,0.206494
74509,86.894125,31.53801,Alces alces,56003281,Cervidae,LC,0,0,-2.445128,13.982501,38.518671,847.600227,16.077383,-20.223645,36.301027,196.107805,40.892991,4.140074,74.192226,108.711061,14.055456,91.743506,17.33297,4981.851961,659.983449,68.66226,-0.685969,22.232547,-50.845141,3535.105666,70.284344,9.396603,37.48112,61.435239,1.083641,87.987734,23.724346,270.108578,73.845995,24.105828,67.412943,5.413965,0,0,0,0,0,0,0.001244,0,0,0.800033,0.000249,0,0,0,0.003067,0.169043
73709,86.90354,41.591481,Alces alces,56003281,Cervidae,LC,0,0,9.273205,13.229959,28.69078,1194.373582,30.155865,-15.933413,46.089278,77.642123,20.453115,0.225694,96.065313,51.371548,1.436877,51.371548,1.436877,1385.652403,1067.864503,92.410719,-0.9241,6.320417,-24.415654,6227.289337,43.08365,10.398659,24.465143,74.357372,1.177485,218.642672,2.322116,156.684465,212.596814,6.523794,10.57381,2.562113,0,0,0,0,0,0,0,0,0,0.033074,0,0.013345,0,0,0,0.953581
73468,86.916422,43.854837,Alces alces,56003281,Cervidae,LC,0,0,5.944209,11.071621,23.589372,1346.532743,26.852106,-20.472306,47.324412,208.519796,32.394306,5.162518,56.828639,92.941058,17.367377,87.047914,17.475335,1161.971587,916.089293,76.879804,-0.768582,16.363091,-77.560705,6185.406209,46.443095,10.012646,51.083906,44.832291,4.083803,125.149455,2.931987,165.586099,200.48319,7.54081,12.914339,2.572057,0.003396,0,0,0,0,0,0,0.001325,0.014662,0.805335,0.003396,0.149934,0.00116,0,0,0.020792
79001,86.927109,46.097455,Alces alces,56003281,Cervidae,LC,0,0,6.77614,12.05847,21.202231,1622.514624,32.276094,-24.614399,56.890493,151.030663,23.011337,4.491326,42.290732,57.388905,16.196945,56.05835,17.919321,500.451454,977.061763,87.63504,-0.866848,9.265681,-83.733871,6917.421992,7.128851,12.951153,30.032764,69.922875,0.044362,85.150595,3.71929,174.910411,190.05481,8.738795,16.559886,2.740468,0,0,0,0,0,0,0,0,0,0.279854,0,8.3e-05,0,0,0,0.720063
74433,86.936286,35.649993,Alces alces,56003281,Cervidae,LC,0,0,-7.694832,14.338254,35.33894,974.925138,13.471396,-27.084601,40.555997,136.58524,43.257639,0.020483,122.217416,101.568492,1.055966,101.568492,1.196357,5007.992253,504.731506,76.961351,-0.764885,11.496104,-127.236063,3772.185907,24.618518,10.755711,33.65069,65.901257,0.448054,114.827563,11.507239,298.85142,50.060137,14.871436,37.162138,4.032056,0,0,0,0,0,0,0,0,0,0.007458,0,0,0,0,8.3e-05,0.974064
79490,86.95111,48.318522,Alces alces,56003281,Cervidae,LC,0,0,0.618093,11.805427,26.924163,1242.05363,22.199854,-21.799017,43.998871,297.155951,49.741417,9.015005,46.788803,121.841573,31.51614,121.841573,40.019051,1423.310053,713.08187,68.591504,-0.618829,21.758558,-116.8769,5494.396675,73.189257,8.924516,69.884728,22.704987,7.410285,52.948908,6.115541,200.479552,163.325547,13.332333,29.449034,3.472183,0.005466,0,0.001574,0.000331,0.011181,8.3e-05,0.000497,0.029154,0.002153,0.930512,0,0.015736,0.002236,0,0,0.001077
73548,87.043766,43.384768,Alces alces,56003281,Cervidae,LC,0,0,0.313243,10.674998,29.73037,974.641152,17.502582,-18.65119,36.153772,270.667197,53.397614,2.950839,82.603291,145.643938,9.750828,144.884935,9.750828,2414.147848,711.547877,62.498191,-0.622169,22.709077,-100.337238,4922.08443,122.990819,8.121212,47.036674,38.389162,14.574165,145.929849,2.774952,163.619582,203.498782,7.429056,12.511235,2.60846,0.015075,0,0,0,8.3e-05,0,0,0.012176,0.027334,0.813137,0.032303,0.023689,0,0,0,0.076203
78919,87.056036,45.633324,Alces alces,56003281,Cervidae,LC,0,0,7.510778,12.310446,20.448889,1719.160914,34.049061,-26.156046,60.205107,148.22377,21.446697,4.957988,39.66151,55.867225,17.483384,53.613525,18.800518,441.142807,1003.182747,87.377502,-0.863553,9.66758,-82.757145,7051.296356,6.735783,13.781676,34.701075,65.296771,0.002154,94.068597,3.452786,171.707945,193.179898,8.169036,15.122761,2.647956,0,0,0,0,0,0,0,0,0,0.179205,0,0,0,0,0,0.820795
79408,87.087349,47.855461,Alces alces,56003281,Cervidae,LC,0,0,4.459659,11.544688,23.628966,1398.942694,27.054166,-21.888295,48.942461,210.152674,33.636164,7.226898,39.192916,78.756348,26.343197,78.750345,32.139514,689.50488,858.592356,82.70093,-0.793415,13.230816,-100.304538,6375.817559,22.626275,11.411982,51.297403,45.747787,2.95481,65.618722,5.258463,195.312983,169.281293,11.425123,24.431806,3.182538,0,0,0,0,0,0,0,0,0.001077,0.826941,0.000414,0.123022,0.005385,0,0,0.040345
74593,87.104863,33.791429,Alces alces,56003281,Cervidae,LC,0,0,-5.330825,15.075849,35.878692,999.220656,16.107174,-25.890519,41.997693,156.011767,42.434996,1,108.013404,106.192982,3.138331,101.997532,3.435634,5000.80653,570.241279,72.253194,-0.721424,16.102096,-94.271355,3736.568032,24.695123,11.107111,41.520432,58.172799,0.306769,95.890046,14.27236,306.176271,39.146619,17.235102,45.695506,4.461919,0,0,0,0,0,0,0,0,0,0.566385,0,0,0,0,0,0.406431
73870,87.1306,40.649809,Alces alces,56003281,Cervidae,LC,0,0,11.606302,16.916799,32.022891,1316.96752,35.816214,-17.000739,52.816953,38.518125,11.638607,0,87.537734,25.874841,0.859062,25.874841,0.859062,873.887964,1256.215647,97.254311,-0.970232,2.489723,-3.6032,7102.154124,13.663478,13.802563,11.987972,87.657251,0.354777,272.636217,2.556919,165.790436,204.422016,6.579614,11.699635,2.68468,0,0,0,0,0,0,0,0,0,0.105542,0,0.025847,0.002817,0,0,0.865794
74592,87.141251,32.870777,Alces alces,56003281,Cervidae,LC,0,0,-3.579036,15.124375,36.946144,967.24338,17.17648,-23.75775,40.93423,179.413602,43.010177,1.712277,95.672657,114.404573,6.232081,104.81076,6.695562,4938.119598,618.024188,70.253193,-0.702361,19.163701,-74.23859,3687.719334,31.237347,10.689433,41.391151,58.184026,0.424823,94.839565,15.624665,290.293259,56.062387,18.504936,48.729561,4.567931,0,0,0,0,0,0,0.01499,0,0,0.698302,8.3e-05,0,0,0,0.000745,0.281739
74590,87.164991,31.042526,Alces alces,56003281,Cervidae,LC,0,0,-0.604093,13.28725,38.266938,802.844941,17.079713,-17.552608,34.632321,229.520013,47.634934,5.09956,73.307585,126.168468,16.837447,106.85081,20.792586,4855.046923,708.969119,68.693605,-0.687211,24.002292,-34.55531,3545.490627,38.757077,10.185649,36.691388,61.659589,1.649023,78.946276,31.691439,242.226507,102.684271,31.754882,90.169529,6.325113,0,0,0,0,0,0,0,0,0,0.721647,0.002734,0,0,0,0,0.097672
79326,87.220699,47.392131,Alces alces,56003281,Cervidae,LC,0,0,5.006235,9.715293,20.012075,1412.102429,26.787367,-21.231647,48.019013,163.163743,26.840019,5.254883,41.962991,62.842742,19.060375,62.833567,23.190353,545.07778,906.094283,85.804639,-0.842307,10.461616,-93.025817,6618.583852,9.393272,12.92645,43.060594,53.725584,3.213823,70.590077,4.907472,191.897773,173.054184,10.580868,22.181543,3.073737,0,0,0,0,0,0,0,0,0,0.482816,0.001573,0.08795,0.000497,0,0,0.151056
73710,87.288689,42.443947,Alces alces,56003281,Cervidae,LC,0,0,3.21042,12.249598,30.525923,1047.096966,22.085377,-18.605857,40.691234,183.20091,41.187121,1.358032,91.848181,109.691442,4.643134,109.691442,4.643134,2195.674307,831.587244,76.807777,-0.767301,15.267682,-67.662251,5311.206251,94.474215,8.810284,39.058191,57.905531,3.036278,130.155217,3.009467,166.303597,202.470936,7.920354,13.884822,2.772238,0,0,0,0,0,0,0,0,0,0.6865,0,0.024364,0.005304,0,0,0.283832
78756,87.306102,44.704046,Alces alces,56003281,Cervidae,LC,0,0,7.494474,12.900466,20.885835,1730.613621,34.470224,-27.305539,61.775763,162.231417,20.483929,6.045999,35.756274,59.650753,21.176855,53.76288,22.520404,424.968134,1026.364218,85.374018,-0.843627,11.320833,-77.486109,7083.244969,2.611561,14.27666,32.124366,67.6315,0.244134,117.986698,2.856266,165.5903,199.425984,6.787391,11.741548,2.4314,0,0,0,0,0,0,0,0,0,0.921044,0,0.004474,0,0,0,0.074482
74674,87.399576,33.289479,Alces alces,56003281,Cervidae,LC,0,0,-5.052087,14.979669,36.512178,970.509794,16.044273,-24.973372,41.017645,186.567897,48.007314,1.004169,103.998244,124.025652,4.606514,116.857864,4.755111,5046.38885,575.262227,69.119616,-0.690412,18.341435,-87.489551,3650.642024,38.348185,10.17078,41.888739,57.495757,0.615505,94.127314,16.214045,292.895779,51.261953,18.544888,49.512361,4.634776,0,0,0,0,0,0,0.004309,0,0,0.788301,0,0,0,0,0,0.204491
74669,87.402725,28.738357,Alces alces,56003281,Cervidae,LC,0,0,-2.460742,13.064772,42.613482,647.593598,13.499782,-17.16425,30.664032,305.008466,56.510196,7.110134,60.669715,145.96134,32.239362,130.905662,49.737632,5021.146135,720.338363,74.227859,-0.643348,27.481802,-12.207639,3143.238054,102.258994,8.58516,33.26811,65.581489,1.150401,63.674059,51.01035,153.423456,194.785442,51.900316,148.931275,8.649745,0,0,0,0,0,0,0,0,0,0.645987,0,0,0,0,0.000994,0.351363
74671,87.431271,30.547604,Alces alces,56003281,Cervidae,LC,0,0,-3.237748,14.811421,41.070474,778.930676,15.073241,-20.996051,36.069292,224.226246,48.722283,4.908227,77.930027,128.18966,17.490144,109.161604,21.55886,5186.846477,649.995537,67.484779,-0.674809,22.835311,-43.215014,3357.85972,62.287923,9.5006,36.525867,61.391646,2.082488,73.187339,38.212037,227.326043,117.057072,36.62663,107.761999,7.120945,0,0,0,0,0,0,0,0,0,0.955751,0,0,0,0,0,0.044249
74112,87.441197,39.236916,Alces alces,56003281,Cervidae,LC,0,0,11.314928,17.771051,33.135155,1317.250519,35.898529,-17.731889,53.630418,35.448267,11.411204,0.000514,93.85672,25.575884,1.213431,25.575884,1.729222,881.511801,1333.117209,98.19003,-0.98,1.711193,-5.4467,7507.85967,9.856677,13.89486,5.145186,94.846364,0.00845,263.430446,3.026498,177.756759,192.006693,7.378301,14.025086,2.790493,0,0,0,0,0,0,0,0,0,0.002319,0,0,0,0,0,0.997681
79163,87.479071,46.464615,Alces alces,56003281,Cervidae,LC,0,0,5.45009,12.170643,21.666889,1604.981013,30.347984,-25.847403,56.195386,152.320581,23.26906,4.390028,42.018678,56.333425,16.189973,55.033902,18.29162,558.236106,946.300281,86.911367,-0.855774,9.73921,-88.607048,6792.16688,11.240839,12.410382,38.557207,61.093328,0.349465,77.681405,4.268442,185.10452,179.572149,9.741713,19.252883,2.876562,0,0,0,0,0,0,0,0,0,0.80883,0,0.00058,0,0,0,0.190591
74595,87.498416,35.566222,Alces alces,56003281,Cervidae,LC,0,0,-7.38195,14.347612,35.427067,969.799023,13.640833,-26.824352,40.465184,154.949541,48.111129,0.16004,121.265453,113.801275,1.714246,113.801275,1.783007,4991.592264,507.230521,75.111448,-0.74683,12.494036,-123.335999,3745.262103,27.819312,10.649877,34.941626,64.798622,0.259752,100.379364,12.286911,308.758471,37.282799,15.797582,39.940842,4.176509,0,0,0,0,0,0,0,0,0,0.037427,0,0,0,0,0.000248,0.953714
73871,87.520048,41.502389,Alces alces,56003281,Cervidae,LC,0,0,7.875727,13.232867,29.498006,1153.25416,28.601447,-16.243843,44.845289,87.245094,23.150572,0.000247,100.053029,58.451983,0.634004,58.451983,0.634004,1643.231056,1020.072212,91.442094,-0.914168,6.78292,-35.585372,6096.224849,54.275078,9.581058,25.678293,72.149224,2.172483,215.731598,2.184399,157.016425,212.472512,6.137233,9.814679,2.512131,0,0,0,0,0,0,0,0,0,0.003809,0,0,0,0,0,0.996191
79652,87.527439,48.683223,Alces alces,56003281,Cervidae,LC,1,0.560551,-6.196251,9.589625,25.202579,1098.459908,13.82868,-24.184633,38.013312,309.253007,57.392926,6.314019,63.696777,147.64995,22.291861,147.64995,27.860914,2288.010411,570.567555,56.268323,-0.485356,24.917782,-139.0179,4636.58717,136.758114,7.916064,60.734511,30.679543,8.585946,45.745301,6.650305,213.118766,151.175135,14.761656,32.803932,3.665282,0.017393,0,0.000248,0.002568,0.032798,0.002485,0.001656,0.028574,0.008696,0.834686,0.001077,0,0,0,0.000166,0.069654
73630,87.558575,43.763963,Alces alces,56003281,Cervidae,LC,0,0,6.485382,11.25361,23.69627,1355.897383,27.773302,-19.894867,47.668169,211.904402,30.618864,6.483582,47.746905,86.698898,22.153433,77.954266,22.408612,1055.849208,918.336761,76.743899,-0.75868,16.801054,-79.501895,6274.774678,26.288245,10.497326,47.217709,48.574001,4.208291,135.783978,2.76802,164.815071,201.649594,6.886246,11.79877,2.511146,0,0,0,0,0,0,0,8.3e-05,0.006293,0.705614,0.000248,0.028569,0.140858,0,0,0.118334
74756,87.601244,34.633351,Alces alces,56003281,Cervidae,LC,0,0,-7.7007,14.510272,35.474523,981.507982,13.584421,-27.30279,40.887212,174.86967,51.465296,0.943628,117.095654,122.972284,2.943628,122.610973,2.943628,5135.457397,506.190127,70.991605,-0.705318,14.929489,-114.524293,3645.656525,33.766481,10.375313,37.475672,62.134076,0.390252,101.975256,12.62871,311.532604,30.918295,16.131807,40.794815,4.267111,0,0,0,0,0,0,0,0,0,0.214629,0,0,0,0,8.3e-05,0.782555
74273,87.626481,38.295386,Alces alces,56003281,Cervidae,LC,0,0,4.498014,14.694613,34.186153,1031.581528,24.353099,-18.650616,43.003715,73.830596,23.495816,0.009071,113.089687,56.532798,0.472239,56.532798,0.649429,2555.945014,962.718952,93.901781,-0.938309,4.405296,-61.396412,5812.627104,133.507324,8.203708,25.141831,74.341479,0.516691,178.063075,6.680824,242.376762,120.17148,11.56939,26.395431,3.438166,0,0,0,0,0,0,0,0,0,0.003313,0,0,0,0,0.000331,0.996356
74755,87.655201,33.708452,Alces alces,56003281,Cervidae,LC,0,0,-7.45433,14.524237,35.425555,981.623017,13.848788,-27.131723,40.980511,196.832432,54.082515,1,111.137194,135.139148,3.605518,129.98772,3.775412,5220.330028,518.516755,67.347348,-0.669851,17.538309,-103.335062,3562.3002,40.453854,10.075356,37.842427,61.141907,1.015666,94.117899,14.928236,300.061937,45.345369,17.783987,47.180428,4.54505,0,0,0,0,0,0,0,0,0,0.643088,0,0,0,0,0.00058,0.356332
74749,87.655571,28.247598,Alces alces,56003281,Cervidae,LC,0,0,-1.88054,12.616425,41.958681,633.265136,13.952732,-16.124217,30.076949,373.394484,73.702001,7.21946,68.572967,189.049275,33.110251,179.064472,50.682404,4889.718743,721.630745,72.163066,-0.528879,38.556952,-5.713521,2895.64608,144.439525,8.036718,33.947869,64.540219,1.511912,57.072805,59.270133,117.312332,233.431884,59.441868,169.219966,9.486161,0,0,0,0,0,0,0,0,0,0.259814,0,0,0,0,0.004555,0.73563
79570,87.659524,48.220035,Alces alces,56003281,Cervidae,LC,1,0.504728,-1.660954,11.386818,26.77535,1210.149741,19.751191,-22.824917,42.576109,248.158079,44.302601,6.214596,53.627095,108.510092,22.503565,108.510092,28.231983,1749.681894,672.190578,71.379843,-0.659907,18.555381,-121.805692,5231.540769,99.753316,8.570802,71.893143,17.999441,10.107416,63.057195,5.61654,204.070279,160.767829,12.440702,26.88994,3.312743,0.010021,0,0.005217,0.000248,0.014907,0.000166,0.001325,0.039834,0.004969,0.922319,0.00058,0,0,0,0,0.000414
74751,87.693414,30.053208,Alces alces,56003281,Cervidae,LC,0,0,-2.562296,13.45423,41.93991,709.89466,13.836178,-18.250952,32.087129,238.096472,57.069291,4.541973,87.440798,144.669206,16.862647,127.507595,20.550668,5103.435107,691.388318,68.189667,-0.680034,23.447213,-29.592991,3362.614659,156.668402,7.838692,35.439369,62.808767,1.751864,75.150736,36.790795,238.011291,104.255583,34.012416,102.920637,7.193288,0,0,0,0,0,0,8.3e-05,0,0,0.893996,0,0,0,0,0,0.105921
74752,87.702249,30.961003,Alces alces,56003281,Cervidae,LC,0,0,-1.392788,14.375663,39.863682,805.850502,16.946601,-19.105219,36.05182,268.40075,60.781235,4.123477,87.550825,161.964419,14.022872,143.476271,15.739953,4993.542836,675.920333,65.853829,-0.658522,24.976309,-40.888817,3457.294741,59.333722,9.607371,36.716199,61.586988,1.696812,78.199892,33.856028,232.234041,113.475482,34.907811,101.020954,6.738596,0,0,0,0,0,0,0,0,0,0.937785,0.000166,0,0,0,0,0.044984
74354,87.712043,37.82495,Alces alces,56003281,Cervidae,LC,0,0,-4.81326,13.87767,35.375292,937.259717,14.609901,-24.506138,39.116039,136.867719,42.690657,0.164186,121.083736,103.598535,0.83322,103.555437,0.889544,4231.273378,592.009707,83.809075,-0.836031,8.618101,-121.910103,4231.153091,90.895234,8.897602,31.660144,67.374045,0.965811,141.829697,7.439644,263.145193,99.308781,13.253036,31.191492,3.615674,0,0,0,0,0,0,0,0,0,0.058716,0,0,0,0,0.001988,0.939296
79000,87.726872,45.535881,Alces alces,56003281,Cervidae,LC,0,0,6.872271,12.855094,21.665528,1671.756597,33.219599,-26.181655,59.401254,159.112679,21.671227,5.095536,37.523015,56.872525,18.182386,54.098918,20.009766,552.655304,976.464938,85.248617,-0.838472,11.08821,-86.550963,6915.3418,8.6982,13.2973,34.615929,65.378769,0.005302,117.610234,2.923641,170.895623,194.856453,6.921156,12.188435,2.463447,0,0,0,0,0,0,0,0,0,0.789478,0,0,0,0,0,0.210522
79489,87.788784,47.756598,Alces alces,56003281,Cervidae,LC,1,0.449194,3.907147,11.829731,24.034206,1417.036506,26.616398,-22.713978,49.330376,185.911312,29.290498,6.409095,38.189341,68.111863,22.928227,68.103372,31.190074,821.925086,843.340745,83.224644,-0.790204,12.951844,-101.701848,6272.176453,29.838911,10.984109,53.592912,44.615823,1.791264,69.735306,5.075341,197.501685,167.676905,11.123536,23.377555,3.124914,0,0,0,0,0,0,0,0,0.000497,0.833347,0.000994,0.138077,0.011845,0,0,0.014495
74435,87.792603,37.354845,Alces alces,56003281,Cervidae,LC,0,0,-8.586376,13.081689,33.72554,953.566405,11.149169,-27.468678,38.617847,161.719619,51.277236,0.341066,124.465548,122.458017,1.325105,121.952407,1.40877,4782.961739,493.280123,76.898523,-0.764744,10.63725,-138.853736,3761.795282,83.27001,9.153615,30.299646,68.71659,0.983764,125.918807,7.859423,272.886279,89.153573,14.008932,33.389469,3.701555,0,0,0,0,0,0,0,0,0,0.029546,0,0,0,0,0.031697,0.938757
73791,87.798875,42.822984,Alces alces,56003281,Cervidae,LC,0,0,6.082501,12.690738,29.51829,1132.284784,26.375135,-16.935289,43.310424,162.314656,33.326791,1.949822,78.12325,89.631757,6.634846,89.185421,6.638003,1693.019326,898.764772,79.713914,-0.796668,13.618582,-65.90896,5846.669812,102.019865,8.659522,28.729761,67.896683,3.373556,162.786409,2.592156,161.39219,207.210013,6.749857,11.457136,2.572856,0,0,0,0,0,0,0,0,0,0.320361,0,8.3e-05,0.000994,0,0.003643,0.674919
78918,87.846998,45.071027,Alces alces,56003281,Cervidae,LC,0,0,7.213375,13.011407,21.98583,1659.013836,33.622396,-25.600751,59.223147,175.501256,21.836279,5.787369,35.22407,60.663685,21.348835,55.880528,21.71367,582.775323,980.612991,83.890375,-0.825264,12.108251,-85.267987,6898.129471,4.910275,13.930547,36.515448,63.482647,0.001905,128.219947,2.632907,165.841397,199.469171,6.233903,10.546594,2.355922,0,0,0,0,0,0,0,0,0,0.340401,0,0,0,0,0,0.659599
74515,87.867929,36.885168,Alces alces,56003281,Cervidae,LC,0,0,-6.461293,13.986314,35.676629,931.365401,13.731053,-25.404888,39.135941,143.116336,46.621304,0,127.278013,110.834526,0.081982,110.834526,0.111159,4643.53963,534.639301,79.870095,-0.795328,10.293328,-125.997162,3935.49244,27.908569,11.070463,33.956721,65.220559,0.822721,144.761976,8.095704,265.358494,93.517207,13.072972,30.879392,3.651597,0,0,0,0,0,0,0,0,0,0.009114,0,0,0,0,0,0.990886
74837,87.907657,34.127721,Alces alces,56003281,Cervidae,LC,0,0,-7.328275,14.323359,35.062806,982.065636,13.905446,-26.930822,40.836268,197.818961,56.251092,1,114.677951,136.948369,3.02586,135.126744,3.082228,5123.316025,522.915739,68.532629,-0.681818,16.870365,-105.412591,3627.420165,31.484795,10.539577,38.984917,60.625375,0.389708,99.933246,12.15099,303.105174,42.645223,16.026261,40.473758,4.205168,0,0,0,0,0,0,0,0,0,0.355723,0,0,0,0,0,0.633096
73872,87.914288,42.352214,Alces alces,56003281,Cervidae,LC,0,0,7.18771,13.227921,28.671232,1191.994463,28.378651,-17.823106,46.201757,118.938144,25.488012,1.098901,81.408477,67.21711,4.718329,67.21711,4.718329,1544.981499,973.962893,86.938753,-0.869512,9.725734,-47.11499,6078.105341,57.669369,9.53474,26.008524,72.777817,1.213659,164.349422,2.61301,161.239525,207.571939,6.813438,11.617749,2.597088,0,0,0,0,0,0,0,0,0,0.074436,0,0.000332,0.000166,0,0,0.925066
79407,87.915304,47.2929,Alces alces,56003281,Cervidae,LC,1,0.394134,4.903217,11.671612,22.790536,1474.991818,27.954482,-23.246442,51.200924,152.126702,23.071424,5.350294,36.022287,53.654416,19.281208,53.370306,25.253775,544.795659,913.812362,85.912325,-0.835339,10.645364,-95.609619,6693.459682,4.524004,13.677489,50.795513,47.540125,1.664362,71.920082,4.924754,196.133847,169.144896,10.864362,22.642994,3.080281,0,0,0,0,0,0,0,0,0,0.808285,0.002651,0.107457,0.010688,0,0,0.057332
74194,87.938753,39.6182,Alces alces,56003281,Cervidae,LC,0,0,11.445232,17.471134,32.667312,1319.359733,35.969517,-17.491797,53.461314,33.573068,10.60078,0,89.993117,23.760286,1.30917,23.760286,1.398252,836.956095,1329.817223,98.182139,-0.98,1.697963,-5.840796,7546.46908,16.889594,13.558638,6.610057,93.167861,0.222082,266.785037,2.6894,169.327131,200.746864,6.631306,12.131745,2.719845,0,0,0,0,0,0,0,0,0,0.018721,0,0,0,0,0.000249,0.980865
74836,87.947153,33.205476,Alces alces,56003281,Cervidae,LC,0,0,-4.92642,14.910681,36.572514,969.517801,15.909913,-24.841477,40.751391,228.845657,59.17308,1.033904,106.350402,152.110494,5.023277,145.408761,5.104595,5044.448432,572.037025,66.284558,-0.662049,20.008998,-86.352158,3611.989349,33.766114,10.545114,37.870755,61.176718,0.952528,92.071677,16.417625,291.160477,54.074068,18.654042,49.979915,4.633171,0,0,0,0,0,0,0.000828,0,0,0.773977,0,0,0,0,0.000248,0.206311
78836,87.964702,44.605835,Alces alces,56003281,Cervidae,LC,0,0,7.703411,13.256163,21.557029,1722.059729,34.881161,-26.630827,61.511988,164.984588,20.477511,6.301243,34.490315,59.62078,21.894294,53.720781,22.989629,496.536501,1012.179016,84.357466,-0.830238,11.977462,-79.704275,7024.473378,4.957589,14.103239,35.443062,64.400133,0.156806,123.509226,2.760201,168.867465,197.013259,6.6288,11.423644,2.421771,0,0,0,0,0,0,0,0,0,0.994784,0,0.003063,0,0,0,0.002153
74835,87.967271,32.287837,Alces alces,56003281,Cervidae,LC,0,0,-3.611673,14.079534,37.302059,894.194699,15.538186,-22.202173,37.740359,269.039269,63.538114,2.161877,98.622758,171.448885,8.120805,158.710207,8.257346,5027.233604,608.255674,63.755268,-0.637136,23.362144,-69.456128,3535.092531,58.98022,9.410874,37.914912,61.154308,0.93078,92.250108,16.140359,286.373411,61.503905,18.876658,50.0363,4.60767,0,0,0,0,0,0,8.3e-05,0,0,0.83932,0.000332,0,0,0,0.002323,0.117876
73953,88.026432,41.881292,Alces alces,56003281,Cervidae,LC,0,0,8.37516,14.441935,29.892578,1219.43022,30.439691,-17.858272,48.297963,82.949279,19.575627,0.667692,85.780085,49.950117,2.784856,49.950117,2.784856,1390.329228,1049.010709,91.862683,-0.918802,6.488333,-34.611171,6363.401109,25.722877,10.756187,24.007703,75.641527,0.350769,197.241192,2.281358,156.787329,212.174561,6.029911,9.884472,2.484067,0,0,0,0,0,0,0,0,0,0.013243,0,0.000579,0,0,0,0.986178
74274,88.033508,39.147197,Alces alces,56003281,Cervidae,LC,0,0,11.300791,17.238397,32.563139,1308.957267,35.613052,-17.316731,52.929783,34.463702,10.915653,0.019553,93.039862,25.027555,1.519614,25.027555,2.537457,844.032557,1348.873536,98.213412,-0.98,1.696292,-7.761567,7655.800266,2.082832,13.095839,11.298764,88.493778,0.207458,238.799103,3.264644,185.792738,184.150901,7.662942,14.909632,2.840858,0,0,0,0,0,0,0,0,0,0.046317,0,0.000249,0.000331,0,0.074986,0.877952
79325,88.039164,46.828929,Alces alces,56003281,Cervidae,LC,1,0.255124,4.794706,11.964288,22.916494,1492.895702,28.175426,-24.026702,52.202128,157.453601,23.080027,4.881428,37.574442,54.949432,18.173406,53.127255,21.924996,625.854143,920.938691,85.644349,-0.837756,10.525845,-95.972959,6717.341189,7.188833,12.997003,39.542371,59.80431,0.653319,83.890378,4.369556,194.445402,171.167422,9.803957,19.692738,2.876538,0,0,0,0,0,0,0,0,0,0.864928,0.000331,0.007205,0.001159,0,0,0.122567
74757,88.059866,35.479812,Alces alces,56003281,Cervidae,LC,0,0,-7.777011,13.841701,34.769212,961.975744,12.992824,-26.775675,39.768499,177.030413,54.143569,0.621758,120.880758,128.636909,2.619061,128.63691,2.619061,5033.764023,496.953165,72.419276,-0.719901,13.689865,-122.084646,3673.499023,28.801211,10.524168,37.883474,61.539844,0.576682,99.722696,12.132108,306.438939,38.100491,15.946278,40.20069,4.208225,0,0,0,0,0,0,0,0,0,0.444739,0,0,0,0,0.000249,0.551118
78755,88.080052,44.140292,Alces alces,56003281,Cervidae,LC,0,0,6.219749,12.150582,23.139338,1482.387024,29.683429,-23.234788,52.918217,189.06192,25.318253,6.36636,40.63404,72.587838,21.521808,65.380787,22.685797,810.146851,963.555483,80.700374,-0.7942,14.116099,-81.468497,6666.293626,30.50652,10.863995,50.126431,45.416425,4.457145,137.837578,2.634726,169.219248,197.521881,6.470604,11.018676,2.396458,0.003231,0,0,0,0.000166,0,0,0,0.007539,0.87267,0.011847,0.084252,0.006793,0,0,0.011432
74355,88.123988,38.676326,Alces alces,56003281,Cervidae,LC,0,0,6.942018,15.197681,32.968409,1115.138663,28.069155,-17.980949,46.050104,57.536923,18.000978,0.057967,105.858108,43.38075,0.92846,43.38075,1.382653,1897.562411,1107.553048,95.970602,-0.96004,3.203322,-40.585188,6495.250074,88.740107,9.112506,19.968499,79.585598,0.445903,208.345728,4.58412,210.944081,156.272775,9.473047,19.886072,3.105861,0,0,0,0,0,0,0,0,0,0.000166,0,0,0,0,0.148053,0.851781
79244,88.160443,46.364671,Alces alces,56003281,Cervidae,LC,0,0,4.974176,12.462423,23.065541,1536.617463,29.114983,-24.933336,54.048319,157.035052,22.445029,5.070342,36.714432,54.911857,18.182089,53.635377,21.371551,681.677357,928.292564,84.817335,-0.83125,11.041625,-95.512104,6736.06619,8.776958,12.650637,39.506596,60.318734,0.17467,90.56049,4.120489,191.610182,174.004081,9.369216,18.545733,2.799837,0,0,0,0,0,0,0,0,0,0.913415,0,0.002734,0.000331,0,0,0.08352
74918,88.204953,33.622918,Alces alces,56003281,Cervidae,LC,0,0,-7.6569,14.308507,35.870695,953.721531,13.279768,-26.60073,39.880498,234.403945,64.553486,1,112.58196,160.456778,3.978937,155.932829,4.010015,5240.240093,510.498171,63.994954,-0.63643,19.183373,-102.891523,3512.387321,32.034179,10.418655,37.929053,61.138858,0.93209,93.615457,14.250487,300.666217,44.306293,17.528126,46.360085,4.491426,0,0,0,0,0,0,0,0,0,0.760027,0,0,0,0,0.00116,0.235416
74436,88.210014,38.205656,Alces alces,56003281,Cervidae,LC,0,0,-1.92221,14.320577,35.950314,940.639783,17.335996,-22.476092,39.812088,117.23991,36.375709,0.100802,119.580463,89.275846,0.588066,89.275846,0.596932,3751.407377,683.167603,87.739986,-0.876726,7.308567,-103.372824,4604.083515,79.283829,9.162118,29.904177,69.763994,0.331828,183.950532,6.003757,234.574776,128.891632,11.069175,24.750782,3.345588,0,0,0,0,0,0,0,0,0,0.008701,0,0,0,0,0,0.991299
74914,88.226492,29.969726,Alces alces,56003281,Cervidae,LC,0,0,-3.379334,14.022525,43.050003,679.03268,13.164536,-19.410261,32.574797,249.290475,68.33052,3.130047,109.213149,170.709807,10.884924,158.656435,11.630364,5198.588957,669.177062,66.953242,-0.666066,23.835945,-33.238867,3284.635861,102.033447,8.492379,36.118206,62.333699,1.548094,70.800616,39.856045,218.442109,127.432774,38.608541,114.278591,7.390771,0,0,0,0,0,0,0,0,0,0.889229,0,0,0,0,0.002983,0.107788
74114,88.240535,40.939123,Alces alces,56003281,Cervidae,LC,0,0,10.605883,15.945322,31.291304,1276.520549,34.165539,-16.770085,50.935624,41.523917,12.19172,0,89.648005,28.39618,0.409478,28.39618,0.409478,1042.412043,1205.656848,96.603821,-0.96529,2.916896,-14.452538,7011.498042,13.303992,12.492519,6.852397,93.012633,0.134969,242.908646,2.603669,168.172281,201.409721,6.329529,11.415728,2.590617,0,0,0,0,0,0,0,0,0,8.3e-05,0,0,0,0,0.007372,0.992545
74916,88.241766,31.788094,Alces alces,56003281,Cervidae,LC,0,0,-0.326733,13.480015,36.90709,863.64317,17.791376,-18.648934,36.44031,323.256418,74.247426,2.691631,97.256659,202.371347,9.95713,190.341274,9.99232,4736.72665,688.433818,63.230628,-0.632237,27.204519,-46.027523,3608.692041,44.128466,10.198901,39.049871,60.157311,0.792818,86.874217,19.914166,277.09199,68.838792,20.704656,57.35004,5.027436,0,0,0,0,0,0,0.002401,0,0,0.815563,0.000414,0,0,0,0,0.059851
79651,88.365515,48.118149,Alces alces,56003281,Cervidae,LC,1,1,-6.388202,9.43179,24.143925,1144.096401,13.918291,-25.01733,38.935622,227.893601,45.09925,3.700881,68.902149,113.044491,14.215064,113.044491,15.854269,2413.306564,582.886417,67.753558,-0.637744,17.662133,-137.74286,4687.609221,111.372068,8.142129,66.364234,30.028744,3.607022,64.949645,5.518832,208.259918,157.284568,12.40702,26.472752,3.275285,0.00058,0,0.000166,0,0.000745,0,0.00116,0.004224,0.001077,0.945498,8.3e-05,0.000248,0,0,0.001077,0.045142
79569,88.487832,47.654399,Alces alces,56003281,Cervidae,LC,1,1,2.325635,11.927623,24.581184,1387.89432,25.150033,-23.499115,48.649149,173.33401,28.144934,5.165288,42.367711,65.598406,19.033369,65.587889,25.334847,1134.602192,807.661391,83.229082,-0.790453,12.365191,-110.159049,6077.07984,55.673655,9.952438,56.23344,40.752479,3.014081,67.801129,5.246357,205.654313,160.165115,11.867998,24.981171,3.197493,0,0,0.000166,0,0.000414,0,0,0.00323,0.000248,0.961319,0,0.026008,0.000994,0,0,0.005301
74995,88.501007,30.38015,Alces alces,56003281,Cervidae,LC,0,0,-3.684494,13.797398,40.869166,724.709623,13.570567,-20.185782,33.75635,290.588273,77.044471,2.582687,111.009676,199.117522,8.865274,187.923332,8.94662,5214.277864,643.349269,63.715275,-0.633414,25.607142,-42.452102,3277.326459,83.699297,8.846172,36.261283,61.892835,1.845882,72.898663,36.438142,234.701237,111.377459,33.448396,99.335889,6.813266,0,0,0,0,0,0,0,0,0,0.822745,0.001242,0,0,0,0.005964,0.139899
78999,88.50953,44.970062,Alces alces,56003281,Cervidae,LC,0,0,7.12607,13.516309,23.055849,1628.18197,33.54856,-25.095933,58.644494,168.354252,21.568842,6.009169,34.734425,58.300967,20.888072,54.466055,21.816676,636.752432,978.864024,83.531962,-0.820356,12.200353,-86.33814,6911.4741,6.455449,13.761524,35.321971,64.654131,0.023899,123.082663,2.782385,171.36229,194.873565,6.704502,11.64223,2.428925,0,0,0,0,0,0,0,0,0,0.298094,0,0,0.000166,0,0,0.70174
74996,88.510878,31.289026,Alces alces,56003281,Cervidae,LC,0,0,-2.010734,13.476715,38.16895,825.262315,15.941892,-19.303506,35.245397,347.591583,82.511286,2.653617,101.635686,222.955358,9.574161,210.853415,9.574443,4972.752732,649.583946,60.312841,-0.60309,28.206492,-49.35699,3414.79969,72.954992,9.173908,37.578637,61.101766,1.319597,81.41786,26.700759,257.962224,88.85314,25.890887,73.75505,5.742608,0,0,0,0,0,0,0,0,0,0.867959,0.000166,0,0,0,0,0.040176
74356,88.534521,39.525649,Alces alces,56003281,Cervidae,LC,0,0,11.097311,17.526182,32.746206,1315.298537,35.685722,-17.822418,53.50814,30.9399,9.51965,0,88.139523,22.20564,1.576751,22.20564,1.823257,809.896242,1342.070439,98.287838,-0.98,1.610935,-5.326092,7622.854967,0.818113,15.008557,9.112372,90.398811,0.488817,244.120473,2.998441,179.289888,190.858095,7.097445,13.45729,2.758247,0,0,0,0,0,0,0,0,0,0.005222,0,0,0,0,0,0.994364
79488,88.607556,47.190393,Alces alces,56003281,Cervidae,LC,1,1,4.226924,13.003592,24.401485,1507.183245,28.450298,-24.842372,53.29267,152.492854,22.992712,5.386787,35.754322,52.605644,19.264639,52.431363,25.727886,755.90049,893.653647,86.043565,-0.820417,11.168445,-105.21771,6631.471743,13.61335,11.959231,36.815998,62.468783,0.715219,79.897627,4.528231,199.451727,166.486397,10.227336,20.666835,2.927843,0,0,0,0,0,0,0,0,0,0.948559,0.001325,0.012177,0.001243,0,0,0.033963
74115,88.645333,41.786264,Alces alces,56003281,Cervidae,LC,0,0,9.288011,15.135844,30.086136,1273.401058,32.357766,-18.021638,50.379403,60.393489,14.640661,0.298359,80.9146,36.857527,2.29655,36.857527,2.29655,1177.134709,1112.284646,94.546085,-0.944993,4.414533,-31.423102,6745.771825,20.626597,11.310374,20.605535,79.22292,0.171545,221.271143,1.970564,154.842958,214.881337,5.245776,8.250351,2.368254,0,0,0,0,0,0,0,0,0,8.3e-05,0,0,0.001572,0,0,0.998345
74517,88.710813,38.583767,Alces alces,56003281,Cervidae,LC,0,0,1.305471,14.852569,35.275318,990.787429,21.383555,-20.701179,42.084734,92.124254,28.091145,0.022689,114.406545,69.452583,1.062135,69.452582,1.062135,3164.444755,803.302793,91.681867,-0.91669,5.666713,-80.54852,5085.065216,85.66595,9.372565,25.495827,74.284981,0.219192,200.852527,5.481012,223.153237,140.777893,10.087912,22.037157,3.217101,0,0,0,0,0,0,0,0,0,0,0,0,0,0,0,1
79406,88.724765,46.72612,Alces alces,56003281,Cervidae,LC,1,0.910911,4.166298,13.107833,24.347582,1514.402607,28.466239,-25.384922,53.851161,158.685824,22.629055,5.665638,34.087392,53.256563,20.194763,51.925537,24.815451,766.757113,909.808365,85.332077,-0.819738,11.351942,-104.730189,6723.587089,8.590985,12.249636,35.054254,64.779959,0.165787,85.619341,4.312191,196.75638,169.194986,9.845964,19.66822,2.865293,0,0,0,0,0,0,0,0,0,0.917157,0,0,0.000166,0,0,0.082677
78835,88.730655,44.038673,Alces alces,56003281,Cervidae,LC,0,0,4.166349,12.145153,25.155926,1354.599049,26.331153,-22.566155,48.897308,196.903323,30.096841,4.944549,48.45625,82.67214,17.187094,79.576217,17.637343,1278.980948,899.889673,77.227696,-0.760701,14.830433,-89.165063,6311.357936,56.070449,9.822935,50.04425,45.505604,4.450146,143.261491,2.566782,169.695751,197.3639,6.335995,10.75991,2.374691,0.00058,0,0,0,0,0,0,0.000249,0.010854,0.818958,0.002071,0.114011,0.00406,0,8.3e-05,0.049134
75076,88.759037,29.883827,Alces alces,56003281,Cervidae,LC,0,0,-2.728857,13.278303,42.427028,655.952449,13.159119,-18.135906,31.295025,275.305426,81.74121,1.75833,125.36043,201.82173,5.748332,196.830142,5.765573,5103.779749,693.993133,66.817402,-0.663378,25.03208,-26.52837,3283.639407,133.381055,8.122416,36.713922,61.115446,2.170632,62.745224,46.303883,197.778969,149.882733,44.362367,132.633916,8.08502,0,0,0,0,0,0,0,0,0,0.92927,0,0,0,0,0,0.07073
75077,88.775151,30.790598,Alces alces,56003281,Cervidae,LC,0,0,-1.576975,14.196674,40.03343,788.25417,16.577892,-18.873141,35.451033,351.40436,89.570113,2.181731,109.909678,235.618606,7.575054,226.339809,7.584775,5016.314726,661.646821,60.696095,-0.603693,28.770987,-41.782706,3349.530322,70.723261,9.304919,36.33182,61.836433,1.831747,73.825389,34.556267,236.950405,110.350137,32.196415,94.911979,6.589757,0,0,0,0,0,0,8.3e-05,0,0,0.894523,8.3e-05,0,0,0,0.012594,0.087083
74598,88.792567,38.11314,Alces alces,56003281,Cervidae,LC,0,0,-4.759784,13.937585,35.389015,939.311222,14.775265,-24.459422,39.234687,141.606573,43.372938,0.332918,119.620445,106.088776,1.366446,106.035139,1.368273,4173.46194,592.32033,83.373869,-0.831724,8.83297,-115.177718,4176.414137,73.430353,9.35204,29.453589,69.895332,0.651079,181.664924,6.089379,236.150101,126.381172,11.014673,24.580102,3.330332,0,0,0,0,0,0,0,0,0,0.014579,0,0,0,0,0.007869,0.977551
78754,88.837931,43.572449,Alces alces,56003281,Cervidae,LC,0,0,-1.485363,10.97434,29.401099,996.626707,16.762317,-20.583721,37.346038,258.766944,50.704992,3.443228,74.293406,132.495854,11.893099,132.410422,11.893099,2662.417646,660.183494,62.836108,-0.617667,20.677905,-109.365032,4812.909925,125.320796,7.971803,40.140774,52.64268,7.216546,178.127565,2.163303,160.110853,207.673702,5.531731,8.890711,2.3102,0.004969,0,0,0,0.000828,0,0,0.001822,0.000248,0.743995,0.00323,0.013749,0,0,0.000331,0.230827
79324,88.839532,46.261565,Alces alces,56003281,Cervidae,LC,1,0.403046,4.386149,13.179529,24.450524,1507.065983,28.661879,-25.24923,53.91111,163.278703,22.691796,5.770432,34.115166,54.893586,20.141904,53.436116,23.697952,813.614316,914.198408,84.214456,-0.813244,11.865151,-101.759025,6704.839527,7.30025,12.811732,37.007725,62.836557,0.155718,93.220547,4.041592,192.939052,172.988946,9.315017,18.335877,2.783406,0,0,0,0,0,0,0,0,0,0.893573,0,0.002071,0,0,0,0.104356
74276,88.849355,40.843839,Alces alces,56003281,Cervidae,LC,0,0,10.596961,16.483042,32.103358,1272.746313,34.47001,-16.880635,51.350644,34.678741,10.157494,0.002999,87.856088,24.326203,0.536629,24.326203,0.536629,1000.753789,1225.246783,97.325178,-0.973223,2.328884,-15.609764,7153.660515,10.054639,12.851479,4.316935,95.674762,0.008303,240.690551,2.578256,168.377901,201.190004,6.187533,11.177261,2.553551,0,0,0,0,0,0,0,0,0,0,0,0,0,0,0,1
74759,88.942344,37.172894,Alces alces,56003281,Cervidae,LC,0,0,-4.443843,15.081689,36.984502,943.065238,15.936636,-24.829545,40.766181,141.410547,44.397485,0.001848,124.135784,108.3255,0.176105,108.3255,0.18534,4346.35244,583.494105,82.338067,-0.821902,9.751616,-110.535246,4081.065266,24.304045,11.193363,32.397809,67.514362,0.087829,134.137336,8.513354,271.29552,83.98179,13.223622,31.385289,3.664807,0,0,0,0,0,0,0,0,0,0.023524,0,0,0,0,0,0.976476
75155,88.954547,27.587836,Alces alces,56003281,Cervidae,LC,0,0,1.782836,11.877708,42.348581,545.893666,16.049076,-12.002696,28.051772,506.058945,117.718891,3.84244,95.751892,293.005511,16.977723,292.931243,25.011168,4220.200096,758.457081,55.686262,-0.34134,65.636856,17.302029,2453.502484,178.96567,7.831994,53.244167,29.847416,16.908417,47.551124,68.288599,90.336748,263.480868,67.793877,198.427147,10.615154,0.072251,0,0,0.043417,0.048057,0,0,0.068854,0.028586,0.636672,8.3e-05,0,0.000497,0,0.000331,0.101251
75162,89.011162,33.950992,Alces alces,56003281,Cervidae,LC,0,0,-10.405862,13.104526,33.598014,963.867893,10.28468,-28.63928,38.92396,276.268763,79.595292,1.025585,118.159307,192.659293,3.824034,190.918219,4.247526,5394.3824,460.001737,57.065341,-0.564025,20.472172,-114.595791,3363.732687,46.110578,9.807593,32.546594,65.646039,1.807367,93.041471,12.933197,303.979492,39.957601,16.71478,43.399751,4.328013,0,0,0,0,0,0,0,0,0,0.370195,0,0,0,0,0.141402,0.488403
75158,89.035063,30.292774,Alces alces,56003281,Cervidae,LC,0,0,-2.920061,14.069208,41.398527,701.626841,14.33745,-19.650357,33.987806,316.418683,89.580968,1.750121,121.270672,225.327437,5.450212,220.985659,5.450212,5130.046999,663.247005,63.53819,-0.63402,26.44175,-37.079776,3279.74247,97.209896,8.989281,39.811401,57.716915,2.471683,71.476038,36.514198,231.815113,115.662406,33.564027,99.571685,6.808727,0,0,0,0,0,0,0,0,0,0.950041,0,0,0,0,0,0.049959
75161,89.040545,33.029859,Alces alces,56003281,Cervidae,LC,0,0,-4.52919,14.676683,36.980549,936.36272,15.642697,-24.032595,39.675292,310.882582,82.499435,1.608843,111.271975,207.185112,5.760506,205.205566,5.760506,4983.5556,576.298814,60.478763,-0.604902,23.744641,-82.191303,3569.083299,24.985685,10.957417,40.530855,58.463389,1.005756,91.821186,15.5352,288.911659,57.350218,18.377634,49.648556,4.663818,0,0,0,0,0,0,0.000497,0,0,0.922567,0,0,0,0,0,0.0506
75159,89.048694,31.201096,Alces alces,56003281,Cervidae,LC,0,0,-0.615221,13.677694,38.216777,830.710282,17.349736,-18.417735,35.767472,388.332702,97.858108,2,109.714015,257.069324,6.985369,250.735475,6.985369,4846.615687,671.556267,58.88693,-0.589103,30.291661,-44.303635,3440.685942,55.838391,9.674474,39.481222,59.40707,1.111708,77.768699,27.69367,255.14562,91.399862,26.615933,77.792923,5.868382,0,0,0,0,0,0,0.000249,0,0,0.905898,0.002319,0,0,0,0,0.034543
74116,89.056246,42.630544,Alces alces,56003281,Cervidae,LC,0,0,13.503404,14.038137,26.2051,1450.385478,37.788785,-15.912952,53.701737,30.604488,6.678334,0.456929,54.853385,16.54801,2.205616,16.54801,2.567302,228.796141,1285.686827,97.33921,-0.973755,2.192175,-20.435878,7880.10881,20.956097,11.537226,17.875427,81.774108,0.350465,198.233735,1.976424,157.950096,210.840501,5.090495,8.021791,2.274651,0,0,0,0,0,0,0,0,0,0.104134,0,0.012178,0.005136,0,0.004308,0.874244
74518,89.129136,39.43022,Alces alces,56003281,Cervidae,LC,0,0,11.05937,17.537655,32.956648,1299.795659,35.640263,-17.570073,53.210336,25.852858,8.067958,0,86.999248,19.210281,0.768321,19.210281,1.426026,839.344672,1340.308767,98.371299,-0.98,1.544078,-2.712153,7563.690682,3.766735,13.022741,8.82529,91.00993,0.16478,231.877944,3.067604,181.783936,188.251619,7.150121,13.625212,2.741006,0,0,0,0,0,0,0,0,0,0.038595,0,0.003064,0.000414,0,0.152973,0.80487
74197,89.161029,42.159404,Alces alces,56003281,Cervidae,LC,0,0,9.925468,15.072614,30.108217,1279.243903,33.196442,-16.920809,50.117251,55.306909,12.622348,0.581973,76.18089,32.769196,2.60339,32.769196,2.60339,1043.319155,1121.593179,94.905284,-0.948593,4.055266,-36.195981,6919.024772,20.549548,11.288675,13.744968,86.141236,0.113796,205.139346,1.928755,156.788022,212.184545,4.972979,7.782587,2.265862,0,0,0,0,0,0,0,0,0,0,0,0,0,0,0.000414,0.999586
79079,89.169881,44.866093,Alces alces,56003281,Cervidae,LC,0,0,7.713642,14.209777,24.805298,1578.369798,33.752829,-23.71325,57.466079,142.784331,20.742896,5.273808,38.165343,52.968675,17.076817,50.819926,19.076366,644.978223,992.774445,84.704399,-0.834142,11.262662,-83.836993,6989.449849,8.206687,12.820735,27.778056,71.983826,0.238118,141.704063,2.536639,173.046696,194.066765,6.367864,10.91222,2.354726,0,0,0,0,0,0,0,0,0,0.028086,0,0,0,0,0,0.971914
75082,89.18064,35.299095,Alces alces,56003281,Cervidae,LC,0,0,-6.66154,13.1901,34.370768,931.760222,13.193745,-25.005859,38.199603,205.387795,61.297654,0.950317,120.023549,148.042495,2.950317,148.042495,2.950317,4895.715814,523.001353,69.942218,-0.697266,15.698507,-109.033564,3702.664946,17.314814,11.416618,34.926635,63.069502,2.003864,95.445477,12.795272,305.604132,36.564381,16.222071,41.815065,4.286408,0,0,0,0,0,0,0,0,0,0.496272,0.000166,0,0,0,0.007705,0.396935
79650,89.184423,47.549012,Alces alces,56003281,Cervidae,LC,1,1,-0.695044,11.03428,25.081683,1259.023282,20.779347,-23.30555,44.084897,168.211557,31.046512,3.227838,56.922615,74.191375,12.805074,74.191375,14.224489,1678.436193,737.821778,80.932785,-0.78724,11.762849,-122.768651,5659.600838,92.690541,8.571538,63.193705,26.027356,10.77894,73.270405,4.783905,209.695687,157.16274,11.074654,22.487835,3.029186,0.001242,0,0.000828,0,0.00058,0,0.000166,0.027164,0.003727,0.965549,0,0,0,0,0,0.000745
75243,89.264854,34.367447,Alces alces,56003281,Cervidae,LC,0,0,-6.764733,14.15157,35.377195,964.247886,14.037894,-25.919692,39.957586,253.277759,73.412782,1,118.733983,178.16414,3.011226,178.161949,3.341712,5030.2128,522.253772,63.520986,-0.633948,19.282945,-102.288766,3601.835481,27.373809,10.828726,36.643965,61.58565,1.770385,92.242669,13.244737,306.748565,34.826922,16.733547,43.655899,4.3697,0,0,0,0,0,0,0,0,0,0.618125,0,0,0,0,0.000166,0.347416
78998,89.275567,44.400291,Alces alces,56003281,Cervidae,LC,0,0,7.676078,14.163599,23.577076,1672.318274,34.384245,-25.711673,60.095918,139.533465,19.206976,5.184756,36.478736,50.316346,17.448811,48.86917,18.267343,579.696259,1033.804366,86.204614,-0.850406,10.304401,-79.280829,7187.697708,1.826144,13.273627,44.299395,55.290979,0.409626,146.020921,2.469921,170.769748,196.450601,6.122861,10.30843,2.329946,0,0,0,0,0,0,0,0,0,0.728463,0,0.017975,0.002071,0,0,0.251243
79568,89.297391,47.084757,Alces alces,56003281,Cervidae,LC,1,1,2.545129,12.736025,24.731141,1457.976752,26.310225,-25.252322,51.562547,157.647129,25.2187,4.877885,40.433072,57.774851,18.259514,57.601965,21.754717,1117.577037,850.710468,84.572448,-0.806411,11.461033,-117.651205,6425.180961,43.243753,10.119291,46.780065,51.199143,2.020792,78.113419,4.603289,207.057907,159.816358,10.732797,21.611436,2.981606,8.3e-05,0,0,0,0,0,0,0.000994,0.000331,0.967034,0,0.003396,0.003313,0,0,0.024269
75242,89.302627,33.444191,Alces alces,56003281,Cervidae,LC,0,0,-6.268447,14.692202,37.121548,932.98757,14.102261,-25.473342,39.575603,304.065967,84.548435,1.030786,115.825647,207.769592,4.620849,207.344155,4.620849,5111.885333,531.841215,58.563261,-0.584422,22.844725,-94.060103,3514.581068,27.676741,10.71351,38.85279,60.241228,0.905982,91.608215,15.592286,291.990833,52.47728,18.260165,49.421518,4.669113,0,0,0,0,0,0,0,0,0,0.922695,0,0,0,0,8.3e-05,0.073743
75239,89.310771,30.701724,Alces alces,56003281,Cervidae,LC,0,0,-2.845865,14.321002,40.411136,754.120032,15.126898,-20.313858,35.440755,363.245985,99.040243,1.934196,117.564631,251.146142,5.964002,248.139358,5.964002,5071.663727,647.142905,60.012695,-0.599967,28.445151,-45.15983,3312.51123,64.103147,9.489819,39.544579,58.078303,2.377118,72.496693,34.666744,234.970073,113.251145,32.198476,95.035062,6.602775,0,0,0,0,0,0,0,0,0,0.985093,0,0,0,0,0,0.014907
75241,89.319912,32.525707,Alces alces,56003281,Cervidae,LC,0,0,-2.713224,14.720871,37.77395,910.365127,16.772865,-22.188989,38.961853,357.314603,93.014929,2,110.895889,236.131666,6.986598,234.954915,6.986598,4858.604391,614.69369,58.586091,-0.585703,26.848155,-69.735784,3572.666375,28.784015,10.914528,40.650052,58.400531,0.949417,88.793177,16.884326,277.437771,71.451907,19.28826,52.745472,4.818582,0,0,0,0,0,0,0.000414,0,0,0.957004,0.000166,0,0,0,0,0.022616
74358,89.361423,41.216886,Alces alces,56003281,Cervidae,LC,0,0,8.486009,15.078848,31.529831,1192.416951,30.942238,-16.830761,47.772999,47.552254,13.105234,0.024885,91.359688,32.619184,1.111121,32.619184,1.111121,1362.985004,1115.312035,95.873396,-0.959011,3.353487,-32.533774,6704.908993,17.388016,11.144127,11.949219,87.867933,0.182848,237.352724,2.141247,160.564828,208.982812,5.344858,8.846156,2.391447,0,0,0,0,0,0,0,0,0,8.3e-05,0,0,0,0,8.3e-05,0.999834
78916,89.379141,43.934148,Alces alces,56003281,Cervidae,LC,0,0,5.49412,12.909991,25.241542,1428.918941,28.348312,-22.891747,51.240059,159.375879,23.883727,3.932391,48.494685,63.264855,13.875616,62.182417,14.066468,976.393226,977.564553,83.754426,-0.829688,11.452365,-81.542604,6792.233062,19.902211,10.468608,61.890005,34.680122,3.429873,149.825135,2.478827,169.642277,197.648962,6.141129,10.368352,2.342605,0.003563,0,0,0,0.000414,0,0,0.002403,0.000497,0.597432,0.000166,0.37937,0.013919,0,0,0.002237
79487,89.407986,46.620237,Alces alces,56003281,Cervidae,LC,1,1,3.334822,13.539396,24.383569,1563.489462,28.441994,-27.104517,55.546511,154.044059,22.872494,5.938515,35.35866,52.496165,19.816953,51.671667,24.569252,898.746831,901.884146,85.680878,-0.81289,11.514364,-111.928556,6732.997386,8.972216,12.264561,35.256374,64.291933,0.451693,87.026122,4.256237,198.71396,167.582909,9.879165,19.62652,2.859012,0,0,0,0,0,0,0,0,0,0.951438,0,0.001492,0.000829,0,0,0.046242
74841,89.44728,37.547629,Alces alces,56003281,Cervidae,LC,0,0,-2.981577,12.87599,33.127831,941.878013,16.04125,-22.435362,38.476612,123.518974,38.25365,0.017057,121.167578,94.249604,0.346325,94.249604,0.363136,4047.153182,635.774332,85.31531,-0.852397,8.591959,-98.920396,4257.358614,30.020475,11.644694,25.74414,72.869747,1.386113,140.39061,7.473852,264.07589,92.942231,12.686443,29.28008,3.513488,0,0,0,0,0,0,0,0,0,0.01301,0,0,0,0,0.004558,0.693404
74439,89.456837,40.745575,Alces alces,56003281,Cervidae,LC,0,0,10.862865,16.527493,31.886965,1288.913925,34.988961,-16.856964,51.845926,26.111248,8.219755,0,89.696641,19.768923,0.323837,19.768923,0.406864,940.918359,1250.026031,97.827291,-0.97735,1.916776,-14.103879,7280.799137,7.449904,13.277665,3.947584,96.032286,0.02013,239.993816,2.508411,167.42674,202.270156,5.966456,10.723469,2.509561,0,0,0,0,0,0,0,0,0,0,0,0,0,0,0,1
78834,89.480663,43.467651,Alces alces,56003281,Cervidae,LC,0,0,-1.263918,10.591207,29.03382,984.194337,16.577308,-19.958183,36.535491,237.472255,48.411842,2.899098,76.461612,125.373866,9.963601,125.373866,9.963601,2627.641351,679.335776,67.682299,-0.669293,18.105226,-103.740294,4907.372115,152.019569,7.70457,43.392279,44.324738,12.282983,186.460886,2.053885,159.220858,208.67128,5.249234,8.333047,2.26315,0.012085,0,0.000248,0,0.0024,0,0,0.014486,0.005877,0.650443,0.007532,0.078719,0.000248,0.000662,8.3e-05,0.227216
79405,89.516278,46.15544,Alces alces,56003281,Cervidae,LC,1,0.929334,4.450958,13.175234,25.262409,1450.396744,28.461075,-23.720232,52.181307,151.863544,23.155609,5.877592,36.235414,53.403269,19.305712,52.980055,22.93286,937.81192,901.206919,84.627194,-0.81044,11.915535,-103.166081,6627.045782,8.617391,12.440283,33.633344,66.019178,0.347479,106.810691,3.501377,187.670956,178.953323,8.442697,16.06729,2.652627,0,0,0,0,0,0,0,0,0,0.634255,0,0.002899,0,0,0,0.362846
75319,89.543462,29.298779,Alces alces,56003281,Cervidae,LC,0,0,1.156654,14.069498,41.689815,694.057734,18.025569,-15.720207,33.745776,295.618347,95.05888,0.257718,137.625779,230.889055,1.571254,230.889055,1.605591,4515.771307,851.480279,69.183393,-0.676231,29.643995,14.806273,3355.255166,136.479887,8.194806,39.214993,57.96989,2.815117,60.426752,48.360141,200.951227,147.011916,43.673832,132.568713,8.125641,0,0,0,0,0,0,0,0,0,0.936775,0,0.003895,0.00116,0,0,0.05817
74519,89.548917,40.27428,Alces alces,56003281,Cervidae,LC,0,0,10.668109,17.003602,31.717235,1328.923138,35.21599,-18.393451,53.609441,23.991572,6.844555,0,74.73642,16.466912,1.901841,16.466912,1.91319,800.540337,1311.756441,98.358295,-0.98,1.510564,-5.255968,7506.212163,1.044318,15.318862,2.336412,97.663588,0,249.141139,2.414867,165.655668,204.877104,5.67357,10.156585,2.498548,0,0,0,0,0,0,0,0,0,0,0,0,0,0,0,1
75002,89.579668,36.608547,Alces alces,56003281,Cervidae,LC,0,0,-7.727202,12.754226,33.766685,924.924263,11.771531,-25.895999,37.667529,181.248217,55.106627,0.626336,120.709077,133.212093,2.485813,133.212093,2.626769,4771.686487,508.117585,74.548734,-0.741571,12.646925,-118.138304,3709.300492,60.057736,9.830801,36.260549,62.179361,1.560089,131.700438,9.121461,275.411901,76.928386,13.403882,32.157995,3.737541,0,0,0,0,0,0,0,0,0,0.301085,0,0,0,0,0.001988,0.67887
75321,89.585939,31.110704,Alces alces,56003281,Cervidae,LC,0,0,-1.342167,14.045761,38.575378,826.454415,16.969262,-19.397271,36.366533,403.35752,107.644155,1.895778,116.093908,274.720688,6.045384,273.703379,6.045384,4891.686494,656.610206,57.535378,-0.575196,30.518958,-48.360869,3408.488566,36.065367,10.620968,39.315507,59.225706,1.458787,71.823042,33.080015,240.153045,107.06683,30.976243,90.947028,6.415096,0,0,0,0,0,0,0,0,0,0.886505,0.00174,0,0,0,0,0.044901
79323,89.622334,45.690353,Alces alces,56003281,Cervidae,LC,1,0.006511,4.624822,13.157002,25.90758,1404.362958,28.148685,-22.64159,50.790274,154.598035,24.681947,5.314401,39.758133,57.200745,18.676696,56.936926,20.407913,1044.393632,886.966498,82.275283,-0.803175,12.568199,-94.760211,6426.541479,7.355949,12.853298,31.244611,68.465137,0.290252,118.678314,2.966967,179.323444,187.598206,7.366989,13.21319,2.514614,0,0,0,0,0,0,0,0,0,0.003976,0,0,0,0,0,0.996024
74600,89.63754,39.803047,Alces alces,56003281,Cervidae,LC,0,0,11.31844,17.153036,31.968342,1325.837623,36.127069,-17.498668,53.625736,21.843071,6.562684,0,77.176291,15.599918,1.244878,15.599918,1.872609,795.437786,1336.17535,98.478114,-0.984529,1.434807,-1.13655,7550.8353,0.514729,14.989669,4.76493,95.223619,0.011451,248.315742,2.434672,165.869057,204.714123,5.681816,10.204245,2.50362,0,0,0,0,0,0,0,0,0,0.00174,0,0,0,0,0,0.99826
74278,89.682564,42.529617,Alces alces,56003281,Cervidae,LC,0,0,13.898994,14.23864,26.487367,1445.049524,38.287107,-15.508679,53.795786,20.663935,4.86424,0.061507,57.970143,12.263034,1.477467,12.263034,1.782302,166.427421,1328.109642,98.398599,-0.984079,1.376062,-17.922387,8074.361183,17.107597,12.043494,16.642782,83.213059,0.144159,205.626261,1.732742,153.759702,214.350311,4.368139,6.599305,2.135723,0,0,0,0,0,0,0,0,0,0.050314,0,0.042536,0,0,0,0.90715
75164,89.691956,35.671914,Alces alces,56003281,Cervidae,LC,0,0,-9.636467,12.401975,32.832349,936.703012,10.250778,-27.468806,37.719584,225.131298,68.23935,0.981453,122.261603,163.573411,2.980918,163.529229,2.999477,5134.470121,458.928266,64.897782,-0.643381,16.321887,-122.467918,3463.70284,37.18899,10.182182,32.158995,66.001043,1.839962,95.887923,12.565129,303.883069,38.762683,16.097508,41.386049,4.25944,0,0,0,0,0,0,0,0,0,0.03778,0,0,0,0,0.055261,0.899669
74681,89.722575,39.331922,Alces alces,56003281,Cervidae,LC,0,0,9.430628,16.574264,33.438201,1192.651091,32.301955,-17.281076,49.583031,26.568346,8.711222,0,97.221164,21.411844,0.152056,21.411844,0.210231,1234.65174,1247.152359,97.960746,-0.978854,1.856672,-11.616697,7068.641845,16.150943,10.749504,6.615678,93.368769,0.015553,236.279559,2.962717,180.131637,189.61605,6.66937,12.752571,2.629166,0,0,0,0,0,0,0,0,0,8.3e-05,0,0,0,0,0.376802,0.623115
75244,89.739924,35.2048,Alces alces,56003281,Cervidae,LC,0,0,-6.960053,13.636606,35.370262,925.772332,13.048436,-25.479161,38.527597,223.622984,66.868751,1,121.001306,161.597503,3.004614,161.597503,3.004614,4927.929373,514.993562,66.826451,-0.665924,17.137703,-107.062547,3641.081655,22.453669,11.144308,36.507941,61.673295,1.818764,93.123042,13.807287,308.726403,27.926323,16.524152,43.334186,4.44095,0,0,0,0,0,0,0,0,0,0.51673,0,0,0,0,0.001905,0.462316
74359,89.782118,42.058357,Alces alces,56003281,Cervidae,LC,0,0,10.646168,15.76183,29.947622,1341.850706,35.096894,-17.545492,52.642387,36.385784,9.181026,0.005426,77.707833,23.444366,1.844512,23.444366,1.844759,871.055414,1183.899187,96.862259,-0.968179,2.593573,-30.1905,7215.473557,16.766452,11.512274,8.461645,91.475521,0.062834,212.12503,1.786456,154.882605,213.905105,4.563908,6.97032,2.188325,0,0,0,0,0,0,0,0,0,0,0,0,0,0,0.099048,0.900952
75400,89.792666,28.802533,Alces alces,56003281,Cervidae,LC,0,0,-0.253257,14.329225,42.1193,709.399087,17.250256,-16.783868,34.034124,251.300514,78.730347,0.939474,131.490518,191.44676,3.262186,191.44676,3.262186,4740.223768,781.855224,68.199464,-0.68072,27.460799,6.365703,3048.954006,123.301837,8.380101,35.78646,61.496314,2.717227,56.376017,56.386504,152.767845,199.508556,51.932109,155.280388,9.061704,0,0,0,0,0,0,0.000166,0,0,0.858267,0,0.017313,0,0,0,0.124254
74761,89.803877,38.860961,Alces alces,56003281,Cervidae,LC,0,0,0.202337,14.351407,35.243203,972.766511,19.874072,-20.852247,40.726319,88.681715,27.042792,0.022448,114.274893,67.487471,0.699974,67.487471,0.708252,3243.404677,775.99153,91.126066,-0.911067,5.741025,-78.014743,4911.911025,75.099931,8.799409,22.272059,76.986623,0.741318,211.083653,4.345735,204.784083,161.633414,8.541556,17.747882,2.948131,0,0,0,0,0,0,0,0,0,0.000994,0,0,0,0,0,0.999006
75406,89.818052,34.273642,Alces alces,56003281,Cervidae,LC,0,0,-8.515835,13.558928,34.878532,938.447883,11.943419,-26.899532,38.842951,287.566009,84.196645,1.006861,120.611244,203.577243,3.067681,203.571479,4.021439,5198.055622,483.992294,56.927323,-0.56638,21.414956,-107.44061,3459.238518,28.406465,10.744259,35.731349,62.71327,1.555381,94.557508,12.983776,302.098249,40.178457,16.408199,42.606849,4.325844,0,0,0,0,0,0,0,0,0,0.57092,0,0,0,0,0.000497,0.409528
79160,89.827996,44.759258,Alces alces,56003281,Cervidae,LC,0,0,8.037512,14.380911,25.283793,1573.323481,33.76841,-23.226921,56.995331,121.873989,19.693247,4.182367,42.892815,47.857244,13.848101,47.634149,15.436762,645.814,1009.049506,87.067956,-0.861882,9.485795,-77.817358,7017.392188,9.943935,12.416351,26.426172,73.501978,0.07185,147.340629,2.272725,173.092996,194.491552,5.85507,9.698847,2.257957,0,0,0,0,0,0,0,0,0,0.002236,0,0,0,0,0,0.997764
79731,89.878492,47.440596,Alces alces,56003281,Cervidae,LC,1,1,-4.455086,9.614301,23.406633,1197.716101,16.140345,-24.831478,40.971823,181.467861,38.077934,2.313407,72.279194,92.473779,8.53476,92.472878,8.752489,2246.760458,656.219128,75.894621,-0.743184,13.031016,-134.855414,5137.245111,121.726987,8.155128,63.966152,25.896144,10.137703,56.590269,4.904254,221.938242,146.539073,11.651128,23.330849,3.068403,0.00522,0,0.000829,0,0.000166,0,0,0.022539,0.000912,0.946636,0.000249,0.003315,0.000829,0,0,0.016324
74842,89.881292,38.390224,Alces alces,56003281,Cervidae,LC,0,0,-0.586436,14.807064,35.603298,980.267728,19.833129,-21.673328,41.506457,95.971293,29.513426,0.046291,116.533881,73.239271,0.548938,73.239271,0.579556,3502.666026,731.809863,89.466975,-0.894533,6.429466,-82.68683,4656.626672,48.054908,9.916906,20.235723,79.492031,0.272246,168.271497,6.445725,240.891047,119.200236,11.027922,24.830053,3.319316,0,0,0,0,0,0,0,0,0,0.000994,0,0,0,0,0.005716,0.99329
79078,89.927723,44.293225,Alces alces,56003281,Cervidae,LC,0,0,7.35251,14.257,24.891427,1599.496347,33.151038,-24.132481,57.283519,122.109805,19.413636,3.755971,44.493971,47.949186,13.20869,47.907138,13.554451,700.331772,1025.976749,87.514856,-0.870547,8.940775,-74.978856,7059.515903,3.252163,12.101296,43.758691,55.781302,0.460006,150.049373,2.467178,172.454304,194.947792,6.233351,10.645303,2.340866,0,0,0,0,0,0,0,0,0,0.651213,0,0.034274,0.000911,0,0,0.313602
79649,89.984744,46.976147,Alces alces,56003281,Cervidae,LC,1,1,-0.612137,11.634584,24.46561,1357.472166,22.014483,-25.532251,47.546734,170.714346,31.610169,4.10478,54.001678,73.47658,14.596704,73.460049,15.701019,1697.282951,760.655702,80.407448,-0.776285,12.39564,-124.814689,5811.482323,70.69087,9.173414,59.789376,36.21162,3.999003,77.756088,4.501809,208.991464,158.184488,10.834489,21.573241,2.980826,0,0,0.000166,0,0,0,0,0.004388,0.000331,0.976486,8.3e-05,0.015897,0,0,0,0.001821
78997,90.025459,43.826852,Alces alces,56003281,Cervidae,LC,0,0,4.510811,12.413998,25.840361,1344.87828,26.505315,-21.68323,48.188545,137.422774,24.18364,2.76394,57.468551,61.37699,9.708839,61.376752,9.712889,1233.457497,941.802293,85.193176,-0.851706,9.976905,-75.397392,6432.585206,27.906723,9.989837,58.447361,35.613275,5.939364,170.927097,2.216531,166.27855,201.596033,5.518722,9.10541,2.270518,0.003563,0,0,0,0.00232,0,0,0.00754,0.004309,0.604027,0.001989,0.371282,0.004723,8.3e-05,0,0.000166
75480,90.038957,28.306738,Alces alces,56003281,Cervidae,LC,0,0,-5.665372,13.098691,41.036071,686.722619,11.336755,-20.619725,31.95648,265.81242,79.676794,1.99627,119.628273,187.563781,7.663814,187.013303,8.26333,5292.579923,632.769719,64.212423,-0.568658,30.987332,-19.961868,2632.617634,129.222219,8.344221,33.61506,64.402787,1.982153,48.734699,65.295007,117.719119,234.88512,61.73674,184.384996,10.115882,0,0,0,0,0.000249,0,0.00058,8.3e-05,0,0.449304,0,0,0,0,0.103131,0.446653
74601,90.062958,40.644344,Alces alces,56003281,Cervidae,LC,0,0,10.989137,16.565288,31.409228,1314.686978,35.441925,-17.295699,52.737624,20.259442,6.13423,0,76.905956,14.708429,0.984984,14.708429,1.648601,807.888131,1293.333438,98.339327,-0.980066,1.505351,-8.450886,7467.672605,2.387559,14.820905,4.140313,95.859211,0.000476,229.611977,2.493687,170.458488,200.220727,5.820201,10.42862,2.465813,0,0,0,0,0,0,0,0,0,8.3e-05,0,0,0,0,0.000248,0.999669
75481,90.072927,29.207148,Alces alces,56003281,Cervidae,LC,0,0,-0.781151,13.790176,41.836351,682.838304,15.882794,-17.053583,32.936377,281.367623,86.48376,0.857937,130.309765,212.678415,3.168096,212.65987,3.177349,4774.179458,782.958514,67.713585,-0.673111,27.883477,2.480347,3174.523378,148.291045,7.951395,38.779228,57.616115,3.604657,59.606172,49.563666,183.650555,167.723309,45.574233,136.959287,8.347446,0,0,0,0,0,0,0,0,0,0.870444,0,0.003231,0,0,0.00729,0.119036
75084,90.088465,36.980058,Alces alces,56003281,Cervidae,LC,0,0,-3.232776,14.968394,36.53941,947.806668,17.146747,-23.774877,40.921624,134.987232,40.615586,0.126983,118.606238,100.719294,1.715951,100.719294,1.986668,4189.13861,621.091644,83.115719,-0.830748,9.870222,-94.207357,4109.640151,23.313188,11.475491,37.973535,61.04152,0.984945,143.041149,7.815302,267.545265,87.927621,12.549709,29.383502,3.537504,0,0,0,0,0,0,0,0,0,0.271266,0,0,0,0,0,0.728734
79567,90.088766,46.511436,Alces alces,56003281,Cervidae,LC,1,1,2.415573,12.441874,24.702946,1424.493895,25.665691,-24.771512,50.437203,155.747994,26.633631,5.505287,43.09862,60.145173,17.966914,60.129191,20.77697,1255.947474,845.98839,84.053266,-0.802152,11.79651,-112.651631,6319.154326,31.537198,10.41471,41.850635,56.792197,1.357168,96.753655,3.826888,198.699915,168.724088,9.615079,18.509945,2.827027,0,0,0,0,0,0,0,0,0,0.884351,0,0.023445,0.004722,0,0,0.087482
75486,90.11207,33.764,Alces alces,56003281,Cervidae,LC,0,0,-6.814527,13.854271,35.769387,917.118664,13.193863,-25.459365,38.653228,318.738279,91.460955,1.395564,118.860031,223.086893,4.860907,223.014267,5.10623,5090.915872,519.983259,55.023647,-0.549266,23.925461,-95.630658,3507.305087,31.612449,10.550829,37.957312,60.026384,2.016304,94.905427,13.533136,289.004257,56.099927,17.036321,44.669642,4.420171,0,0,0,0,0,0,0,0,0,0.831401,8.3e-05,0,0,0,0.000497,0.098129
75485,90.131475,32.844124,Alces alces,56003281,Cervidae,LC,0,0,-5.718636,14.441203,37.225089,897.163213,14.040079,-24.751047,38.791126,380.171733,105.229966,2,117.025925,261.574482,6.237231,261.574481,6.433168,5081.514565,547.684727,51.841549,-0.518262,27.424296,-84.551995,3465.273604,37.419114,10.527218,39.04132,59.789258,1.169423,84.926848,16.284423,274.387151,75.239772,19.064157,52.333141,4.765134,0,0,0,0,0,0,0,0,0,0.970089,0,0,0,0,0,0.029911
75165,90.148513,36.510955,Alces alces,56003281,Cervidae,LC,0,0,-8.344322,12.611196,33.894393,908.096222,11.049064,-26.11945,37.168514,193.03544,58.085632,0.979515,120.279816,140.896062,2.979249,140.896062,2.992282,4852.361598,490.350758,71.842551,-0.714263,13.71764,-117.40255,3607.762794,62.325935,9.682077,37.839363,59.231153,2.929483,129.513947,8.929013,274.086415,78.721259,13.266731,32.040962,3.71938,0,0,0,0,0,0,0,0,0,0.351548,0,0,0,0,0.005878,0.642573
79486,90.190622,46.046449,Alces alces,56003281,Cervidae,LC,1,0.804424,3.888829,12.315301,24.963837,1394.162488,27.015334,-22.380439,49.395773,143.370036,24.888828,5.45947,42.274434,55.573551,18.015585,55.572862,19.985249,1135.667726,872.727369,84.036888,-0.819957,11.221562,-99.475303,6375.394551,21.354696,11.044499,30.839294,67.781101,1.379605,116.711443,3.094928,186.535904,180.797044,8.046657,14.490657,2.609372,0,0,0,0,0,0,0,0,8.3e-05,0.150335,0,0.001822,0,0,0,0.847759
75245,90.203691,36.042485,Alces alces,56003281,Cervidae,LC,0,0,-9.800631,12.244968,32.324678,942.175452,9.978985,-27.881527,37.860512,219.054442,66.158166,0.998928,121.802389,159.420313,2.999196,159.417102,3.00107,5067.256636,458.04262,65.900006,-0.65318,15.910192,-121.458317,3458.957238,35.535489,10.493136,31.737247,66.555303,1.70745,108.049849,11.004837,287.641956,59.050338,15.02009,37.882068,4.056228,0,0,0,0,0,0,0,0,0,0.012093,0,0,0,0,0.02195,0.954775
78833,90.215178,42.893038,Alces alces,56003281,Cervidae,LC,0,0,12.031763,14.804832,27.493013,1425.247827,36.715226,-17.138816,53.854042,37.141554,8.48267,0.555719,66.054083,21.349558,2.67006,21.349558,2.688521,516.802954,1218.873264,96.797623,-0.967752,2.581549,-36.321183,7601.334537,21.672019,11.026152,16.581156,83.224276,0.194568,214.598338,1.694818,154.552132,214.039459,4.219213,6.370351,2.118473,0,0,0,0,0,0,0,0,0,0.055164,0,0.029653,0.008697,0,0,0.906486
75326,90.253757,35.574756,Alces alces,56003281,Cervidae,LC,0,0,-7.878563,12.756244,33.926285,915.082565,11.592713,-25.863913,37.456626,223.971108,67.036525,0.998656,121.062865,162.102054,3.000542,162.060113,3.001885,4962.851937,492.486859,65.788059,-0.655029,17.004663,-110.992474,3565.577624,21.671098,11.128141,36.844838,61.381519,1.773644,96.22132,12.462024,300.069724,41.833388,16.124017,41.429693,4.285706,0,0,0,0,0,0,0,0,0,0.285205,0,0,0,0,0.000994,0.623509
75407,90.298446,35.107887,Alces alces,56003281,Cervidae,LC,0,0,-6.338001,12.84856,34.265057,909.56907,12.971895,-24.339326,37.311221,232.032874,68.990921,1,121.067216,167.71462,3.002707,167.71462,3.003249,4855.681489,529.666338,65.341298,-0.651711,18.409975,-100.246605,3655.052497,14.780471,11.704196,35.815933,61.686887,2.497181,93.10873,13.732248,306.092062,30.046261,16.552036,43.40018,4.459641,0,0,0,0,0,0,0,0,0,0.538608,0.000911,0,0,0,0.004308,0.298426
78752,90.307266,42.425574,Alces alces,56003281,Cervidae,LC,0,0,11.727438,15.432836,28.626622,1405.740776,36.636,-17.295108,53.931108,29.661947,7.656681,0,73.930366,19.218367,1.891111,19.218367,1.894037,618.577597,1231.920556,97.527237,-0.975026,2.064195,-29.450789,7530.409163,14.546378,11.684453,13.229145,86.762553,0.008303,214.967964,1.63313,152.446657,215.827001,4.037563,6.006657,2.084691,0,0,0,0,0,0,0,0,0,0,0,0,0,0,0.000166,0.999834
75487,90.337479,34.642007,Alces alces,56003281,Cervidae,LC,0,0,-7.133524,12.914314,34.30723,903.800747,12.458888,-25.092923,37.551811,266.037723,78.5491,1.008698,121.027394,190.55072,3.051148,190.486106,3.306902,4991.584458,514.33775,60.065685,-0.598566,20.738609,-100.664567,3568.748914,18.927383,11.265073,39.127847,57.394158,3.477996,94.051467,13.173465,301.887753,37.519944,16.455791,42.853591,4.38723,0,0,0,0,0,0,0,0,0,0.67255,0.000829,0,0,0,0.007291,0.181125
75568,90.37055,34.177259,Alces alces,56003281,Cervidae,LC,0,0,-9.904542,12.922119,33.814292,927.529126,10.395057,-27.808291,38.203348,321.251133,94.311245,1.27208,120.831632,227.181085,4.620513,227.105602,5.34844,5334.212509,454.285649,49.917654,-0.493079,23.620118,-110.87438,3340.283962,44.295856,10.014139,34.229747,64.043436,1.726817,94.878346,12.55458,296.432239,46.966505,16.390939,42.386095,4.309914,0,0,0,0,0,0,0,0,0,0.355699,0.000166,0,0,0,0.00439,0.624337
79322,90.388092,45.115595,Alces alces,56003281,Cervidae,LC,0,0,4.906523,12.269565,26.540057,1281.613669,26.921433,-19.334466,46.2559,131.690978,26.41477,3.542122,56.7608,60.116959,12.349244,60.116959,12.928459,1273.401614,863.445478,82.813935,-0.822201,11.591859,-78.205587,6046.213219,20.115123,10.890099,31.825502,67.155404,1.019094,149.904811,2.318504,176.177011,191.809821,6.017927,10.060329,2.297867,0,0,0,0,0,0,0,0,0.000746,0.059808,0,0,0,0,0,0.939447
75565,90.398658,31.425339,Alces alces,56003281,Cervidae,LC,0,0,-1.391173,13.506167,37.466478,834.435337,16.799152,-19.16611,35.965262,427.173757,115.330825,2,118.182285,295.616197,6.122693,295.300007,6.122693,4780.20037,659.596698,53.591253,-0.536098,32.728002,-50.444165,3487.358469,37.554088,10.265089,38.741842,59.481736,1.776422,74.023469,26.049142,256.370848,91.731463,25.762078,75.335286,5.768453,0,0,0,0,0,0,8.3e-05,0,0,0.903843,0.000745,0,0,0,0,0.025675
74521,90.40165,41.954237,Alces alces,56003281,Cervidae,LC,0,0,8.87598,15.846471,30.932999,1280.556588,32.783313,-18.466526,51.249839,41.720441,11.040337,0.001231,84.158134,27.894067,1.914086,27.894067,1.914086,1143.101205,1128.71505,96.359555,-0.963408,2.947922,-35.942457,6892.619596,11.520268,11.68964,10.901671,89.037601,0.060728,225.808894,1.673811,153.710487,215.523596,4.182148,6.300086,2.134949,0,0,0,0,0,0,0,0,0,0,0,0,0,0,0.000331,0.999669
75566,90.405647,32.338095,Alces alces,56003281,Cervidae,LC,0,0,-2.673553,14.475755,37.706545,897.392042,16.493417,-21.889251,38.382668,409.818813,111.534534,2.005331,116.969845,282.505115,6.885091,282.505115,6.885091,4805.085734,622.479798,52.466812,-0.524687,30.761545,-64.72603,3563.193472,27.899996,11.228594,40.418234,58.132738,1.449028,83.66908,16.908254,272.487458,77.45937,19.39848,53.61,4.827554,0,0,0,0,0,0,0,0,0,0.938737,0,0,0,0,0,0.055551
74602,90.493246,41.482868,Alces alces,56003281,Cervidae,LC,0,0,8.710707,16.023843,32.243317,1227.494816,32.149317,-17.544549,49.693865,35.946553,10.217524,0,89.400912,25.568924,0.93223,25.568924,0.93223,1233.044498,1139.251952,96.754265,-0.966904,2.677145,-31.697064,6857.47037,10.160541,12.078542,11.542374,88.420263,0.037362,232.644531,1.667114,155.263016,215.50291,4.278014,6.388917,2.177762,0,0,0,0,0,0,0,0,0,0,0,0,0,0,0.020542,0.979458
75643,90.56462,28.213327,Alces alces,56003281,Cervidae,LC,0,0,-6.331745,12.321935,39.591562,681.729292,10.194124,-20.945877,31.140001,318.698086,84.657299,3.159732,103.172061,204.312738,11.331505,203.814413,12.490915,5319.766448,631.558066,64.354484,-0.536643,33.395196,-18.819423,2593.748526,160.374831,7.774007,34.428746,63.376474,2.194779,44.336267,66.783739,100.134675,253.045235,65.10491,193.184055,10.502641,0,0,0,0,0,0,0.000994,0,0,0.379339,0,0.000249,0.000331,0,0.135449,0.483638
75166,90.599275,37.349029,Alces alces,56003281,Cervidae,LC,0,0,-5.010118,13.911879,35.339279,932.716189,14.630153,-24.62923,39.259383,141.360802,41.823356,0.465945,116.374804,103.770151,2.463823,103.770151,2.912431,4326.511277,577.60927,81.896505,-0.81766,9.849139,-100.890354,3947.986104,53.269912,10.022317,33.659621,65.051914,1.288465,148.140803,7.341329,262.518354,94.650097,12.114343,27.967732,3.46003,0,0,0,0,0,0,0,0,0,0.112906,8.3e-05,0,0,0,0.000663,0.883118
75645,90.633861,30.016084,Alces alces,56003281,Cervidae,LC,0,0,-1.975794,13.284847,40.528423,693.462692,14.739426,-18.001578,32.741004,358.59973,103.011863,1.363112,124.681893,260.395124,4.459652,260.382222,4.461085,4887.502801,736.06764,63.345584,-0.628765,29.487197,-15.679779,3301.340396,136.320266,8.124951,44.605804,53.130266,2.26393,59.966283,44.596447,210.502952,140.57909,39.301975,119.188251,7.691154,0,0,0,0,0,0,0,0,0,0.890233,0,0.006213,0,0,0.001657,0.101897
75646,90.658665,30.922551,Alces alces,56003281,Cervidae,LC,0,0,-1.735383,11.949948,35.415085,791.27006,15.764067,-17.689202,33.453269,416.032719,113.665596,2,119.626341,291.142578,6.070893,288.808671,6.070893,4815.13287,689.657736,56.095012,-0.560834,32.345818,-36.927243,3443.379838,31.816223,11.225083,38.580682,59.199809,2.219508,61.416229,38.166436,226.94404,123.772082,34.247262,103.822894,7.007986,0,0,0,0,0,0,0,0,0,0.589478,0.001077,0,0,0,0,0.035294
75649,90.661505,33.666668,Alces alces,56003281,Cervidae,LC,0,0,-8.066975,13.517558,35.33618,911.384205,11.836297,-26.37546,38.211757,349.696407,100.717736,1.914796,119.485072,245.218547,6.076395,245.200027,6.281158,5193.067859,497.873724,49.186528,-0.48314,26.103913,-97.494961,3421.859843,40.019631,10.281969,34.731661,63.603985,1.664354,86.187372,14.387282,289.988454,53.499487,17.779251,47.775073,4.549536,0,0,0,0,0,0,0,0,0,0.60217,0,0,0,0,0.057152,0.325023
79730,90.669559,46.864731,Alces alces,56003281,Cervidae,LC,1,1,-4.201634,9.98532,23.356886,1244.70228,16.738111,-25.895658,42.633769,186.670741,39.841579,2.811708,69.993869,94.376231,9.999924,94.376231,10.090335,2316.423235,668.593073,74.574224,-0.728242,13.759085,-134.839413,5200.646429,99.865907,8.340115,62.681507,33.739705,3.578788,90.925285,4.03348,205.054838,162.806559,10.38505,20.075331,2.928504,0,0,8.3e-05,0,0,0,0,0.000912,0,0.977124,0,0.009449,0,0,0,0.012433
79077,90.669563,43.716927,Alces alces,56003281,Cervidae,LC,0,0,2.848774,11.944218,27.097967,1216.682355,23.974378,-20.399203,44.373581,136.562921,28.340503,2.178668,69.849128,71.186512,7.498172,71.186512,7.498172,1726.074381,852.914977,84.191341,-0.841247,10.175768,-73.419338,5750.930199,44.999612,9.301639,44.074998,51.519915,4.405087,186.933061,2.078449,166.63112,201.954774,5.182688,8.422059,2.231411,0,0,0,0,0,0,0,8.3e-05,0.013491,0.801854,0.000828,0.000166,0.003145,0,0,0.180434
75647,90.67374,31.83289,Alces alces,56003281,Cervidae,LC,0,0,-2.669234,13.678502,37.167438,858.016271,15.844272,-20.936297,36.780569,430.82904,116.417417,2.07223,117.481773,297.348703,6.926436,297.34561,6.926436,4834.464525,633.420869,50.662427,-0.504751,32.740519,-57.855894,3508.475644,45.32508,10.003302,39.050131,59.175198,1.774671,79.650064,19.572672,273.253355,74.123856,20.598054,58.151768,5.087845,0,0,0,0,0,0,0,0,8.3e-05,0.930335,0.000828,0,0,0,0,0.03214
75648,90.675978,32.747473,Alces alces,56003281,Cervidae,LC,0,0,-4.779009,14.511849,37.303251,891.985711,14.907092,-23.995856,38.902948,402.351577,111.640426,2,117.912239,279.284798,6.427253,279.284797,7.059564,4963.918906,575.285671,49.566966,-0.495601,29.784584,-75.9849,3516.565717,36.355402,10.686402,39.724578,58.369409,1.906013,82.348333,17.596057,276.648836,70.63257,19.63301,54.613184,4.897377,0,0,0,0,0,0,0,0,0,0.983322,0,0,0,0,0,0.016678
75327,90.716457,36.410684,Alces alces,56003281,Cervidae,LC,0,0,-9.051976,12.398111,32.741056,939.490967,10.645846,-27.216018,37.861864,199.200972,59.5628,0.991199,120.635931,145.238893,3.024224,145.238893,3.034088,4902.408275,477.974551,69.34352,-0.689002,14.829741,-115.622636,3536.460339,24.93051,11.074425,34.263228,63.962291,1.77448,132.663932,8.789891,272.138172,80.353064,12.809793,30.796767,3.67327,0,0,0,0,0,0,0,0,0,0.068331,0,0,0,0,0.000332,0.929347
74844,90.750332,40.068895,Alces alces,56003281,Cervidae,LC,0,0,11.665305,15.674668,30.722527,1278.208405,35.277047,-15.670436,50.947484,14.298172,4.780692,0,75.905946,11.314345,0.036444,11.314345,0.696645,796.792279,1329.42851,98.763299,-0.99,1.16178,-0.016715,7511.93366,1.150206,14.686855,8.337772,91.503842,0.158386,228.327533,2.528311,172.875534,198.15398,5.859965,10.527991,2.472259,0,0,0,0,0,0,0,0,0,0,0,0,0,0,0.002568,0.997349
78996,90.759678,43.250017,Alces alces,56003281,Cervidae,LC,0,0,7.889821,13.385015,28.357205,1247.447832,30.387276,-16.932015,47.319291,80.330931,19.431965,0.81334,81.479529,48.21344,3.597868,48.21344,3.597868,1256.544834,1000.758009,90.996418,-0.909767,6.156372,-56.044054,6432.993474,43.017881,9.303522,24.080715,74.412661,1.506624,206.169077,1.814096,160.461871,208.511705,4.523047,7.003232,2.148712,0,0,0,0,0,0,0,0,0,0.11412,0,0.002159,0.003405,0,0,0.880316
79648,90.76705,46.399879,Alces alces,56003281,Cervidae,LC,1,1,1.004924,11.631061,24.477335,1360.019103,23.451257,-24.212257,47.663514,145.512362,29.463968,3.959055,56.861743,66.815952,13.327137,66.815952,14.155327,1579.36914,808.264852,83.774068,-0.820956,10.285255,-115.695745,6050.349426,58.419611,9.498312,42.247871,56.043329,1.7088,101.290218,3.748443,200.135113,167.626464,9.731729,18.55162,2.844663,0,0,0,0,0,0,0,0,0.000166,0.739685,0,0.009528,0,0,0,0.250621
75408,90.768078,35.942444,Alces alces,56003281,Cervidae,LC,0,0,-10.901065,11.530895,31.445958,933.254548,8.402188,-28.201991,36.60418,239.748824,71.403483,1.049591,120.750662,172.403164,3.623402,171.684459,3.814588,5174.754861,436.847438,59.817553,-0.590537,17.750772,-122.513723,3331.603987,54.285192,9.613445,29.847472,68.996868,1.155661,108.464568,10.97854,290.390997,56.64703,14.957788,37.741651,4.067372,0,0,0,0,0,0,0,0,0,0.024594,0,0,0,0,0.195346,0.747764
75724,90.84719,28.615106,Alces alces,56003281,Cervidae,LC,0,0,-1.678886,13.685178,41.626385,679.672123,15.288012,-17.557311,32.845323,308.499433,80.247513,2.57642,105.338133,202.658748,8.371934,202.658748,8.840363,4912.293058,746.506691,64.431367,-0.641449,30.11268,2.489864,2898.96566,99.924547,8.722823,36.496862,59.931308,3.57183,42.321584,64.360023,121.806088,230.797622,61.090542,181.962409,10.159751,0,0,0,0,0,0,0,0,0,0.849238,0.000828,8.3e-05,0,0,0,0.139082
79566,90.862513,45.934752,Alces alces,56003281,Cervidae,LC,1,0.633749,3.23037,12.032696,24.679225,1381.008705,26.27826,-22.534239,48.812499,121.49348,25.305878,3.994306,55.690746,55.891687,13.311587,55.891687,14.071474,1285.347359,865.542354,86.983236,-0.85915,8.67128,-98.948443,6299.876018,27.798751,10.737711,29.461836,69.463824,1.074339,136.065993,2.908054,186.424451,181.527417,7.723279,13.776336,2.563997,0,0,0,0,0,0,0,0,0,0.018222,0,0.00323,0,0,0,0.978547
75005,90.905837,39.126764,Alces alces,56003281,Cervidae,LC,0,0,2.020414,14.271852,34.334156,1001.710589,22.042035,-19.54747,41.589505,60.275448,18.001675,0.110035,103.750825,45.266613,1.347842,45.266613,1.467369,2856.789789,863.541333,94.015385,-0.939952,4.130324,-57.861553,5243.687028,71.196076,9.116645,27.585221,72.240525,0.174253,219.482494,3.042134,192.085547,178.686045,6.780296,12.919865,2.606358,0,0,0,0,0,0,0,0,0,0,0,0,0,0,0,1
75726,90.914176,30.420456,Alces alces,56003281,Cervidae,LC,0,0,-3.003034,12.938941,38.743154,743.627565,14.235684,-19.150795,33.386478,396.251284,109.267766,2.015329,120.313597,279.138219,6.43723,279.045832,6.439514,4933.975125,701.478482,59.280067,-0.58086,31.288213,-27.257903,3340.725678,113.458709,8.65064,47.116979,49.955572,2.927449,58.603874,40.864408,221.883969,128.64668,35.898791,109.487269,7.269229,0,0,0,0,0,0,0,0,0,0.795428,0,0.000248,0,0,0.005798,0.179559
75730,90.92233,34.078305,Alces alces,56003281,Cervidae,LC,0,0,-7.043939,13.948393,36.611287,877.304296,12.619092,-25.446591,38.065684,319.007723,92.615764,1.040113,120.047952,225.644183,4.537076,225.644183,5.506578,5057.123261,514.789361,51.760151,-0.515544,25.112568,-94.380221,3501.024807,38.430138,10.563353,36.563877,61.089377,2.346747,92.878627,12.940006,292.102052,51.072984,16.613208,43.721188,4.361064,0,0,0,0,0,0,0,0,0,0.834327,0,0,0,0,0.010189,0.1472
75727,90.936381,31.328471,Alces alces,56003281,Cervidae,LC,0,0,-1.714168,12.973052,36.89388,813.835615,16.10993,-18.989907,35.099837,428.320129,114.820401,2.045533,117.762604,295.96747,6.688511,295.681273,6.688794,4768.146815,677.237247,51.964248,-0.519356,34.028577,-42.507716,3507.366744,40.685364,10.096813,42.32532,55.735211,1.939469,70.458929,25.509982,263.034109,84.664983,23.428637,68.145371,5.582313,0,0,0,0,0,0,8.3e-05,0,8.3e-05,0.857924,0.001823,0,0,0,0,0.041339
75728,90.947562,32.240535,Alces alces,56003281,Cervidae,LC,0,0,-2.205759,14.137152,36.923652,890.769172,16.853625,-21.330211,38.183836,421.9449,114.992995,2,117.844803,292.824835,7.419862,292.592677,7.419862,4710.693948,649.366016,49.960319,-0.499625,33.188301,-55.856938,3611.951992,20.138886,11.499918,39.755935,58.770973,1.473092,80.035891,18.821355,275.3364,71.538223,20.235791,56.912799,5.017326,0,0,0,0,0,0,0,0,0,0.896206,0.000911,0,0,0,0,0.027833
75086,90.978435,38.655999,Alces alces,56003281,Cervidae,LC,0,0,-0.057266,15.053543,36.074995,979.407879,20.585153,-21.143153,41.728305,71.571069,21.586239,0.009057,110.261413,54.494199,1.140761,54.494199,1.142313,3333.175164,763.38258,92.385085,-0.923669,5.063161,-69.823494,4736.157468,39.62322,9.965038,14.122126,85.741768,0.136106,186.370503,5.091248,222.735637,142.126516,9.133749,19.621691,3.041367,0,0,0,0,0,0,0,0,0,0.000166,0,0,0,0,0.000249,0.999586
75805,91.089281,28.117129,Alces alces,56003281,Cervidae,LC,0,0,0.927583,12.086088,42.078098,579.737189,15.657573,-13.092959,28.750532,452.233237,99.567628,3.930934,87.829808,256.341788,13.775743,256.306669,15.871559,4328.845319,854.967216,62.855473,-0.521882,50.426972,33.608893,2837.307455,212.08818,7.357082,41.692198,42.043033,16.264769,39.457328,68.519,106.626315,246.196577,65.61426,195.989207,10.684922,0.062702,0.000994,0,0.008449,0.115547,0,0,0.022861,0.002402,0.534747,0.000248,0.000331,0,0,0.030978,0.22074
74764,91.106203,41.375681,Alces alces,56003281,Cervidae,LC,0,0,9.887651,16.03457,31.592848,1266.33325,33.763744,-16.987225,50.750969,24.150808,7.542761,0,90.065384,18.768508,0.242972,18.768508,0.305457,1010.184969,1205.320521,97.683138,-0.976907,1.981474,-23.168569,7146.736724,10.283656,12.638477,5.709194,94.281507,0.009299,236.573578,1.635672,156.061569,215.089095,4.199997,6.216377,2.159432,0,0,0,0,0,0,0,0,0,0,0,0,0,0,0.033212,0.966788
75247,91.112566,37.715367,Alces alces,56003281,Cervidae,LC,0,0,-0.45413,14.795031,35.958242,968.644358,19.966294,-21.1689,41.135193,82.689737,24.501901,0.081389,110.332424,61.89768,1.636908,61.89768,2.040612,3563.159009,741.954853,90.103144,-0.900921,6.32666,-69.173944,4547.312785,40.63946,9.978722,24.100733,75.650478,0.248788,166.648698,5.95997,240.417576,122.132318,10.425673,23.009695,3.227261,0,0,0,0,0,0,0,0,0,0.044724,0,0,0,0,0,0.955276
79321,91.137317,44.537585,Alces alces,56003281,Cervidae,LC,0,0,7.305333,13.301321,25.694909,1433.409455,31.414266,-20.35312,51.767386,79.622756,18.317044,1.575344,68.244071,42.508495,6.377213,42.508495,7.117343,909.313522,985.701157,91.543326,-0.915868,5.899067,-64.725305,6594.735071,7.486667,12.635673,23.048543,76.758506,0.19295,167.352347,2.325291,175.551249,192.864316,6.025724,10.136567,2.340965,0,0,0,0,0,0,0,0,0,0.002404,0,0,0,0,0,0.997596
75807,91.165637,29.919014,Alces alces,56003281,Cervidae,LC,0,0,1.565059,14.133895,41.606307,686.322051,18.465269,-15.477629,33.942899,383.908367,106.59469,1.373025,122.587353,274.849339,4.726567,274.849339,4.727429,4451.247354,857.285997,64.244069,-0.626924,34.482208,13.641868,3462.418681,130.816548,8.301512,49.12768,47.898532,2.973788,55.501699,48.591963,204.57828,146.269608,41.882124,127.747273,8.026985,0,0,0,0,0,0,0,0,0,0.945899,0,0.03836,0.008202,0,0,0.007539
75811,91.210237,33.566785,Alces alces,56003281,Cervidae,LC,0,0,-9.576196,12.628574,33.873452,901.792014,9.977317,-27.248883,37.2262,376.701103,108.300061,1.924612,119.583304,263.961587,6.810694,263.929499,7.451518,5313.465932,474.155752,44.560869,-0.399279,28.668818,-99.797678,3324.663662,59.16976,9.678245,34.002321,63.394455,2.603224,81.628357,16.768095,285.190727,58.195135,18.758699,51.726559,4.760708,0,0,0,0,0,0,0,0,0,0.565329,0,0,0,0,0.162433,0.263798
75810,91.219818,32.648307,Alces alces,56003281,Cervidae,LC,0,0,-4.674863,14.383005,37.086041,878.328442,14.86092,-23.922418,38.783337,416.504838,114.954988,2.055221,117.702459,288.996868,7.489157,288.996867,8.04404,4917.306645,589.059914,46.019266,-0.460127,32.231966,-69.959052,3533.415779,26.158181,11.15044,39.635096,58.238511,2.126393,80.112576,17.284109,278.901707,67.379182,19.259613,53.451857,4.819049,0,0,0,0,0,0,0,0,0,0.958613,0,0,0,0,0,0.041387
79240,91.225239,44.071224,Alces alces,56003281,Cervidae,LC,0,0,5.355613,11.946819,25.425878,1324.855767,27.652923,-19.357622,47.010545,92.41664,20.723429,1.750231,71.175456,50.376999,6.529095,50.376999,6.561869,1242.210223,935.055913,90.296262,-0.902861,6.708884,-61.780974,6163.505811,11.735221,11.372149,31.788239,67.683549,0.528212,174.572146,2.286989,173.540399,194.924854,5.892819,9.891613,2.321485,0,0,0,0,0,0,0,0,0,0.15528,0,0,0.000166,0,0,0.844555
75409,91.230801,36.776397,Alces alces,56003281,Cervidae,LC,0,0,-5.654526,13.648007,35.362994,916.998024,13.994395,-24.379441,38.373836,160.355634,46.56636,0.659426,115.756719,115.715836,2.884471,115.655429,3.307542,4491.067446,558.363311,76.580425,-0.763531,12.089917,-99.098364,3802.550253,61.875874,9.471845,38.024503,61.156877,0.818621,140.265863,7.992281,264.53523,91.139633,12.159616,28.601506,3.553515,0,0,0,0,0,0,0,0,0,0.286259,0,0,0,0,0.032303,0.681438
74926,91.271022,40.433034,Alces alces,56003281,Cervidae,LC,0,0,11.186264,16.462588,31.8553,1278.843007,35.266936,-16.408314,51.675249,16.20195,4.896144,0,71.714842,11.850814,0.520579,11.850814,1.673092,847.143026,1301.34973,98.718898,-0.988646,1.178359,-4.650943,7438.693649,5.865006,14.120821,4.170008,95.825871,0.004121,232.818126,2.163714,168.107505,203.439375,5.14521,8.547994,2.342068,0,0,0,0,0,0,0,0,0,0,0,0,0,0,0.011102,0.988898
75489,91.283481,36.307738,Alces alces,56003281,Cervidae,LC,0,0,-9.15126,12.28738,33.259747,908.419804,10.101654,-26.809926,36.91158,210.055315,61.914114,0.975436,119.653166,151.717941,3.243182,151.680177,3.341158,4948.415903,468.663502,65.82802,-0.653453,16.128972,-114.15072,3460.046296,56.957916,9.917223,33.383699,65.0378,1.5785,135.788578,8.671201,269.481613,83.340308,12.551529,30.120116,3.652849,0,0,0,0,0,0,0,0,0,0.142549,0,0,0,0,0.024518,0.832933
79158,91.311409,43.604523,Alces alces,56003281,Cervidae,LC,0,0,4.5468,11.721555,26.632353,1208.029906,26.021192,-18.003614,44.024805,104.53011,23.845342,1.450922,79.021988,59.437654,5.607499,59.437654,5.618547,1576.038927,891.810059,88.563674,-0.885588,7.738188,-61.589531,5814.850182,53.076183,9.684917,35.498882,61.83965,2.661468,207.074561,1.831589,162.629157,206.521129,4.580205,7.117857,2.158542,0,0,0,0,0,0,0,0,0.00207,0.461417,0,0,0.000497,0,0,0.536016
75570,91.331587,35.839753,Alces alces,56003281,Cervidae,LC,0,0,-8.900249,12.488362,33.659004,905.486663,10.423584,-26.626311,37.049894,230.177303,67.631443,1.004031,120.117403,165.361464,3.208998,165.12569,3.279394,4992.740374,471.143835,61.667556,-0.612841,18.331493,-110.761024,3444.483597,39.93357,10.354797,35.007306,63.395603,1.597091,110.339116,10.841676,288.375758,58.935468,14.765153,37.252965,4.043456,0,0,0,0,0,0,0,0,0,0.161117,0,0,0,0,0.018141,0.779241
75006,91.349025,39.961839,Alces alces,56003281,Cervidae,LC,0,0,11.038347,16.611838,32.297303,1260.816178,34.925936,-16.498573,51.424509,13.95273,4.552437,0,75.028284,11.096924,0.073165,11.096924,0.685223,946.949594,1300.861468,98.761855,-0.989396,1.15297,-1.270148,7340.28609,7.782315,12.48373,5.848005,94.129092,0.022903,239.375927,2.150959,172.928607,199.170339,5.063612,8.426175,2.351045,0,0,0,0,0,0,0,0,0,0,0,0,0,0,0,1
75887,91.37362,28.517837,Alces alces,56003281,Cervidae,LC,0,0,-2.387276,13.740376,42.029334,671.050675,14.524753,-18.131092,32.655845,324.694293,76.926783,3.614564,94.120896,198.831894,11.344724,198.830728,12.627256,4978.767561,734.405525,63.649773,-0.631056,30.648907,1.363306,2852.125416,98.617107,8.71925,37.785683,58.15649,4.057827,40.083879,65.480807,116.077634,236.818004,62.288667,185.658907,10.335051,0,0,0,0,0,0,0,0,0,0.859155,0,0,0,0,0.003811,0.137034
79076,91.395875,43.13747,Alces alces,56003281,Cervidae,LC,0,0,10.257732,13.810212,27.533307,1333.218266,33.995704,-16.194002,50.189705,40.804225,11.437807,0.056857,88.456936,28.085877,1.403816,28.085877,1.574061,772.743354,1118.579354,96.225035,-0.962248,2.889421,-38.61987,6923.115164,18.894241,10.607913,18.444771,81.234502,0.320727,217.549032,1.766936,160.530029,208.762669,4.401482,6.783922,2.122616,0,0,0,0,0,0,0,0,0,0,0,0,0,0,0,1
75888,91.413445,29.418184,Alces alces,56003281,Cervidae,LC,0,0,1.497382,13.382832,41.43669,655.5664,17.580714,-14.707292,32.288005,352.914857,96.400953,1.578203,118.285314,247.5843,5.648811,247.5843,5.722549,4402.871561,883.55577,65.51232,-0.647523,34.055071,25.399882,3347.515948,141.010049,8.187324,45.3399,49.997982,4.662119,48.079633,54.056076,177.509568,173.755215,48.519241,147.278501,8.830988,0,0,0,0,0,0,8.3e-05,0,0,0.901772,0,0.007703,0,0,0,0.083568
75890,91.473478,31.229138,Alces alces,56003281,Cervidae,LC,0,0,-2.140755,12.927683,36.707431,816.139187,15.801357,-19.373954,35.175311,431.609283,111.833469,2.758353,114.279773,291.62338,8.770241,291.539764,8.789792,4752.867115,691.399668,49.962944,-0.492651,35.862211,-35.585771,3517.207228,39.614697,10.218773,44.023709,53.158715,2.817575,63.025989,32.779165,243.77551,105.16254,29.18725,87.468039,6.38221,0,0,0,0,0,0,0,0,0,0.893795,0.003231,0,0,0,8.3e-05,0.040013
78913,91.55988,42.202258,Alces alces,56003281,Cervidae,LC,0,0,9.363599,15.658702,30.490152,1302.818466,33.584623,-17.773439,51.358062,34.577327,9.707861,0.010317,86.257353,24.269866,1.659761,24.269866,1.775932,975.641413,1153.979819,96.854279,-0.970016,2.578511,-32.797499,6996.441421,9.953996,12.084927,10.412575,89.531965,0.05546,231.307731,1.674981,159.883057,210.678349,4.246069,6.401807,2.096079,0,0,0,0,0,0,0,0,0,0.000331,0,0,0,0,0.002154,0.997514
75248,91.563945,38.549306,Alces alces,56003281,Cervidae,LC,0,0,2.847203,14.349575,33.772833,1031.354979,23.773788,-18.707187,42.480975,41.480745,11.990981,0.104671,94.756151,30.729875,1.682933,30.729875,1.866635,2819.348825,896.978939,95.818514,-0.957949,3.177637,-45.121955,5260.563387,19.404662,12.193752,9.307425,90.679321,0.013255,185.747433,4.985949,222.609784,143.025971,9.007785,19.142579,3.030051,0,0,0,0,0,0,0,0,0,0,0,0,0,0,0,1
75967,91.612131,28.017546,Alces alces,56003281,Cervidae,LC,0,0,-1.899573,11.962505,41.816897,603.564273,13.144393,-15.4896,28.633993,423.043227,87.496763,4.939487,79.628238,229.134077,17.105591,229.134077,23.616095,4695.749907,782.350424,62.465962,-0.541298,42.64322,17.748473,2730.229564,208.91839,7.358331,40.142537,47.873321,11.984142,36.896362,70.177042,98.958578,254.151683,67.417951,201.971363,10.978373,0.04498,0,0,0.004142,0.05492,0,0,0.036034,0.002982,0.470262,0.000497,0,0,0,0.035785,0.350398
78831,91.63951,41.734075,Alces alces,56003281,Cervidae,LC,0,0,8.787663,15.796181,31.335543,1262.42896,32.551748,-17.857691,50.409439,34.242684,9.534859,0.007902,87.203359,24.303453,1.431375,24.303453,1.48968,1146.718226,1146.657925,96.833134,-0.970251,2.618633,-31.221223,6898.23905,7.686476,12.348074,7.639647,92.327051,0.033302,241.489825,1.601303,156.875649,214.180845,4.099699,6.041943,2.113275,0,0,0,0,0,0,0,0,0,0,0,0,0,0,0.000331,0.999669
75968,91.657955,28.917926,Alces alces,56003281,Cervidae,LC,0,0,0.417936,13.885761,41.208519,679.004948,17.411881,-16.273914,33.685796,315.522709,80.7483,2.355923,106.218332,208.702526,8.11253,208.702526,8.499887,4628.729048,832.488869,67.597984,-0.675948,29.609851,18.731252,3133.480935,119.465408,8.401128,39.747544,56.459427,3.793029,44.540664,59.03836,161.979835,189.32491,53.591719,163.357062,9.45961,0,0,0,0,0,0,0,0,0,0.966123,0.000497,0.002568,0,0,8.3e-05,0.018388
75969,91.696819,29.819529,Alces alces,56003281,Cervidae,LC,0,0,0.753308,13.486517,40.833188,672.837313,17.30517,-15.693182,32.998352,380.763201,102.153952,1.847838,116.819756,264.049823,6.51298,264.049823,6.631744,4518.320012,842.08211,63.230952,-0.631555,33.357962,12.22297,3400.699215,147.214706,8.003078,53.147759,42.155484,4.696757,47.733438,47.371201,198.329388,152.506649,41.528062,126.437171,8.014899,0,0,0,0,0,0,0,0,0,0.948803,0.000249,0.03148,0,0,0,0.019385
79484,91.704669,44.889198,Alces alces,56003281,Cervidae,LC,0,0,6.71475,12.218584,25.282662,1357.291922,29.814555,-18.549893,48.364449,84.547447,20.448941,1.254089,76.116806,48.108666,5.05022,48.108666,5.773105,1044.263231,963.893691,91.49321,-0.91469,5.690345,-73.552797,6550.050031,32.631388,10.555251,25.430346,73.710245,0.859409,166.291545,2.38026,180.465343,188.026766,6.377142,10.805962,2.406434,0,0,0,0,0,0,0,0,0,0.000249,0,0,0,0,0,0.999751
78750,91.717614,41.265491,Alces alces,56003281,Cervidae,LC,0,0,10.371915,16.283332,31.696282,1278.721195,34.367185,-16.991835,51.35902,21.192447,6.573649,0,86.430518,16.598758,0.154701,16.598758,0.409928,926.457869,1234.224101,98.018207,-0.979672,1.72696,-18.669587,7264.022683,8.452323,13.105834,3.858042,96.139183,0.002775,240.312798,1.725555,160.239357,211.866713,4.410224,6.651285,2.205172,0,0,0,0,0,0,0,0,0,0,0,0,0,0,0.001988,0.998012
75970,91.728963,30.724599,Alces alces,56003281,Cervidae,LC,0,0,-4.824565,12.93416,37.164307,780.098906,13.196168,-21.621439,34.817607,448.046444,113.790679,3.368105,110.931707,296.965868,10.658831,296.96473,10.950496,5075.104201,647.65139,52.71534,-0.497131,33.847108,-39.279888,3305.120651,116.321157,8.518168,48.276673,47.084866,4.638461,55.100304,41.703755,223.696288,126.540898,35.640328,108.910177,7.248996,0,0,0,0,0,0,0,0,0,0.814996,0,0,0,0,0.011185,0.173819
75490,91.747218,37.139525,Alces alces,56003281,Cervidae,LC,0,0,-2.802939,14.772677,37.34172,919.631647,17.124511,-22.401132,39.525643,114.716269,32.711341,0.313134,111.686009,83.390704,2.242881,83.390704,2.661113,4054.56929,645.858026,85.079173,-0.850418,8.776101,-81.414763,4140.807562,48.902735,9.613141,30.326727,69.247681,0.425592,152.66133,6.372939,246.25879,116.222745,10.744751,23.85364,3.308197,0,0,0,0,0,0,0,0,0,0.095901,0,0,0,0,0,0.904099
75971,91.751999,31.633506,Alces alces,56003281,Cervidae,LC,0,0,-1.872186,14.01536,38.587367,813.502934,16.423665,-19.899196,36.322861,429.369373,109.413939,2.961025,112.754871,287.095727,9.049855,287.095726,9.05972,4675.513354,685.862809,44.614708,-0.444497,38.03255,-39.064228,3594.134461,31.370428,10.568646,51.263037,47.00528,1.731683,68.662967,25.423676,265.239169,81.490003,23.363449,68.08827,5.560223,0,0,0,0,0,0,0,0,0,0.991881,0,0,0,0,0,0.003314
75972,91.76298,32.54663,Alces alces,56003281,Cervidae,LC,0,0,-5.292409,14.046131,36.530658,862.167403,14.150813,-24.302018,38.45283,430.402491,115.57056,2.847429,115.174503,293.347704,9.016282,293.347705,9.250439,4960.381035,582.78415,41.698728,-0.403677,34.981826,-68.222914,3496.121608,29.091982,10.848744,44.36438,53.662323,1.973297,72.771371,20.886813,272.457405,73.884985,21.180738,60.348276,5.130797,0,0,0,0,0,0,0,0,0,0.99619,0,0,0,0,0,0.00381
75007,91.796641,40.794194,Alces alces,56003281,Cervidae,LC,0,0,10.132187,16.808902,33.080847,1236.228048,33.926183,-16.887639,50.813822,19.090014,6.231478,0.004756,87.400434,15.474775,0.080099,15.474775,0.205864,1055.849818,1231.032569,98.14139,-0.980273,1.639579,-15.384737,7166.500665,11.148358,12.362313,3.187437,96.81246,0.000104,232.836823,2.101517,168.380168,203.346956,5.021596,8.244483,2.302692,0,0,0,0,0,0,0,0,0,0,0,0,0,0,8.3e-05,0.999917
75571,91.800502,36.670526,Alces alces,56003281,Cervidae,LC,0,0,-2.195693,14.99205,37.394774,928.488786,17.919011,-22.137842,40.056853,121.318137,34.524152,0.245243,112.785039,87.921135,2.243651,87.921135,2.760174,4046.306068,659.571025,83.11094,-0.830949,10.268252,-76.406302,4131.2092,54.162525,9.632897,36.763149,62.567009,0.669842,144.670722,7.762356,260.748817,95.917957,11.81406,27.589671,3.52141,0,0,0,0,0,0,0,0,0,0.286542,0,0,0,0,0,0.713458
75088,91.872922,40.322981,Alces alces,56003281,Cervidae,LC,0,0,11.11551,15.995707,31.701578,1254.285811,34.591784,-15.867439,50.459223,14.342846,4.680185,0,76.48559,11.569983,0.018949,11.569983,0.484913,930.523638,1289.007042,98.711786,-0.987821,1.176848,-4.419332,7351.943082,11.481903,12.515034,7.952146,91.99766,0.050194,240.26136,1.99853,171.652125,201.029948,4.748868,7.670568,2.289553,0,0,0,0,0,0,0,0,0,0,0,0,0,0,0.010851,0.989149
75732,91.894201,35.734419,Alces alces,56003281,Cervidae,LC,0,0,-7.513882,12.828989,34.919494,882.43364,11.395019,-25.243718,36.638737,228.16928,65.279753,1.006452,118.087366,161.784018,3.141075,161.509616,3.224232,4856.98958,498.081082,61.11002,-0.608597,19.504272,-101.563883,3492.89654,44.053181,10.276415,38.218122,59.812618,1.96926,111.015628,10.834872,287.845223,58.898104,14.647412,37.058491,4.036126,0,0,0,0,0,0,0,0,0,0.38703,0.000166,0,0,0,0.013997,0.548037
76049,91.897538,28.4172,Alces alces,56003281,Cervidae,LC,0,0,-1.61372,13.655199,41.487944,669.343194,15.324354,-17.551727,32.876081,328.136314,73.673767,3.980083,88.74394,194.006944,12.968996,194.006944,14.416925,4886.038798,761.494664,64.12216,-0.632884,31.445583,8.408197,2867.306447,103.639735,8.458824,38.163235,57.995777,3.840988,37.394716,66.274116,110.246506,243.226717,63.671891,189.890268,10.48808,0,0,0,0,0,0,0,0,0,0.860538,8.3e-05,0.000248,0,0,0.004886,0.12588
76050,91.9426,29.317851,Alces alces,56003281,Cervidae,LC,0,0,0.785811,13.265517,41.136885,654.466364,16.892261,-15.346231,32.238492,340.12055,90.927295,1.883424,113.676528,232.436221,6.788864,232.436221,6.940177,4487.431773,861.415794,66.164959,-0.661731,31.573119,21.784564,3282.585357,156.893536,7.911525,47.667984,45.818716,6.5133,44.98652,51.068726,186.00414,164.901243,45.417181,138.6638,8.496481,0,0,0,0,0,0,0,0,0.000166,0.967937,0,0.012179,0.000497,0,0,0.019221
75169,91.946346,39.851891,Alces alces,56003281,Cervidae,LC,0,0,9.816961,17.221442,33.802348,1218.017247,33.603591,-17.358999,50.96259,15.2908,5.017267,0,78.576728,12.221846,0.130416,12.221846,0.663545,1232.490097,1239.426891,98.58964,-0.988602,1.280058,-6.383625,7024.565446,11.949503,11.585815,3.235783,96.764217,0,238.223505,2.02358,173.248493,199.727764,4.789103,7.765711,2.302919,0,0,0,0,0,0,0,0,0,0,0,0,0,0,0,1
79239,91.950955,43.489801,Alces alces,56003281,Cervidae,LC,0,0,5.129574,12.264457,27.86231,1176.391589,26.76899,-17.294723,44.063713,109.04459,26.11049,1.03771,86.920508,66.068764,4.59738,66.068764,4.607956,1620.789835,897.090759,87.05543,-0.870489,8.654644,-59.11286,5783.096227,43.562343,9.531071,28.258065,69.941505,1.80043,216.324072,1.796633,162.508316,206.880692,4.481978,6.946883,2.139758,0,0,0,0,0,0,0,0,0,0.162542,0,0,0.000166,0,0,0.837292
75974,91.999177,34.336521,Alces alces,56003281,Cervidae,LC,0,0,-4.78528,14.974156,38.200771,889.78733,15.030202,-24.16707,39.197273,285.535336,82.070884,1,118.432943,201.311419,4.51001,201.311419,5.51001,4730.439636,578.000482,53.990751,-0.539761,26.335755,-77.300568,3657.710348,27.219068,10.961957,39.299181,58.65033,2.050488,100.368858,12.385011,289.141882,53.811477,15.759947,41.642149,4.263516,0,0,0,0,0,0,0,0,0,0.974412,0,0,0,0,0,0.024263
75330,92.084142,38.91026,Alces alces,56003281,Cervidae,LC,0,0,0.111929,14.753235,35.657608,978.342355,20.734761,-20.634194,41.368955,52.926134,15.674625,0.038635,101.672856,39.706267,1.467152,39.706267,1.541752,3228.512599,795.828083,94.504594,-0.944796,3.669055,-61.527408,4934.467484,56.085276,9.644297,24.189206,75.696972,0.113822,208.873784,3.641993,204.512283,165.148177,7.408743,14.643389,2.735078,0,0,0,0,0,0,0,0,0,0,0,0,0,0,0.000249,0.999751
79075,92.10712,42.555118,Alces alces,56003281,Cervidae,LC,0,0,12.123752,14.407606,27.16555,1410.858018,36.369238,-16.716901,53.086139,20.590409,6.363055,0,81.229884,15.362202,0.173576,15.362202,0.212223,368.575541,1280.435204,98.236331,-0.983781,1.502718,-23.545443,7720.803122,14.468431,12.316156,9.130061,90.83469,0.035249,264.153591,1.504582,157.904845,212.657,3.800588,5.610146,1.969527,0,0,0,0,0,0,0,0,0,0,0,0,0,0,0,1
76130,92.133036,27.914468,Alces alces,56003281,Cervidae,LC,0,0,-2.391234,12.382123,41.220402,634.433055,13.398827,-16.683691,30.082517,411.37038,82.25795,5.524646,76.530903,219.440153,19.04751,219.440153,23.269886,4830.17561,755.128458,62.360195,-0.526726,42.264374,12.8426,2661.726893,154.858883,7.959716,40.80468,50.386778,8.808542,30.605525,76.665282,73.071369,281.186868,75.103399,224.744679,11.878472,0.024269,0,0,0.001077,0.022281,0,0.000166,0.021122,0.00323,0.533919,0.000414,0,0,0,0.022778,0.370662
75411,92.14825,38.439818,Alces alces,56003281,Cervidae,LC,0,0,3.095015,15.360526,34.953222,1047.775617,25.006279,-18.933414,43.939692,31.200765,8.862247,0.127902,86.273407,22.633443,1.271352,22.633443,2.991434,2740.228964,931.190554,96.920686,-0.969694,2.391142,-37.599791,5410.525397,5.175518,13.579761,9.225731,90.774165,0.000104,185.498704,4.84509,222.288754,144.341343,8.882647,18.612648,3.019782,0,0,0,0,0,0,0,0,0,0,0,0,0,0,0.006793,0.993207
78994,92.182926,42.087214,Alces alces,56003281,Cervidae,LC,0,0,10.030054,15.494113,30.128518,1308.451619,33.913758,-17.518524,51.432282,31.295561,8.639235,0,81.962299,21.566096,1.303295,21.566096,1.756923,871.994409,1189.89267,97.208484,-0.972464,2.330727,-29.520047,7177.249474,9.796325,12.494202,12.40041,87.56122,0.03837,248.584738,1.586904,159.247071,211.582099,4.020427,5.9817,2.035944,0,0,0,0,0,0,0,0,0,0,0,0,0,0,0.028742,0.971258
76131,92.185148,28.816755,Alces alces,56003281,Cervidae,LC,0,0,-1.556138,13.498051,41.386846,650.872393,15.001937,-17.588587,32.590524,319.920649,78.68078,2.822661,100.757819,203.9691,10.129561,203.9691,10.582584,4848.662589,774.842787,66.000539,-0.658747,29.205482,7.788966,3007.03797,109.28851,8.397925,43.97278,51.536971,4.490249,42.380857,57.104824,151.002344,201.292756,54.08113,162.703945,9.415665,0,0,0,0,0,0,0,0,0,0.91949,0.000248,0,0,0,0.000497,0.079765
75491,92.208972,37.969702,Alces alces,56003281,Cervidae,LC,0,0,3.346156,15.814493,35.599967,1043.014491,25.441056,-18.981076,44.422132,31.029164,8.990437,0.030271,88.505681,22.916962,0.897363,22.916962,2.823654,2765.199774,939.114105,96.588725,-0.966918,2.691052,-33.81114,5362.022588,10.207011,12.902962,9.046077,90.952991,0.000932,164.797062,5.384268,234.494726,132.048221,9.781413,20.731619,3.152452,0,0,0,0,0,0,0,0,0,0,0,0,0,0,0.010267,0.989733
78912,92.257271,41.618919,Alces alces,56003281,Cervidae,LC,0,0,8.878278,15.973218,31.607962,1261.391949,32.57891,-17.95749,50.5364,34.358733,9.152985,0.024524,82.402885,23.481652,1.412885,23.481652,1.416606,1132.387262,1158.716189,96.944565,-0.971072,2.549017,-29.457959,6950.235196,9.490445,12.042594,8.397449,91.560553,0.041998,231.014956,1.67604,160.898529,210.37851,4.264207,6.380687,2.114148,0,0,0,0,0,0,0,0,0,0,0,0,0,0,0.00936,0.99064
76133,92.263174,30.62196,Alces alces,56003281,Cervidae,LC,0,0,-5.167265,12.917652,37.195609,782.288082,12.732526,-21.993893,34.72642,496.910559,118.47469,4.197628,104.229785,315.284961,13.647307,315.284961,14.468221,5077.714649,650.962653,50.438263,-0.477888,35.646218,-36.081706,3259.081395,135.473985,8.169108,48.870226,44.352436,6.777338,48.2762,44.31233,208.397077,142.24671,38.368579,116.325135,7.609301,0,0,0,0,0,0,0,0,0,0.774805,0,0,0,0,0.000663,0.224532
78830,92.330192,41.150221,Alces alces,56003281,Cervidae,LC,0,0,8.818843,16.22583,32.633893,1220.923117,32.130906,-17.598274,49.72918,30.218627,8.298086,0.012488,82.522286,21.160881,0.985269,21.160881,1.013189,1244.8549,1162.129544,97.308538,-0.973863,2.274873,-25.758132,6896.511045,14.896228,11.375542,5.024582,94.944189,0.031229,239.4883,1.719493,161.615534,210.884282,4.399375,6.597321,2.200193,0,0,0,0,0,0,0,0,0,0,0,0,0,0,0.000663,0.999337
75733,92.369201,36.561971,Alces alces,56003281,Cervidae,LC,0,0,-0.614332,15.309068,36.976773,963.321221,20.047764,-21.341822,41.389586,101.776853,28.143751,0.523634,107.99741,72.790132,2.509524,72.790132,2.707018,3796.859536,720.076607,85.781823,-0.857818,9.261842,-63.346187,4316.070743,66.821274,9.43192,31.268555,68.522742,0.208703,148.648489,6.995196,250.871646,108.737272,11.03082,25.176342,3.390608,0,0,0,0,0,0,0,0,0,0.061853,0,0,0,0,0,0.938147
78749,92.401728,40.681108,Alces alces,56003281,Cervidae,LC,0,0,9.937115,16.628793,33.216429,1218.512853,33.338694,-16.726948,50.065642,20.621697,6.561114,0,86.056088,16.210677,0.033162,16.210677,0.09975,1147.518058,1215.193357,97.983831,-0.98081,1.766005,-15.765066,7072.711814,12.749063,12.072302,4.834514,95.142126,0.02336,239.781256,1.973079,171.770584,200.929715,4.722849,7.571396,2.270714,0,0,0,0,0,0,0,0,0,0,0,0,0,0,0.040683,0.959317
75814,92.414696,36.093855,Alces alces,56003281,Cervidae,LC,0,0,-5.118067,13.73092,36.788799,875.446316,13.903524,-23.394711,37.298235,189.206801,51.931631,0.99199,113.60117,132.317334,3.144229,132.317334,3.29823,4548.540181,553.319986,69.273489,-0.691734,16.570573,-90.862705,3673.907777,92.969563,8.803178,37.03384,61.463447,1.502713,128.661812,9.619435,273.082261,77.702436,13.235577,32.734904,3.808052,0,0,0,0,0,0,0,0,0,0.398774,0,0,0,0,8.3e-05,0.601143
76211,92.419483,28.313085,Alces alces,56003281,Cervidae,LC,0,0,0.67649,13.821934,42.070761,654.189518,17.317718,-15.505986,32.823704,328.017115,77.283628,3.042874,94.571253,199.885193,11.268302,199.885193,11.684262,4579.410497,836.752557,64.784626,-0.633924,34.074471,26.19126,2943.135748,143.937498,7.954413,35.525896,61.714428,2.759676,34.743075,66.370785,98.221139,256.043547,66.019551,194.963816,10.677668,0,0,0,0,0,0,0,0,0,0.889239,0,0.001574,0.000249,0,0.003065,0.105874
79483,92.437127,44.306322,Alces alces,56003281,Cervidae,LC,0,0,5.39745,12.499375,26.944635,1269.314086,27.903671,-18.489562,46.393233,108.001335,25.015112,1.337089,81.207503,63.129615,5.518763,63.129615,5.73302,1357.121674,928.301047,87.8654,-0.878667,8.268761,-66.472699,6144.752746,14.185017,11.538688,30.008242,69.369188,0.622569,175.392303,2.331733,178.657947,189.992828,6.223275,10.509686,2.38421,0,0,0,0,0,0,0,0,0,8.3e-05,0,0,0.000331,0,0,0.999586
76212,92.471159,29.215124,Alces alces,56003281,Cervidae,LC,0,0,-0.090812,12.589952,41.195628,628.976943,15.290509,-15.278728,30.569237,353.15696,91.150797,2.155955,108.941212,233.307693,7.97351,233.307694,8.154845,4541.622418,840.402591,64.508137,-0.645048,32.685828,19.062538,3197.143555,181.788098,7.655491,49.272012,40.164636,10.563352,41.324289,52.25068,168.570588,183.851876,48.331039,144.810859,8.698794,8.3e-05,0,0,0.005883,0,0,0,0.002817,0.002486,0.865595,0,0.00116,0,0,0.000249,0.121727
75250,92.473371,40.210012,Alces alces,56003281,Cervidae,LC,0,0,10.634168,16.814048,32.262642,1280.528243,34.754798,-17.362867,52.117665,14.248556,4.923016,0,75.377019,11.130929,0.109927,11.130929,0.675447,962.740235,1288.020667,98.720049,-0.989927,1.17867,-2.654448,7327.374243,6.831412,13.223852,4.725882,95.274077,4.1e-05,242.478134,1.748817,168.759725,205.135008,4.188042,6.378573,2.20671,0,0,0,0,0,0,0,0,0,0,0,0,0,0,0,1
75975,92.492596,35.159853,Alces alces,56003281,Cervidae,LC,0,0,-6.03942,13.678115,37.288544,845.016046,12.68675,-23.974738,36.661488,263.068701,72.477639,1,115.855124,181.975679,3.230975,181.975679,4.215275,4786.15472,523.153327,53.025463,-0.529713,25.087555,-89.974618,3470.259492,22.130336,10.882418,41.614963,56.3715,2.013537,97.930744,12.723171,302.056733,33.150467,15.563506,41.159487,4.286554,0,0,0,0,0,0,0,0,0,0.963721,0,0,0,0,0,0.024269
79401,92.513405,43.839798,Alces alces,56003281,Cervidae,LC,0,0,2.564182,12.126864,27.75894,1173.633574,23.848849,-19.853783,43.702632,166.273405,35.200708,2.354639,77.135638,92.091348,8.937967,92.091348,8.939402,1874.576344,838.74735,79.907754,-0.799131,13.339628,-68.644783,5552.680281,18.309373,11.108313,35.452828,63.279655,1.267518,199.743536,2.097009,171.113963,198.161924,5.453095,8.982491,2.281431,0,0,0,0,0,0,0,0,0,0.120258,0.000166,0,0,0,0,0.873778
76056,92.524546,34.694176,Alces alces,56003281,Cervidae,LC,0,0,-5.810438,14.158094,37.690039,851.657819,13.248882,-24.298248,37.547131,288.020324,80.5154,1,116.654483,199.837382,3.935039,199.837382,4.935039,4810.550996,537.937232,49.43857,-0.494079,27.473725,-84.689613,3506.067449,32.522294,10.544207,40.746227,57.479825,1.773948,97.776504,12.355372,293.664541,45.651289,15.588527,41.128526,4.262983,0,0,0,0,0,0,0,0,0,0.980116,0,0,0,0,0,0.014085
75331,92.542275,39.739062,Alces alces,56003281,Cervidae,LC,0,0,8.771101,17.059214,34.573986,1164.36606,31.868052,-17.460172,49.328223,18.499825,5.515129,0,73.745561,13.425131,0.534464,13.425131,1.41031,1491.765147,1186.809456,98.464801,-0.984628,1.354342,-10.863654,6764.823464,35.86935,10.736838,9.941128,89.993663,0.065209,228.836173,1.932305,174.455471,199.618028,4.687153,7.386435,2.283999,0,0,0,0,0,0,0,0,0,0,0,0,0,0,0,1
76215,92.569335,31.932897,Alces alces,56003281,Cervidae,LC,0,0,-3.330686,13.529944,37.009061,817.892392,15.115812,-21.454642,36.570455,488.932982,118.110028,3.703843,106.741543,313.837442,12.60268,313.837442,13.219603,4752.745289,655.967547,44.971045,-0.357262,42.34007,-46.100178,3518.533106,54.135866,9.749004,56.026996,41.913289,2.059715,65.52469,23.119185,267.305755,79.346017,22.273505,64.623599,5.332749,0,0,0,0,0,0,0,0,0,0.996025,0,0,0,0,0,0.003975
76217,92.573186,33.766066,Alces alces,56003281,Cervidae,LC,0,0,-3.994945,14.916081,37.87328,885.848668,15.723229,-23.665279,39.388508,333.392431,91.379992,1.507932,115.177153,228.99345,5.899478,228.99345,6.776816,4654.348749,613.372237,46.929777,-0.467149,32.317631,-65.871313,3661.259904,24.842921,11.346447,39.67891,58.218419,2.102671,92.45803,14.534611,276.991847,69.040903,16.995493,46.320807,4.488652,0,0,0,0,0,0,0,0,0,0.98342,0,0,0,0,0,0.01658
75492,92.671385,38.797779,Alces alces,56003281,Cervidae,LC,0,0,2.064649,14.998131,34.947479,1024.486452,23.636137,-19.285583,42.92172,33.003935,9.181101,0.195101,81.743437,22.943866,1.829008,22.943866,3.275211,2865.453772,899.463469,97.096897,-0.971413,2.120585,-42.926003,5372.08365,18.079807,12.062807,16.289785,83.695658,0.014558,196.440721,3.474262,206.416856,164.445632,7.518683,14.066152,2.778293,0,0,0,0,0,0,0,0,0,0,0,0,0,0,0.039841,0.960159
75573,92.73133,38.327546,Alces alces,56003281,Cervidae,LC,0,0,3.066692,15.268561,34.769356,1045.4014,25.087363,-18.824311,43.911674,27.319978,7.265543,0.234241,75.170696,18.277367,1.512495,18.277367,4.247443,2739.572057,945.814374,97.567888,-0.975604,1.886742,-33.335922,5481.499985,5.243354,13.657985,8.624537,91.375339,0.000124,174.3066,4.988352,226.628888,139.986942,9.077527,18.718747,3.070037,0,0,0,0,0,0,0,0,0,0,0,0,0,0,0.013253,0.986747
79156,92.733299,42.438105,Alces alces,56003281,Cervidae,LC,0,0,11.607411,14.979339,28.197385,1387.385068,35.659683,-17.481599,53.141282,24.63906,6.449679,0.283136,69.3966,15.891168,1.439789,15.891168,1.728514,426.972178,1278.608502,98.074455,-0.980569,1.645181,-26.368588,7742.405672,13.594084,12.349904,4.174615,95.824059,0.001325,286.400616,1.36065,156.178831,214.447827,3.43699,4.89679,1.886878,0,0,0,0,0,0,0,0,0,0,0,0,0,0,0.000663,0.999337
76295,92.796745,30.516883,Alces alces,56003281,Cervidae,LC,0,0,-5.89685,12.528084,36.414304,792.952862,11.952993,-22.452726,34.405719,570.639879,127.781285,5.221235,97.808363,345.450297,17.347272,345.450297,19.22538,5091.241593,649.104256,48.584223,-0.448959,38.244734,-34.591475,3182.94357,120.133533,8.511282,52.262414,40.907714,6.829872,43.023305,45.187422,204.819871,146.577847,38.637221,117.145845,7.579823,0,0,0,0,0,0,0,0,0,0.803844,0,0,0,0,0.002651,0.193506
79074,92.803753,41.970125,Alces alces,56003281,Cervidae,LC,0,0,10.011009,15.777917,30.532646,1304.501256,33.697881,-17.98776,51.685641,33.578295,8.639626,0.52914,73.391595,21.37915,2.310299,21.37915,2.481543,873.737014,1199.496481,97.16649,-0.971991,2.379774,-29.919052,7247.34552,12.285026,11.843311,8.772237,91.223373,0.00439,248.616336,1.553168,160.094045,210.957896,3.958413,5.761796,2.044058,0,0,0,0,0,0,0,0,0,0,0,0,0,0,8.3e-05,0.999917
75734,92.841276,37.388182,Alces alces,56003281,Cervidae,LC,0,0,3.54014,15.733796,35.650617,1034.544725,25.357212,-18.764841,44.122053,29.561996,8.493365,0.059921,88.653869,22.085565,1.019547,22.085565,2.170971,2799.812107,949.720049,96.283067,-0.962878,2.967974,-28.250809,5316.865468,6.659229,13.391224,16.595287,82.586165,0.818548,169.918416,4.986874,232.080616,136.615974,9.590391,19.422669,3.156616,0,0,0,0,0,0,0,0,0,0.1162,0.000745,8.3e-05,0,0,0,0.882806
76297,92.847217,32.335764,Alces alces,56003281,Cervidae,LC,0,0,-5.108433,13.261426,36.064267,832.324959,13.590279,-23.173174,36.763453,502.421776,123.120228,3.769826,106.818118,322.544434,13.144164,322.544434,14.248317,4899.843989,606.437844,45.391942,-0.300311,42.870672,-59.276607,3437.072499,75.679124,9.305076,47.210223,49.434282,3.355495,67.98774,20.952946,271.506834,74.523775,21.484526,61.934101,5.18218,0,0,0,0,0,0,0,0,0,0.928347,0,0,0,0,0.002485,0.069168
76298,92.85206,33.251886,Alces alces,56003281,Cervidae,LC,0,0,-5.012375,14.361258,37.32447,857.820044,14.275945,-24.195415,38.471359,410.07656,107.217,2.250223,111.710482,273.363199,8.340848,273.363199,9.464076,4823.357145,589.246013,42.437486,-0.365245,37.615141,-68.075645,3515.321318,30.227537,10.788114,41.084932,56.495474,2.419594,67.923945,20.984088,272.445154,72.598713,21.076469,60.5298,5.136049,0,0,0,0,0,0,0,0,0,0.999091,0,0,0,0,0,0.000496
76373,92.882172,27.300651,Alces alces,56003281,Cervidae,LC,0,0,18.858767,9.899091,44.974761,447.472816,29.325405,7.311997,22.013408,1991.165335,409.57251,5.347592,92.217553,1158.885544,44.126394,1157.670375,51.060994,1154.350466,1284.701549,55.774915,0.373058,312.035741,181.858393,2627.320966,165.136586,7.62293,22.795001,3.357998,73.847001,27.364828,77.569493,55.84854,299.715169,78.688818,235.581474,12.309057,0.051359,0.846173,0,0.000331,0.076706,0,0,0.007704,0.010023,0.007704,0,0,0,0,0,0
75815,92.890957,36.919184,Alces alces,56003281,Cervidae,LC,0,0,2.627356,15.687368,36.041751,1017.144755,24.085269,-19.430314,43.515583,45.9106,12.002212,0.39107,87.348016,31.819047,2.356733,31.819047,2.848014,3043.461123,897.46756,94.20012,-0.942407,4.474583,-34.544465,5031.900729,16.256003,11.926845,23.315447,75.358585,1.325968,162.711609,5.907226,239.552472,124.213653,10.10252,21.697322,3.259354,0,0,0,0,0,0,0,0,0,0.205748,0,0.000497,0,0,0,0.793755
75976,92.97885,35.982931,Alces alces,56003281,Cervidae,LC,0,0,-7.190522,12.750132,35.180818,869.339836,11.387712,-24.784312,36.172024,223.550544,59.872745,1.031114,112.313035,152.775126,3.795413,152.775126,4.36631,4761.001341,501.875795,60.973213,-0.607429,19.686183,-98.843756,3459.056459,55.349527,9.663446,32.036163,66.654348,1.309489,118.661686,9.885937,273.501367,77.167944,13.948422,34.732869,3.94597,0,0,0,0,0,0,0,0,0,0.078197,0,0,0,0,0.014993,0.851972
78829,93.007113,40.56377,Alces alces,56003281,Cervidae,LC,0,0,10.94499,17.050202,33.39103,1240.480131,34.665853,-16.398895,51.064749,18.006202,5.882207,0,80.320264,13.881089,0.082578,13.881089,0.175226,945.789269,1269.454726,98.219079,-0.981049,1.610086,-7.875428,7322.731041,8.537711,12.959773,4.302265,95.69117,0.006564,220.670437,2.082919,177.298869,196.248751,5.151296,8.2826,2.334157,0,0,0,0,0,0,0,0,0,0.000166,0,0,0,0,0,0.999834
79645,93.011405,44.653749,Alces alces,56003281,Cervidae,LC,0,0,8.563232,13.508876,26.039329,1432.949109,32.763585,-19.123991,51.887576,58.909008,15.320097,0.318106,85.884745,38.006342,2.146975,38.006342,2.572625,697.430427,1066.673333,94.276179,-0.942858,4.115173,-64.785772,7041.221743,10.294438,11.969524,17.933756,81.861589,0.204655,169.231555,2.511416,183.0318,186.032851,6.75523,11.671061,2.497903,0,0,0,0,0,0,0,0,0,0,0,0,0,0,0,1
76376,93.043594,30.011408,Alces alces,56003281,Cervidae,LC,0,0,-3.251012,11.699206,38.629931,693.159879,12.208412,-18.097429,30.305842,531.345419,119.258795,4.319011,97.618834,320.813918,14.789939,319.929538,15.836659,4766.150289,745.936452,52.419157,-0.518195,39.28392,-8.007885,3195.754511,191.217903,7.689938,45.783835,42.45852,11.757645,40.700451,47.444139,200.295122,151.290994,39.906216,121.244549,7.7788,0.003644,0,0,0.02079,0.00994,0,0,0.040172,0.005218,0.664127,0,0.002071,0,0,0.006544,0.247494
79563,93.083368,44.187536,Alces alces,56003281,Cervidae,LC,0,0,6.249666,12.885176,27.004988,1299.320604,28.980018,-18.726521,47.706539,108.385494,24.584239,1.243731,82.06727,63.822015,4.765027,63.822015,5.051082,1243.047993,964.612702,87.785388,-0.877714,8.565577,-62.796126,6318.752655,15.856,10.970378,26.253472,73.07735,0.669178,183.733443,2.340167,177.228151,191.88886,6.390794,10.824092,2.441558,0,0,0,0,0,0,0,0,0,0.0063,0,0,0,0,0,0.9937
76380,93.121923,33.65688,Alces alces,56003281,Cervidae,LC,0,0,-5.169523,14.247006,37.172889,857.337974,13.990144,-24.323789,38.313933,386.696232,101.069972,2.000276,111.711246,258.050721,7.289374,258.050721,8.405996,4801.058455,576.352868,41.424724,-0.371186,36.546398,-72.050491,3495.055482,37.717759,10.342777,40.72215,57.338633,1.939217,78.71007,15.310825,276.590468,69.41102,17.897055,49.308421,4.607828,0,0,0,0,0,0,0,0,0,0.991458,0,0,0,0,0,0.008542
76379,93.123491,32.738738,Alces alces,56003281,Cervidae,LC,0,0,-6.995176,13.007198,35.220443,842.900121,11.964367,-24.93211,36.896477,499.355432,125.039301,3.54593,107.721661,322.833372,12.740054,322.833372,14.20851,5074.265614,550.051848,46.838239,-0.242675,42.558032,-73.283487,3334.514203,65.843993,9.447626,44.516642,51.743327,3.740032,66.146169,21.497154,270.366333,75.458438,21.536816,62.195639,5.202696,0,0,0,0,0,0,0,0,0,0.86367,0,0,0,0,0.001738,0.134592
75493,93.136792,39.623364,Alces alces,56003281,Cervidae,LC,0,0,6.394234,15.969355,34.815448,1086.698487,28.336441,-17.509322,45.845764,25.533045,7.205103,0.120969,74.20778,17.344793,1.758635,17.344793,1.999208,1951.529226,1084.707059,98.092594,-0.979836,1.581547,-21.932661,6298.658364,31.036484,10.203337,14.439721,85.551479,0.008801,214.963669,2.204904,181.744145,192.169354,5.437741,8.892933,2.397299,0,0,0,0,0,0,0,0,0,0,0,0,0,0,0.000166,0.999834
79482,93.153887,43.720986,Alces alces,56003281,Cervidae,LC,0,0,0.626146,11.701606,26.572991,1205.017087,21.660057,-22.448356,44.108413,189.21226,39.217607,2.17686,76.53877,103.470359,8.673464,103.470359,8.673942,2018.534269,816.923016,76.105758,-0.760628,15.516417,-70.116877,5421.239643,47.891376,10.061824,46.764239,48.642089,4.593672,204.920908,2.118715,171.486916,198.184075,5.548005,9.174833,2.316599,0.000415,0,0,0,0,0,0,0,0.003235,0.65992,0.001244,0.077223,0.007299,0,0.000332,0.223374
76455,93.229021,28.602876,Alces alces,56003281,Cervidae,LC,0,0,0.450666,11.279029,40.20072,610.139766,15.027941,-13.048028,28.075969,452.89339,104.68178,3.392746,97.420127,275.267002,12.992548,275.200653,13.150111,4161.832176,897.34932,58.573785,-0.510519,55.344172,41.976223,2985.126998,214.021406,7.300185,43.982187,37.116798,18.901015,33.60553,61.469726,108.918245,246.548291,63.123943,184.907175,10.248797,0.163188,0.003479,0,0.017727,0.128396,0,0.000331,0.032886,0.020378,0.372846,0.016236,0,0,0,0.038519,0.206014
75655,93.257331,38.682494,Alces alces,56003281,Cervidae,LC,0,0,2.64173,15.532754,35.100127,1053.596833,24.886046,-19.347152,44.233199,27.001885,7.208893,0.315991,74.383234,17.672334,1.691789,17.672334,3.334837,2772.343219,937.32861,98.022881,-0.979822,1.488012,-35.002359,5541.008726,5.915211,12.993561,11.214691,88.753666,0.031643,193.980598,3.476295,208.137228,163.03572,7.614542,14.17002,2.80449,0,0,0,0,0,0,0,0,0,0.002153,0,0,0.001574,0,0.045304,0.950969
76456,93.286709,29.50663,Alces alces,56003281,Cervidae,LC,0,0,-4.448369,11.779696,39.854915,675.138681,10.915469,-18.650454,29.565923,483.883441,109.067836,3.984851,95.78457,289.722546,14.183761,289.523905,14.642488,4876.038041,731.058665,53.963044,-0.53767,38.377435,-5.599595,3011.932007,168.591262,7.851943,48.626338,41.56768,9.805982,38.04274,50.526783,183.309102,168.612125,44.648815,135.371365,8.304259,0.008531,0,0,0.006295,0.00762,0,0,0.048037,0.003975,0.648749,0,0,0,0,0.003396,0.273315
76457,93.329668,30.409374,Alces alces,56003281,Cervidae,LC,0,0,-6.730391,11.538977,35.666859,777.211311,10.112681,-22.272423,32.385104,635.238057,135.875095,6.078365,93.152133,369.897155,20.705806,362.940748,23.088096,5038.654625,658.827068,49.11545,-0.406368,42.510903,-30.664199,3114.785913,201.52958,7.437583,38.654596,56.612211,4.733193,40.393247,46.688254,198.323408,153.105534,40.496916,122.670698,7.784015,0.001822,0,0,0.000663,0.002402,0,0,0.008117,0.000745,0.469395,8.3e-05,0.000166,0,0,0.083906,0.431459
76458,93.364427,31.315895,Alces alces,56003281,Cervidae,LC,0,0,-5.622312,12.539222,35.222283,835.152934,12.782071,-22.835876,35.617948,646.070226,142.31191,5.921052,96.793176,385.747764,20.564742,385.747764,23.088388,4979.487522,633.617349,51.641073,-0.294413,47.189585,-44.978436,3264.111591,135.307004,8.263893,47.461236,44.246049,8.292715,48.506056,35.18788,236.82232,112.318741,30.388365,92.113728,6.477524,0,0,0,0,0,0,0,0,0,0.703553,0,0.00116,0,0,0.006129,0.289158
76459,93.388264,32.226586,Alces alces,56003281,Cervidae,LC,0,0,-3.347312,12.989205,36.675847,805.059451,14.616916,-20.816749,35.433665,546.686445,128.511477,4.161893,103.816927,342.819615,14.987438,342.819615,16.376038,4707.343152,655.573772,56.562062,-0.278015,48.489038,-47.92249,3465.476017,109.141582,8.427847,48.535646,47.032467,4.431887,62.220137,23.498897,266.121246,80.328022,22.436465,65.385688,5.360348,0,0,0,0,0,0,0,0,0,0.960056,0,0.000331,0,0,0,0.039612
79155,93.42233,41.851159,Alces alces,56003281,Cervidae,LC,0,0,9.296672,16.171892,31.526173,1277.467581,32.997965,-18.303252,51.301216,38.915634,9.757253,1.003443,71.141983,23.626255,3.021929,23.626255,3.029088,1014.811333,1168.639163,96.785448,-0.96817,2.684063,-32.129631,7090.783019,9.242966,12.093868,4.370775,95.628997,0.000228,231.024978,1.71868,164.149631,207.88188,4.506337,6.703568,2.186624,0,0,0,0,0,0,0,0,0,0,0,0,0,0,0.000166,0.999834
76536,93.456871,28.09397,Alces alces,56003281,Cervidae,LC,0,0,14.356823,10.337893,42.347,518.243677,26.403073,1.94978,24.453293,1384.776495,278.316833,6.263135,91.077782,784.468691,34.607732,783.093703,42.624351,1986.198132,1206.096558,56.092691,0.155753,222.829155,141.571234,2917.380763,226.985392,7.182059,26.751175,9.9679,63.280924,28.918243,63.790575,87.533062,269.179668,67.560853,197.394042,10.669823,0.192744,0.442558,0,0,0.291643,0,0.000497,0.002651,0.002071,0.024186,0.017311,0,0,0,0.015738,0.010602
76381,93.632559,34.471772,Alces alces,56003281,Cervidae,LC,0,0,-4.41588,14.106291,36.665012,869.772087,14.8913,-23.574205,38.465506,319.158478,81.300041,1.573973,110.004382,210.483524,5.608448,210.483524,6.378497,4610.581651,578.769448,46.271835,-0.459242,31.497679,-74.981083,3530.420595,40.892442,10.578081,38.93036,59.159476,1.910164,95.536983,11.936406,275.758965,71.902195,15.606026,41.388262,4.222242,0,0,0,0,0,0,0,0,0,0.974818,0,0,0,0,0,0.025182
76540,93.647074,31.715389,Alces alces,56003281,Cervidae,LC,0,0,-3.166556,12.569581,36.37774,799.870105,14.381435,-20.200884,34.582319,622.279145,139.55776,5.058334,99.538449,378.110711,18.410193,378.110711,20.439997,4700.381888,679.076845,64.033222,-0.267339,52.164024,-38.742154,3400.532183,139.551974,8.042762,46.69713,42.66033,10.642541,53.771738,27.046235,254.760716,94.041466,24.250721,71.779636,5.581579,0,0,0,0,0,0,0,0,0.000248,0.884141,0,0.001242,0,0,0.001159,0.113209
79726,93.660989,44.533107,Alces alces,56003281,Cervidae,LC,0,0,8.521839,13.680893,26.114673,1438.237239,32.740611,-19.65782,52.398432,52.886161,14.541628,0.115988,89.698572,35.701994,1.608566,35.701994,2.115988,690.924413,1074.935012,94.622985,-0.946934,3.938201,-61.412333,7046.108485,9.003529,11.622168,19.730887,80.157769,0.111343,175.366719,2.474593,179.591732,189.561172,6.778348,11.614631,2.513752,0,0,0,0,0,0,0,0,0,0.000166,0,0,0,0,0,0.999834
76541,93.666456,32.627881,Alces alces,56003281,Cervidae,LC,0,0,-5.870907,13.318063,35.612644,843.066587,13.095181,-24.282808,37.377989,538.00192,129.505915,4.130046,104.783874,340.334956,14.422071,340.334956,16.033787,4937.18335,584.458417,60.664767,-0.21902,47.348363,-64.951923,3338.309773,51.646885,10.355941,47.027254,48.911895,4.060851,61.690275,21.684953,268.359879,77.721499,21.542318,62.193753,5.20129,0,0,0,0,0,0,0,0,0,0.946492,0,0,0,0,0,0.053508
78828,93.670683,39.974949,Alces alces,56003281,Cervidae,LC,0,0,9.350462,17.894311,35.028499,1197.072097,32.968204,-18.125702,51.093906,24.161786,6.94143,0.260357,71.907965,16.090819,1.508179,16.090819,1.875714,1267.598541,1222.312293,97.952679,-0.979903,1.837008,-7.26194,6994.665629,18.146962,11.594534,3.751885,96.239066,0.00905,207.165811,2.21711,182.55866,191.689724,5.610416,9.067308,2.414392,0,0,0,0,0,0,0,0,0,0.001822,0,0,0,0,0.001408,0.99677
75736,93.787294,39.034474,Alces alces,56003281,Cervidae,LC,0,0,-1.823639,14.37131,34.85287,986.82269,18.97421,-22.198062,41.172272,71.259722,20.518341,0.465904,96.936204,50.373794,2.742648,50.373794,3.696958,3446.92297,748.104058,91.576143,-0.915097,4.67536,-66.901113,4799.67438,58.399251,9.81101,21.042891,78.409376,0.547733,200.742305,2.593121,195.514977,178.803533,6.653427,11.246367,2.623056,0,0,0,0,0,0,0,0,0,0.005635,0.000166,0,0,0,0.025108,0.935532
75817,93.841961,38.564415,Alces alces,56003281,Cervidae,LC,0,0,1.03959,15.14626,35.24855,1016.198002,22.772778,-20.170624,42.943402,42.175725,12.377526,0.014766,90.826529,30.646545,1.503019,30.646545,3.241283,3094.722457,851.742965,95.742194,-0.958102,2.849162,-47.264468,5157.079349,36.128465,10.682394,13.516734,86.225283,0.257984,177.46637,4.014644,217.024911,153.275759,8.30702,16.022014,2.948519,0,0,0,0,0,0,0,0,0,0,0,0,0,0,0.044238,0.955762
79481,93.855443,43.13346,Alces alces,56003281,Cervidae,LC,0,0,2.175098,11.964276,28.248343,1126.871334,22.405995,-20.028194,42.434189,138.292724,32.312356,1.611168,82.111378,80.751249,5.675738,80.751249,5.737554,2031.926958,839.344074,82.482705,-0.8246,11.193084,-65.577793,5487.845976,77.672751,8.740023,37.172605,58.249565,4.57783,214.367061,1.93797,168.022272,202.662134,4.951044,7.825064,2.23309,0.002321,0,0,0,0,0,0,0,0.004061,0.511106,0.002901,0.000829,0.000166,0,8.3e-05,0.478535
75898,93.893746,38.094687,Alces alces,56003281,Cervidae,LC,0,0,3.481056,15.748445,35.403735,1048.228606,25.797792,-18.681905,44.479697,28.005722,8.095865,0,82.343112,20.01359,1.078344,20.01359,3.342192,2749.364988,950.13726,97.390438,-0.974185,2.01645,-29.486336,5457.438378,4.598863,13.702955,6.766951,93.17328,0.059769,178.320473,4.166514,221.306932,148.602503,8.492558,16.598525,2.99505,0,0,0,0,0,0,0,0,0,8.3e-05,0,0,0,0,8.3e-05,0.999834
76621,93.900533,31.205102,Alces alces,56003281,Cervidae,LC,0,0,-5.167484,12.080559,35.414867,807.286935,12.307888,-21.825587,34.133476,681.333194,148.181074,5.96879,95.07731,400.774145,21.443033,400.740676,24.051083,4931.102529,648.345961,59.902608,-0.262845,51.822811,-40.210276,3215.653763,164.230013,7.856679,47.985229,42.947028,9.067743,41.205988,38.04425,213.755581,137.927929,34.642381,103.596228,6.956167,0,0,0,0,0,0,0,0,8.3e-05,0.688235,0,0.001326,0,0,0.007622,0.302734
79399,93.91771,42.666191,Alces alces,56003281,Cervidae,LC,0,0,9.485926,14.979882,28.773702,1341.967396,32.953636,-19.079103,52.032739,47.438262,10.81256,1.274132,62.294365,25.837289,4.145995,25.837289,4.248586,840.108577,1152.252807,96.151351,-0.961687,3.10205,-39.070112,7142.299169,11.809776,11.177771,21.765113,77.927786,0.307101,218.905412,1.877708,166.726761,204.156785,4.771541,7.443556,2.199899,0,0,0,0,0,0,0,0,0,0.134736,0,0.065214,0.001326,0,0.002735,0.795989
76622,93.92858,32.114919,Alces alces,56003281,Cervidae,LC,0,0,-3.886261,12.905352,36.3014,814.090762,14.169987,-21.40424,35.574227,599.967245,137.487759,4.685025,101.242145,368.844284,17.280612,368.844285,19.099765,4724.877388,655.620096,63.243557,-0.224951,53.283528,-46.503188,3391.713389,116.805094,8.311748,55.349838,37.845635,6.804527,53.62749,25.279791,256.968299,91.381616,23.533859,69.551471,5.461235,0,0,0,0,0,0,0,0,0,0.946557,0,0.00116,0,0,0.000331,0.051951
76699,94.040643,28.886853,Alces alces,56003281,Cervidae,LC,0,0,2.866556,10.96478,39.280255,628.662292,17.191585,-10.760213,27.951798,645.493611,134.875527,3.923392,91.105723,366.719823,16.28436,366.180246,16.912141,3727.623867,942.953677,52.971922,-0.355231,80.587263,55.406053,2999.533738,213.536211,7.324635,43.777494,33.281278,22.941228,30.53069,55.143447,144.702856,209.378472,53.538346,160.656913,9.27863,0.222185,0.000331,0,0.021539,0.21067,0.000166,0.001574,0.06934,0.020379,0.358131,0.015657,0,0,0,0.020794,0.059233
76220,94.069103,36.220281,Alces alces,56003281,Cervidae,LC,0,0,-1.197571,13.940562,35.356902,935.499976,18.481539,-20.858274,39.339814,124.360374,31.970435,1.063828,96.589639,82.648984,3.472724,82.648984,3.833989,3836.936586,715.144422,81.398174,-0.813408,10.543599,-63.519427,4272.218128,98.101442,8.7771,25.598575,73.834759,0.566666,130.65593,8.181962,259.401086,97.401829,12.4361,29.528093,3.680232,0,0,0,0,0,0,0,0,0,0.05492,0,0,0,0,0,0.94508
79154,94.097345,41.26205,Alces alces,56003281,Cervidae,LC,0,0,8.387682,17.107427,33.57468,1227.842833,32.13363,-18.81415,50.947781,43.661251,11.89996,0.959517,79.338392,27.677636,2.979725,27.677636,3.001434,1302.012744,1125.601893,96.281723,-0.963674,3.103953,-29.254115,6776.988404,7.238501,12.872018,2.535188,97.4627,0.002113,217.561561,1.81463,169.450823,203.948344,4.872329,7.274146,2.290845,0,0,0,0,0,0,0,0,0,0,0,0,0,0,0,1
76700,94.104506,29.792378,Alces alces,56003281,Cervidae,LC,0,0,-0.837273,10.977885,38.263616,666.200034,13.765536,-14.966668,28.732204,599.335752,125.979689,4.066186,91.317383,339.441883,15.535733,337.150459,15.735575,4261.437868,836.260953,45.950267,-0.443759,55.248053,17.913106,3159.334567,200.171358,7.559252,44.348023,38.103584,17.548393,29.848963,50.005069,178.799066,174.684468,44.287667,133.270667,8.263416,0.147142,0,0,0.007954,0.077879,0,0,0.142668,0.043165,0.458575,0.003728,8.3e-05,0.002651,0,0.005385,0.102154
76382,94.135354,35.286791,Alces alces,56003281,Cervidae,LC,0,0,-4.778783,14.132713,36.763255,885.075948,14.714503,-23.723971,38.438475,256.089284,64.307305,1.246512,107.766055,168.053574,4.929108,168.053574,5.822666,4574.102518,555.040069,56.58052,-0.565003,24.010118,-85.08745,3551.514521,25.026405,11.364993,37.297168,60.880631,1.822201,106.182211,10.547133,269.663036,81.65089,14.451972,36.91115,4.023915,0,0,0,0,0,0,0,0,0,0.842515,0,0,0,0,0,0.157485
76701,94.149189,30.695681,Alces alces,56003281,Cervidae,LC,0,0,-6.20519,11.119261,34.222256,796.826158,10.655828,-21.878284,32.534112,684.254011,144.968424,6.427536,91.71915,391.626149,22.656835,379.798205,24.736466,4869.053095,685.354056,50.086033,-0.29894,53.345368,-26.443476,3150.781333,239.510694,7.265197,36.385686,57.19681,6.417504,36.686661,42.80402,205.436564,146.623852,37.253764,111.891613,7.347783,0.017816,0,0,0,0.012098,0,0,0.022373,0.00058,0.387885,0.000746,0.002072,0,0,0.112198,0.444233
76543,94.18525,34.356706,Alces alces,56003281,Cervidae,LC,0,0,-4.958903,13.773131,36.285327,852.697509,14.015854,-23.928244,37.944098,356.932395,88.228316,2.02281,107.662287,231.082121,6.743567,231.082121,7.761426,4657.688262,568.263833,41.574465,-0.408992,33.872236,-76.914156,3481.921529,58.317484,9.842924,37.199147,60.948929,1.851924,93.52131,11.790891,272.491163,76.888106,15.561737,41.262708,4.196153,0,0,0,0,0,0,0,0,0,0.971348,0,0,0,0,0,0.028652
76703,94.208661,32.51452,Alces alces,56003281,Cervidae,LC,0,0,-6.749696,12.918144,34.699956,862.884989,12.331231,-24.884439,37.215671,587.261746,137.829992,4.830702,102.000431,363.665731,17.046993,363.544662,19.032908,4987.499879,577.229135,60.749855,-0.157775,51.547528,-64.924589,3252.486068,71.822335,9.80334,49.132566,44.894279,5.973155,52.902287,22.6356,260.129129,87.686663,22.372232,65.630616,5.266604,0,0,0,0,0,0,0,0,0,0.885281,0,0,0,0,8.3e-05,0.114636
78991,94.211447,40.323895,Alces alces,56003281,Cervidae,LC,0,0,9.742894,18.409089,35.201356,1227.18979,33.840517,-18.452214,52.292731,31.513131,8.92347,0.271607,75.522164,20.495504,1.82471,20.495504,1.856512,1098.805128,1233.031125,97.450825,-0.973582,2.298286,-9.3001,7133.53893,4.625683,12.680375,6.625176,93.342349,0.032475,201.10839,2.05632,181.179398,194.42456,5.790498,8.795296,2.468093,0,0,0,0,0,0,0,0,0,0.01773,0,8.3e-05,0,0,0.075311,0.906711
76704,94.216982,33.430884,Alces alces,56003281,Cervidae,LC,0,0,-5.141005,13.765716,36.161619,849.56973,13.900935,-24.154565,38.0555,472.336344,113.049359,3.065764,105.17612,298.888678,10.487958,298.888678,12.130161,4757.785479,585.396126,44.542602,-0.267989,44.199554,-68.266213,3396.977383,37.776261,10.568859,47.702507,45.058409,7.239083,62.800456,20.189922,269.750671,76.216391,20.638843,59.021221,5.049752,0,0,0,0,0,0,0,0,0,0.987993,0,0,0,0,0,0.012007
78909,94.266891,39.854163,Alces alces,56003281,Cervidae,LC,0,0,8.653578,17.998796,36.045688,1150.251798,31.904205,-18.031562,49.935767,34.701808,9.521071,0.613418,74.543704,22.066453,2.527721,22.066453,2.576603,1480.560912,1170.939169,97.167229,-0.971541,2.486485,-12.449895,6748.007339,13.5119,11.669453,6.516204,93.44412,0.039676,196.085025,2.096797,183.306236,192.673906,5.942322,9.038968,2.496245,0,0,0,0,0,0,0,0,0,0.013915,0,0.005798,0.001657,0,0.030813,0.947817
78827,94.321301,39.38398,Alces alces,56003281,Cervidae,LC,0,0,0.670214,14.590635,35.133191,988.583139,21.097656,-20.43169,41.529345,67.342909,18.93163,0.837304,91.709738,45.947811,3.169604,45.947811,3.525661,2945.998084,842.899219,92.703495,-0.926952,4.685525,-54.390767,5234.713931,65.747226,8.825604,28.394181,71.002071,0.603748,193.465412,2.491258,193.298877,181.672144,6.586909,10.833178,2.599107,0,0,0,0,0,0,0,0,0,0.141473,0,0,0.00058,0,0.005053,0.852895
79725,94.368351,43.94464,Alces alces,56003281,Cervidae,LC,0,0,9.337332,13.393397,25.970791,1410.113827,32.88277,-18.68943,51.572199,42.899064,12.745709,0.251515,90.397208,29.617371,1.200786,29.617371,1.631054,611.30375,1116.461188,95.681316,-0.956819,3.30568,-49.136947,7150.770214,15.880548,11.240397,18.126886,81.707499,0.165614,181.403116,2.451025,177.336581,192.003897,6.66523,11.399692,2.493598,0,0,0,0,0,0,0,0,0,0.009025,0,0,0,0,0,0.990975
78746,94.374704,38.913335,Alces alces,56003281,Cervidae,LC,0,0,1.428584,16.0669,35.822847,1051.391772,24.015572,-20.828556,44.844128,50.075722,14.20657,0.443992,91.578159,35.041409,2.454718,35.041409,3.954123,2951.351909,862.764797,94.857887,-0.948877,3.630819,-47.100509,5231.700995,8.356347,12.038836,16.950305,82.094479,0.955216,197.041371,2.602146,197.460999,177.153951,6.796704,11.430971,2.656645,0,0,0,0,0,0,0,0,0,0.152253,0.000249,0,0,0,0.001077,0.844185
76782,94.393527,30.187079,Alces alces,56003281,Cervidae,LC,0,0,-3.168165,11.092603,36.554061,719.511381,12.135043,-18.249082,30.384125,652.438142,134.920727,5.876839,89.511308,364.90679,21.103052,356.713668,21.572098,4326.915498,807.116207,46.156508,-0.376073,58.693992,7.293122,3215.657112,303.074492,6.869562,37.69378,52.565633,9.740587,27.382928,51.549302,185.056264,167.932234,43.449844,131.364471,8.219277,0.079593,0,0,0.004058,0.07512,0,0,0.036276,0.008862,0.36003,0.002236,0,0,0,0.175501,0.258158
75979,94.425258,38.443554,Alces alces,56003281,Cervidae,LC,0,0,0.73092,14.860801,34.785265,1018.521329,22.357111,-20.338664,42.695775,57.871611,16.891385,0.114381,99.753528,42.264689,1.772345,42.264689,3.038777,3220.671798,812.570207,93.431669,-0.934216,4.372635,-52.365739,4948.005454,31.896166,10.670878,16.532714,83.049039,0.418247,178.310026,3.958534,218.243192,152.333154,8.280766,15.892432,2.961875,0,0,0,0,0,0,0,0,0,0.002898,0,0,0,0,0,0.997102
79561,94.485452,43.011253,Alces alces,56003281,Cervidae,LC,0,0,-2.468065,11.014341,28.159844,1049.379447,16.705748,-22.313824,39.019571,173.444616,43.343128,1.880201,90.001395,105.342276,6.366567,105.342276,6.370443,2722.904997,685.569513,74.985313,-0.74697,14.009859,-79.661417,4685.317932,101.263254,8.143996,37.540815,59.323288,3.135898,207.876677,2.037135,169.79518,201.636589,5.25377,8.355372,2.319168,0,0,0,0,0,0,0,0,0.000497,0.529071,0,0.000745,0.000248,0,0.008034,0.461405
76221,94.55976,37.03653,Alces alces,56003281,Cervidae,LC,0,0,5.030808,14.246927,34.090391,1005.635193,25.326687,-16.456526,41.783214,31.788728,8.972331,0.129225,83.269965,22.220139,1.50062,22.220139,1.936564,2684.377579,985.873489,96.425932,-0.963701,2.934029,-18.291651,5357.758979,0.537857,14.205956,13.474702,85.754529,0.770769,172.574481,4.797762,233.786452,133.898618,9.22641,18.991129,3.162267,0,0,0,0,0,0,0,0,0,0,0,0,0,0,0.000911,0.973416
79398,94.59799,42.076366,Alces alces,56003281,Cervidae,LC,0,0,8.752551,15.55648,31.012086,1265.492533,31.994615,-18.177462,50.172077,44.06261,12.621769,0.74913,82.191091,28.299657,2.618978,28.299657,2.618978,1109.112871,1108.170497,95.890998,-0.95847,3.361931,-33.60809,6804.005271,11.347256,12.052845,10.604536,89.329357,0.066107,208.715853,1.971577,169.015893,202.886224,5.095265,7.947414,2.294024,0,0,0,0,0,0,0,0,0,0,0,0,0.000331,0,0.000331,0.999337
76302,94.598379,36.568499,Alces alces,56003281,Cervidae,LC,0,0,4.850226,15.305101,35.372664,1015.015918,25.962532,-17.294039,43.256571,37.275617,9.925119,0.883415,77.207082,24.217732,2.839279,24.217732,3.228301,2758.567345,978.014186,96.263537,-0.960308,3.087523,-18.762799,5257.91882,4.19436,11.843752,23.431828,75.345653,1.222519,154.71122,6.374137,246.694349,114.96324,10.61403,23.509101,3.380556,0,0,0,0,0,0,0,0,0,0.222434,0,0.000912,0.000332,0,0,0.776322
79316,94.652626,41.60833,Alces alces,56003281,Cervidae,LC,0,0,6.818489,16.193144,32.810906,1215.06027,30.044919,-19.306306,49.351225,58.112812,15.987297,1.013133,84.179946,36.584636,3.101846,36.584636,3.10309,1532.18629,1037.997216,94.603146,-0.945614,4.290103,-38.578073,6388.672415,9.418409,13.183256,5.781429,94.203226,0.015344,212.06784,1.848671,167.589941,204.987455,4.907454,7.362896,2.281258,0,0,0,0,0,0,0,0,0,0,0,0,0.000166,0,0,0.999834
76864,94.682302,30.581664,Alces alces,56003281,Cervidae,LC,0,0,-6.507662,11.412756,34.339051,810.29646,10.744772,-22.589607,33.334379,676.365503,143.010296,6.64447,90.295111,382.232006,23.478644,371.023298,24.757605,4739.883575,707.818496,54.221451,-0.253316,60.117499,-18.860457,3127.982761,241.943394,7.153892,30.959911,63.292802,5.747287,28.418218,48.986937,189.101902,163.812493,42.006887,126.836475,7.989223,0.015325,0,0,0.001574,0.035371,0,0,0.00439,0.000249,0.219516,0.000663,0.000249,0,0,0.289264,0.433234
79235,94.706212,41.139882,Alces alces,56003281,Cervidae,LC,0,0,6.319372,16.081538,33.838685,1154.669335,28.763561,-18.780652,47.544213,61.407654,16.979185,1.003481,87.011589,39.394557,3.069763,39.394557,3.077485,1740.847217,1019.969449,94.37128,-0.943225,4.441989,-39.541431,6255.581381,14.337027,11.62813,8.49911,91.370434,0.130456,209.223473,1.875539,171.61159,202.179016,5.1068,7.646421,2.337088,0,0,0,0,0,0,0,0,0,0,0,0,0,0,0,1
76705,94.737044,34.239072,Alces alces,56003281,Cervidae,LC,0,0,-5.586019,13.586863,35.995686,849.047693,13.309712,-24.422062,37.731774,400.644867,96.011046,2.701288,105.067436,253.941444,8.718922,253.941444,9.809574,4700.303236,557.934667,36.170036,-0.347739,36.928248,-78.293537,3431.68018,40.324823,10.425694,43.233689,51.702122,5.064189,95.555904,11.309909,269.149336,81.876854,15.309441,40.021977,4.15215,0,0,0,0,0,0,0,0,0,0.992383,0,0,0,0,0,0.007617
76786,94.752476,33.775985,Alces alces,56003281,Cervidae,LC,0,0,-8.213339,12.594863,33.856727,894.998278,10.991803,-26.203009,37.194812,492.242955,116.743303,3.856526,102.954007,306.898355,13.718306,306.677455,15.371544,4985.455997,515.394636,45.421274,-0.189107,43.356646,-84.096597,3249.704098,76.487658,9.126607,55.359886,40.489831,4.150284,81.597926,16.378616,265.884106,83.412637,18.185553,50.430035,4.630297,0,0,0,0,0,0,0,0,0,0.798277,0,0,0,0,0.020628,0.181095
79153,94.758778,40.671013,Alces alces,56003281,Cervidae,LC,0,0,9.184779,17.394275,34.785649,1189.873166,32.441666,-17.535108,49.976774,41.4823,11.820841,0.314891,82.89387,27.290957,1.896266,27.290957,1.941866,1250.542971,1168.166621,96.389311,-0.964217,3.104586,-20.886776,6927.118017,9.975357,12.629661,8.134855,91.762037,0.103108,198.308335,2.081825,181.332721,194.128866,5.891971,8.967402,2.482644,0,0,0,0,0,0,0,0,0,0.036193,0,0.00058,0,0,0,0.963227
76867,94.763276,33.314086,Alces alces,56003281,Cervidae,LC,0,0,-5.717169,13.436948,35.588631,864.609991,13.37287,-24.365401,37.738271,519.74136,120.911981,3.833294,102.329179,321.773056,13.69613,321.766418,15.294851,4778.786209,583.656162,52.922994,-0.205888,48.090054,-66.868644,3337.73046,93.326262,8.766346,57.611482,38.179245,4.209274,55.679682,20.968631,261.683627,86.467067,21.392287,61.970736,5.092989,0,0,0,0,0,0,0,0,0,0.875932,0,0,0,0,0.008365,0.115703
76942,94.777197,28.254126,Alces alces,56003281,Cervidae,LC,0,0,19.176716,11.02043,46.159235,483.58132,30.488116,6.612389,23.875727,2266.082303,425.493632,16.111798,83.966531,1210.372941,65.928455,1210.372941,97.00937,927.94671,1281.439692,47.474565,0.541666,422.451961,182.188897,2787.010294,161.349518,7.771113,23.25113,2.590394,74.158475,28.611949,52.029964,79.182594,280.363934,61.739356,172.529829,9.741493,0.02104,0.937127,0,8.3e-05,0.003976,0,0,0.012011,0.011431,0.013502,0.000331,0.000166,0.000331,0,0,0
79071,94.810349,40.201709,Alces alces,56003281,Cervidae,LC,0,0,9.460355,17.887479,35.473733,1183.603898,32.715402,-17.68923,50.404632,39.975252,10.905513,0.697486,76.287874,25.016203,2.685755,25.016203,2.689543,1202.435313,1209.942403,96.689995,-0.967753,2.948965,-11.70766,7041.958319,12.072243,12.599533,15.76479,83.900048,0.335162,176.003513,2.096141,183.97209,193.100657,6.113431,9.027636,2.486283,0,0,0,0,0,0,0,0,0,0.094741,0,0.114617,0.010932,0,0.003147,0.776563
78908,94.910614,39.261752,Alces alces,56003281,Cervidae,LC,0,0,-3.727524,13.80964,33.813816,989.506615,16.451761,-24.323988,40.775749,113.750408,30.862457,1.167113,97.348533,76.033011,4.919071,76.033011,6.171961,3568.649353,686.505894,85.80664,-0.857217,8.077898,-78.592088,4541.06778,86.918865,8.59768,27.794065,71.448066,0.757869,194.68022,2.212086,187.991422,187.936991,6.300885,9.796997,2.581953,0,0,0,0,0,0,0,0,0,0.125673,0,0.00058,0,0,8.3e-05,0.873664
77024,95.072249,28.648591,Alces alces,56003281,Cervidae,LC,0,0,15.775407,11.105439,44.00122,529.42711,27.944598,2.689101,25.255497,1690.727026,322.861504,9.760356,85.727593,921.100506,43.573787,920.649724,63.667901,1653.94212,1210.099986,50.196563,0.376809,300.946447,146.852865,3003.355817,219.431232,7.180179,22.76176,5.449159,71.78908,27.322444,53.41101,96.824835,261.734069,58.866277,166.758255,9.511282,0.191518,0.661614,8.3e-05,0.003562,0.105451,0,0,0.009029,0.004473,0.023111,0.000994,0,0,0,0,0.000166
76464,95.165271,36.446259,Alces alces,56003281,Cervidae,LC,0,0,4.630222,14.72437,34.763303,1005.311882,25.296689,-17.045963,42.342652,49.882955,13.82812,0.953613,87.245697,33.457715,2.908045,33.457715,3.11491,2864.226975,956.070142,93.373076,-0.933668,5.351637,-19.525832,5104.10598,17.891706,11.020768,22.330096,76.830769,0.839134,142.232206,6.677438,244.095647,119.421455,11.569474,25.868211,3.543209,0,0,0,0,0,0,0,0,0,0.171751,0,0,0.014589,0,0,0.81366
79479,95.214852,41.952866,Alces alces,56003281,Cervidae,LC,0,0,5.342829,14.53807,30.873558,1193.100439,27.385958,-19.670663,47.056621,68.073633,19.085722,1.095113,86.040159,42.847358,3.679431,42.847358,3.681158,1661.270022,978.422036,93.213749,-0.932183,5.177496,-43.883707,6125.622407,18.418875,11.184649,12.3604,87.547217,0.092383,211.345212,2.011302,171.190917,201.213404,5.344494,8.351968,2.366891,0,0,0,0,0,0,0,0,0,0,0,0,0,0,0,1
76626,95.225395,35.51287,Alces alces,56003281,Cervidae,LC,0,0,-6.149341,13.523034,35.65387,882.107547,12.94736,-24.971631,37.918991,265.555294,65.839835,2.013052,103.543708,171.200916,6.797109,171.200916,7.647697,4624.882229,536.652128,53.733566,-0.53424,24.476764,-91.27163,3543.609856,45.177344,10.139423,37.534817,60.146759,2.318423,105.299195,9.738782,262.220104,93.144273,14.252679,35.434074,3.953266,0,0,0,0,0,0,0,0,0,0.825921,0,0,0,0,0,0.161905
76787,95.271037,34.582605,Alces alces,56003281,Cervidae,LC,0,0,-4.773115,13.852036,36.480462,853.946041,14.194294,-23.766468,37.960762,367.796024,87.25171,2.49016,104.01036,232.211794,8.01383,232.211794,8.854981,4574.360602,570.657077,40.783564,-0.401307,33.874204,-77.787168,3520.21881,83.109479,8.954564,38.814077,56.250399,4.935524,95.159205,10.501478,265.010302,88.762664,14.902992,37.886973,4.049004,0,0,0,0,0,0,0,0,0,0.925275,0,0.000166,0,0,0,0.074559
77105,95.287875,28.129937,Alces alces,56003281,Cervidae,LC,0,0,19.882187,10.528922,45.02964,471.267625,31.051108,7.677603,23.373504,2350.130819,446.88911,15.849188,82.058158,1243.385344,68.19132,1243.385342,105.875533,767.336958,1281.134008,47.687184,0.573435,469.785073,188.819073,2681.356376,118.567749,9.161615,30.858075,6.394942,62.746983,28.620537,51.646612,65.626312,295.998059,62.561398,173.126948,9.733207,0.034791,0.675364,0,0.005633,0.004805,0,0,0.01226,0.087392,0.046885,0.005384,0.051359,0.001657,0.067346,0,0.007124
76948,95.300569,33.656225,Alces alces,56003281,Cervidae,LC,0,0,-6.991304,12.879349,34.614448,875.853116,11.902372,-25.289064,37.191436,514.526353,120.017923,4.148655,102.120829,318.569971,14.403052,318.399763,15.90614,4854.618402,547.417556,47.398607,-0.184938,46.025032,-75.465957,3293.032721,113.914907,8.319639,50.603036,46.139363,3.257601,67.256187,17.991875,259.084686,91.697856,19.726404,56.059929,4.83028,0,0,0,0,0,0,0,0,0,0.812376,0,0,0,0,0.015242,0.172382
77029,95.308729,33.194764,Alces alces,56003281,Cervidae,LC,0,0,-6.307078,12.997767,35.18812,869.866656,12.478843,-24.458624,36.937467,561.808026,129.007702,4.448192,100.80244,344.066395,15.733059,344.066395,17.530512,4820.82057,580.259031,55.36207,-0.162524,51.193323,-65.067804,3279.998995,114.479006,8.38912,59.265961,37.502454,3.231585,50.620055,21.250728,259.033188,89.832818,21.806432,63.593271,5.188848,0,0,0,0,0,0,0,0,0,0.881067,0,0,0,0,0.000414,0.118519
79315,95.312796,41.016429,Alces alces,56003281,Cervidae,LC,0,0,6.807819,15.890283,33.804406,1146.004867,29.084862,-17.917038,47.001901,61.877446,17.369906,0.83406,88.079937,39.852368,2.851594,39.852368,2.856829,1702.301052,1032.538969,94.157161,-0.941542,4.623239,-38.333187,6335.925307,12.156158,11.771168,9.446071,90.341528,0.212401,206.96053,2.020138,178.318793,196.395379,5.970767,8.968194,2.537396,0,0,0,0,0,0,0,0,0,0,0,0,0.004638,0,0,0.995362
77106,95.369732,29.042923,Alces alces,56003281,Cervidae,LC,0,0,7.431657,10.90687,40.861808,602.338207,20.624833,-6.079721,26.704554,993.288776,194.124501,6.587861,85.538455,542.176312,27.843954,539.365475,32.287906,3028.42089,1027.738009,54.484231,-0.032955,140.213552,82.334778,3061.263189,188.13953,7.569229,35.944814,21.28928,42.765906,24.986779,50.227297,138.077448,219.271367,51.354682,148.972745,8.771916,0.209493,0.051027,0,0.002982,0.495527,0,0,0.008201,0.004805,0.209162,0.000497,0,0,0,0.016899,0.001408
79152,95.407048,40.078273,Alces alces,56003281,Cervidae,LC,0,0,7.644571,16.258523,34.023616,1149.568782,30.093967,-17.695911,47.789878,52.810057,13.818612,0.965367,78.024444,32.024764,3.135763,32.024764,3.277658,1564.296252,1116.505187,95.42745,-0.954233,3.83716,-25.298112,6612.194147,17.003827,10.850156,13.284847,86.687237,0.027915,173.942564,2.183649,185.751353,191.156532,6.499903,9.715714,2.580924,0,0,0,0,0,0,0,0,0,0.015657,0,0,0,0,0.00613,0.978212
77110,95.572964,32.67656,Alces alces,56003281,Cervidae,LC,0,0,-2.939478,12.752909,36.799879,791.295139,14.376417,-20.284402,34.660819,569.137512,129.378228,3.399406,100.64239,347.505737,14.209247,347.505737,15.635884,4529.67355,677.616466,58.37202,-0.222433,56.16258,-39.65529,3416.357252,116.479082,8.312269,61.099339,33.657997,5.242664,46.559228,21.895445,257.197839,91.634401,22.351894,65.861179,5.280379,0,0,0,0,0,0,0,0,0,0.978376,0,0.000331,0,0,0,0.021292
77186,95.583899,28.523491,Alces alces,56003281,Cervidae,LC,0,0,14.125157,10.820183,42.912654,536.915101,26.301831,1.051496,25.250335,1661.644424,323.183683,10.189058,85.558689,916.655171,44.99298,916.637728,64.231992,1957.64414,1152.73845,49.495098,0.343598,283.241656,133.175839,2883.716364,226.243411,7.272568,25.347361,8.552571,66.100068,26.804029,52.705659,98.251766,261.320043,57.154325,162.792022,9.318324,0.273239,0.490969,0,0.009031,0.160895,0,0,0.003065,0.013422,0.048053,0.000166,0.000414,0,0,0.000249,0.000497
78825,95.58523,38.196443,Alces alces,56003281,Cervidae,LC,0,0,-9.671252,11.679929,29.981384,1013.025183,9.662847,-29.17038,38.833227,204.577307,53.144327,1.966349,100.527674,135.19519,8.665714,135.19519,10.876754,4545.215295,490.454548,64.749591,-0.638123,16.301432,-112.053515,3605.064971,85.148861,8.752136,33.13902,65.26431,1.59667,173.450703,3.75527,216.417992,156.446022,8.960494,16.582567,3.114676,0,0,0,0,0,0,0,0,0,0.027748,0,0,0,0,0.011265,0.960987
78744,95.627752,37.724769,Alces alces,56003281,Cervidae,LC,0,0,-3.051917,13.596243,33.722612,972.662319,17.372544,-22.867341,40.239885,130.313611,34.743143,0.943478,103.637439,89.959347,4.523425,89.959347,6.305051,3819.074645,674.015072,79.62721,-0.794165,11.586233,-73.912099,4243.039759,63.67442,9.709367,31.677074,67.400864,0.922063,177.090152,4.296842,227.080001,143.135268,9.092435,17.849737,3.153951,0,0,0,0,0,0,0,0,0,0.037276,0,0,0,0,0,0.934394
79886,95.643153,43.696096,Alces alces,56003281,Cervidae,LC,0,0,9.342315,14.502673,27.624366,1406.101977,33.338119,-19.168664,52.506783,29.415903,11.120454,0.027091,102.599745,23.471049,0.109062,23.471049,0.114338,617.110347,1132.980503,96.825263,-0.967484,2.458212,-48.099062,7270.042567,13.812927,12.344909,16.894375,83.085999,0.019626,189.853765,2.52836,177.7827,192.794688,7.05514,12.0723,2.618544,0,0,0,0,0,0,0,0,0,0,0,0,0,0,0,1
76465,95.665043,37.256449,Alces alces,56003281,Cervidae,LC,0,0,2.852299,14.553077,34.439228,1012.027358,23.977128,-18.26395,42.241079,69.198733,19.109658,0.248479,101.013587,49.417129,2.321798,49.417129,3.296221,3083.2124,871.834734,89.43717,-0.894479,7.801484,-36.080591,4895.442378,25.2345,11.346393,11.671427,88.101851,0.226722,173.540347,4.581827,229.951219,139.232282,9.417603,18.836458,3.206397,0,0,0,0,0,0,0,0,0,0.001491,0,0,0,0,0,0.997515
79804,95.691093,43.229718,Alces alces,56003281,Cervidae,LC,0,0,8.821265,14.451566,27.806132,1379.295983,32.525662,-19.438025,51.963688,35.522121,12.428061,0.160324,97.252673,26.123033,0.964581,26.123033,0.978073,809.00323,1105.939802,96.286048,-0.962883,2.90603,-42.443812,7012.402081,17.474998,11.652901,11.190029,88.682532,0.127439,199.101193,2.357439,175.04667,196.36021,6.463661,10.768902,2.557099,0,0,0,0,0,0,0,0,0,0.000828,0,0,0.000166,0,0,0.999006
76546,95.699515,36.788624,Alces alces,56003281,Cervidae,LC,0,0,5.482854,13.85805,34.107816,978.036277,24.974078,-15.651633,40.625711,44.024708,12.35572,0.259481,92.932414,31.236989,1.750642,31.236989,2.323332,2686.548464,987.417174,91.547901,-0.915779,7.069294,-14.372462,5250.014698,0.874093,13.97243,18.842987,80.049413,1.1076,149.958027,5.727193,239.290331,126.891772,11.159697,23.297708,3.477518,0,0,0,0,0,0,0,0,0,8.3e-05,0,0,0,0,0,0.969265
77188,95.746421,30.346344,Alces alces,56003281,Cervidae,LC,0,0,-5.677712,10.732788,33.035711,816.277715,11.154308,-21.440904,32.595211,659.446297,139.693273,7.059345,87.85121,367.915321,25.113517,357.98876,25.572249,4685.069726,724.046193,56.078933,-0.22525,66.54423,-10.354814,3055.56316,203.507768,7.564688,36.197281,58.576173,5.226546,26.334779,46.689788,182.193311,172.339073,41.87559,125.750989,7.854919,0.011929,0,0,0.003231,0.028498,0,0,0.014746,0.002568,0.3718,0.000663,0,0,0,0.146135,0.420429
77189,95.793864,31.250762,Alces alces,56003281,Cervidae,LC,0,0,-2.323495,12.097929,36.516797,782.66853,14.393793,-18.789668,33.183461,621.681741,139.088172,4.499701,95.477122,366.225129,17.597745,366.225129,18.091909,4529.724251,750.114411,60.186495,-0.239887,64.000365,-13.907273,3366.401994,142.095005,8.054613,51.163188,39.70326,9.133553,36.492563,30.919814,221.954421,131.709735,29.436597,86.403345,6.185378,8.3e-05,0,0,0,0.000828,0,0,0.009771,0.001159,0.903031,0,0.001739,0,0,0.00265,0.080739
76869,95.806004,34.923666,Alces alces,56003281,Cervidae,LC,0,0,-6.079218,13.696514,36.046847,864.068667,12.947922,-25.040952,37.988874,349.075416,83.245171,2.793873,101.939215,219.584944,8.968729,219.584945,9.899571,4626.295185,547.467692,40.76268,-0.404527,32.475198,-84.633487,3494.477357,36.527793,10.311484,40.322956,55.073521,4.603524,98.199724,10.1387,262.309355,92.524654,14.910998,37.389456,4.061141,0,0,0,0,0,0,0,0,0,0.982436,0,0,0,0,0,0.017564
76949,95.823888,34.459409,Alces alces,56003281,Cervidae,LC,0,0,-5.360558,13.894586,36.461541,854.591365,13.650519,-24.444251,38.09477,410.156986,96.237336,3.142574,102.222121,255.787458,10.134999,255.787458,11.275994,4599.05049,566.889857,35.805511,-0.341647,37.312214,-76.738888,3482.875229,60.639437,9.512168,44.846827,49.018266,6.134908,86.837851,11.220901,263.241104,90.422654,16.078685,41.660088,4.287856,0,0,0,0,0,0,0,0,0,0.984178,0,0,0,0,0,0.015822
77190,95.830589,32.159475,Alces alces,56003281,Cervidae,LC,0,0,-1.949175,12.497717,37.395831,756.303114,14.764958,-18.652934,33.417892,588.690109,133.672298,3.510498,99.307114,356.052219,14.626825,356.052219,15.685698,4491.498643,722.016251,60.763184,-0.23962,59.566644,-25.676929,3444.991943,111.37072,8.401912,59.418144,34.59103,5.990827,44.893721,23.725402,253.08111,96.957178,23.202635,68.386572,5.387088,0,0,0,0,0,0,0,0,0,0.984592,0,0.003479,0,0,0,0.011928
77030,95.837884,33.996129,Alces alces,56003281,Cervidae,LC,0,0,-4.148167,13.909078,37.120202,830.960193,14.5819,-22.8694,37.4513,464.370016,107.236396,3.231985,102.413817,288.00654,10.786928,288.00654,12.03505,4537.86487,600.446199,37.892477,-0.296498,42.388492,-65.572608,3487.792753,95.808512,8.760778,52.211751,42.58671,5.201539,82.432012,11.765268,262.581144,90.839201,16.649975,43.80681,4.389012,0,0,0,0,0,0,0,0,0,0.966451,0,0,0.00058,0,0,0.032969
79478,95.873626,41.360291,Alces alces,56003281,Cervidae,LC,0,0,3.430227,14.661457,32.155719,1145.022098,25.602875,-19.969701,45.572576,81.956307,23.318504,1,94.182643,53.851454,3.099084,53.851454,3.109047,2070.79868,918.178062,91.241608,-0.912474,6.446244,-50.040554,5792.756324,15.908953,11.196259,15.754209,83.693119,0.552672,201.94697,2.119988,173.16559,200.526625,6.127708,9.475909,2.5476,0,0,0,0,0,0,0,0,0,0,0,0,0.00116,0,0,0.99884
77268,95.882373,28.916906,Alces alces,56003281,Cervidae,LC,0,0,8.775125,11.09058,41.089742,596.450554,22.111632,-4.885409,26.997042,1174.277223,231.125794,8.22989,85.390038,648.275208,34.147099,646.61494,42.563085,2802.91124,1051.512231,50.275183,0.098455,171.254761,92.519163,3019.884873,241.966991,7.189912,30.463616,18.223129,51.313255,25.477436,47.323317,140.607212,217.887464,48.162999,141.469349,8.412231,0.328778,0.080663,0,0.028571,0.342526,8.3e-05,0,0.017226,0.005631,0.172919,0.000248,0,0,0,0.021035,0.002319
79314,95.959703,40.423068,Alces alces,56003281,Cervidae,LC,0,0,8.672302,15.819858,32.650902,1197.544492,31.32824,-17.123038,48.451279,49.832217,12.765133,0.928961,74.551874,29.280138,3.220768,29.280138,3.239437,1287.199394,1158.717061,95.745826,-0.958227,3.644083,-23.132629,6896.821575,8.559888,12.765084,20.061542,79.548662,0.389795,194.910436,2.138891,182.450462,193.065304,6.49584,9.841341,2.645021,0,0,0,0,0,0,0,0,0,0.159722,0,0.077376,0.004805,0,0,0.758098
77269,95.972247,29.831162,Alces alces,56003281,Cervidae,LC,0,0,-2.165353,10.637987,35.760605,724.203775,13.097756,-16.734794,29.83255,694.933314,143.265345,6.537089,85.880257,382.187638,24.693481,377.309013,25.170893,4261.447882,813.16696,55.209921,-0.233735,76.643158,16.508155,3051.28104,281.064973,6.936363,36.312543,51.33178,12.355677,26.303904,46.118317,173.825663,181.564148,43.107142,128.842547,7.929495,0.134123,0,8.3e-05,0.013752,0.028332,0,0,0.040179,0.003728,0.301135,0.001823,0,0,0,0.16345,0.313396
79233,96.001525,39.953789,Alces alces,56003281,Cervidae,LC,0,0,5.069465,14.912258,32.973659,1109.007825,26.76985,-18.474653,45.244502,77.123682,19.846339,1.004826,83.847195,47.502509,3.602825,47.502509,3.983087,2066.81592,984.700374,92.687077,-0.926985,5.625769,-40.902229,5929.883637,31.658677,10.110254,19.010355,80.864371,0.125274,181.752868,2.306325,187.55484,188.522595,6.905786,10.670486,2.705552,0,0,0,0,0,0,0,0,0,0.009442,0,8.3e-05,0,0,0,0.990475
77270,96.037828,30.737452,Alces alces,56003281,Cervidae,LC,0,0,-1.325447,11.899429,37.570363,737.134864,14.616857,-17.053109,31.669966,621.371745,136.746518,4.24597,93.047056,359.593957,17.148816,359.198469,17.326081,4483.924922,774.641991,53.980576,-0.269565,65.019984,-2.65836,3277.2968,161.828331,7.847152,45.941765,43.294717,10.763518,30.2661,36.456295,198.418235,157.227393,35.261299,104.148683,6.901093,0.001574,0,0,0,8.3e-05,0,0,0.019299,0.000745,0.881305,0,8.3e-05,0,0,0.000911,0.095999
79151,96.042564,39.484052,Alces alces,56003281,Cervidae,LC,0,0,-5.103564,13.488673,33.559032,979.904537,14.713751,-25.432149,40.145901,165.143852,43.251994,1.669938,98.602426,108.678994,6.607022,108.678994,7.955343,3643.909197,633.869282,76.469301,-0.761475,12.848559,-91.976723,4317.901281,63.702296,9.3458,34.444161,64.343335,1.212503,171.992853,2.708862,195.326784,180.578416,7.827519,12.719627,2.877972,0,0,0,0,0,0,0,0,0,0.216718,0,0,0,0,0.000414,0.782868
77271,96.082294,31.643461,Alces alces,56003281,Cervidae,LC,0,0,-4.01652,12.090387,35.277682,817.29578,13.282473,-21.072604,34.355077,616.501295,139.059977,4.944589,96.643718,366.762669,18.156862,366.72659,18.923384,4661.138897,712.164885,58.072886,-0.228624,60.731018,-23.276372,3331.158173,124.941288,8.220175,53.898393,39.839872,6.261735,40.745858,26.342219,241.774018,111.318371,24.702997,73.047507,5.60618,0,0,0,0,8.3e-05,0,0,0,0,0.893813,0,0.005715,0,0,0.002402,0.097987
77272,96.114704,32.553974,Alces alces,56003281,Cervidae,LC,0,0,-1.284416,12.830155,38.187012,748.706114,15.501527,-18.086172,33.587699,562.061445,126.442451,2.865994,100.12107,341.683376,12.994931,341.683376,14.127158,4362.683463,736.802147,52.455665,-0.285275,55.988304,-22.998032,3521.230845,112.434397,8.335857,62.233092,33.754939,4.011969,46.154691,22.354915,253.726044,97.084871,22.531433,65.837707,5.271922,0,0,0,0,0,0,0,0,0,0.993125,0,0.000248,0,0,0,0.006626
78906,96.161184,38.071968,Alces alces,56003281,Cervidae,LC,0,0,-9.669299,11.557856,30.261022,980.337698,9.404089,-28.500124,37.904214,227.049968,57.660007,2.181504,100.134655,148.581176,9.245371,148.435429,11.411063,4529.901516,491.636827,58.202151,-0.570628,19.247619,-113.506276,3574.793201,70.434471,9.435302,36.655131,61.928777,1.416092,167.177761,3.968325,218.495512,153.77772,9.555951,17.774383,3.20838,0,0,0,0,0,0,0,0,0,0.276425,0,0,0,0,0.070577,0.652999
77350,96.183361,29.310175,Alces alces,56003281,Cervidae,LC,0,0,-1.741586,10.822717,36.486087,711.786705,13.249003,-16.477273,29.726276,767.58996,154.027027,7.908818,82.66678,414.465657,30.134865,403.390006,31.226953,4151.513195,832.025056,56.390866,-0.161441,91.077546,27.97368,2889.012623,254.858267,7.139081,36.829586,56.638721,6.531693,25.063961,46.132467,152.586745,205.379651,45.366115,134.119389,8.069647,0.048948,0,0,0.008696,0.028657,0,0,0.01615,0.002733,0.358456,0.002982,0,0,0,0.239937,0.29344
78824,96.199288,37.60028,Alces alces,56003281,Cervidae,LC,0,0,-2.942286,14.624822,34.928312,984.20166,18.338165,-23.5358,41.873965,145.999484,37.52414,0.975129,103.028619,99.309518,4.867181,99.309518,6.351379,3783.309064,681.26014,77.026903,-0.769209,13.984741,-73.890685,4245.744135,38.264553,10.361752,34.361225,65.167661,0.471114,168.112191,4.111448,221.50059,150.140284,9.728192,18.33388,3.242626,0,0,0,0,0,0,0,0,0,0.031817,0,0,0,0,0,0.968183
76708,96.267578,36.660658,Alces alces,56003281,Cervidae,LC,0,0,5.469386,14.24454,34.737001,977.700199,25.27971,-15.711912,40.991623,52.031435,13.828321,0.277864,93.000825,36.139923,2.178585,36.139923,2.906559,2701.132628,985.44092,86.92019,-0.86896,11.042551,-13.756383,5201.525964,1.408616,13.091196,25.377757,73.541473,1.08077,141.016616,6.037611,241.312939,124.054046,11.880843,24.882319,3.582919,0,0,0,0,0,0,0,0,0,0.088001,0,0.00058,0.000497,0,0,0.910921
77353,96.369632,32.036159,Alces alces,56003281,Cervidae,LC,0,0,-0.409127,12.568947,38.646859,721.407271,15.815303,-16.681917,32.497221,573.205481,128.748951,3.413995,98.428971,344.704077,13.873714,344.704077,14.593542,4318.875393,785.238308,50.240219,-0.314212,57.825088,-8.280349,3552.602128,124.626049,8.040851,56.632672,37.378841,5.988487,41.781609,24.012788,243.714224,110.03183,23.635533,69.325258,5.435117,0,0,0,0,0,0,0,0.001325,0,0.972827,0,0.015492,0.002071,0,0,0.008284
77112,96.375762,34.333648,Alces alces,56003281,Cervidae,LC,0,0,-6.274852,13.53436,35.609725,867.43133,12.757312,-25.241569,37.998882,448.223339,104.412012,3.836803,99.623538,275.212016,12.621792,275.212016,14.011255,4665.633302,561.194823,33.116053,-0.293707,40.227044,-75.686658,3417.342932,50.135429,10.027694,50.503811,42.938678,6.557511,84.271606,11.250148,261.272033,92.966319,16.471186,42.570872,4.361481,0,0,0,0,0,0,0,0,0,0.979617,0,0,0,0,0,0.020383
77430,96.391977,28.786774,Alces alces,56003281,Cervidae,LC,0,0,1.656476,10.452195,38.321237,650.875248,15.477488,-11.845208,27.322696,911.239668,180.247159,8.376745,81.568475,491.628741,34.702803,484.062081,38.195942,3825.942574,864.790706,49.633326,-0.028006,117.399758,43.598782,2738.900265,268.594082,7.047013,42.654054,42.321004,15.024942,26.058956,45.692677,137.470941,221.990861,47.977619,140.711276,8.314062,0.164775,0.004059,0,0.020379,0.058653,8.3e-05,0,0.021705,0.009278,0.472952,0.001077,0,0,0,0.128324,0.118714
77354,96.39706,32.948571,Alces alces,56003281,Cervidae,LC,0,0,-3.177516,13.351534,37.49419,792.857499,14.673572,-20.927797,35.601369,559.505662,126.185416,3.121787,99.780129,339.587626,13.286569,339.587626,14.718434,4466.579267,695.16696,47.734163,-0.284121,52.542045,-32.889642,3468.603484,87.303742,8.91937,71.418392,23.818309,4.763299,48.788072,19.402882,254.380476,97.745541,21.466724,60.985324,5.074957,0,0,0,0,0,0,0,0,0,0.990145,0.002319,8.3e-05,0,0,0.000166,0.00265
79640,96.441396,41.702771,Alces alces,56003281,Cervidae,LC,0,0,2.335014,14.230167,31.054076,1171.52513,25.041172,-20.790275,45.831447,86.495815,25.207004,1.025492,96.032769,57.371388,3.354554,57.371388,3.354554,2066.83028,893.307595,90.366385,-0.903939,6.963037,-51.062356,5699.110866,9.674285,12.012425,20.405405,79.395589,0.199006,204.515655,2.143062,172.416711,200.677,6.186214,9.6385,2.572781,0,0,0,0,0,0,0,0,0,0,0,0,0,0,0,1
79558,96.480594,41.234858,Alces alces,56003281,Cervidae,LC,0,0,3.980379,14.065924,31.555375,1131.111902,25.787273,-18.773527,44.5608,83.639882,23.676344,1.007707,93.745415,54.637799,3.130828,54.637799,3.130828,2032.091677,924.526172,91.068191,-0.9107,6.646095,-47.666094,5795.148782,18.959845,11.259148,26.608345,72.396873,0.994782,199.951026,2.227623,177.263768,196.701529,6.673238,10.393857,2.669584,0,0,0,0,0,0,0,0,0,0.000331,0,0,0,0,0,0.999669
79395,96.556759,40.297718,Alces alces,56003281,Cervidae,LC,0,0,7.275015,15.092367,31.994552,1177.202241,29.338147,-17.825452,47.163599,63.840151,15.273165,1.167886,72.874293,35.920132,4.017322,35.920132,4.031968,1529.306386,1081.800267,94.640863,-0.945917,4.508292,-27.813009,6406.806022,9.087356,11.981051,22.214151,77.345223,0.440626,190.079588,2.255852,184.771101,190.912079,6.986291,10.764604,2.761701,0,0,0,0,0,0,0,0,0,0.140998,0,0.021552,0,0,0.002072,0.835378
77511,96.597928,28.260696,Alces alces,56003281,Cervidae,LC,0,0,8.643012,10.335193,40.106874,582.370947,21.410869,-4.373877,25.784747,1472.069255,296.41926,11.228988,84.386654,826.903968,46.860455,825.581501,60.606327,2801.957979,999.298777,48.033675,0.257352,216.036311,91.628758,2656.257487,301.253679,6.885064,35.322016,22.355015,42.322969,28.215968,51.761686,88.90562,273.783421,57.504448,164.203973,9.319274,0.333692,0.200878,0,0.038172,0.063923,0,0,0.01242,0.004885,0.276476,8.3e-05,0,0.000497,0,0.036102,0.032872
77433,96.618781,31.519428,Alces alces,56003281,Cervidae,LC,0,0,-0.437311,11.629215,37.691098,706.430711,15.087273,-15.759076,30.846348,578.962494,129.008015,4.050649,96.236604,343.289335,15.28449,343.289335,15.451185,4319.271463,815.164574,47.684857,-0.345145,57.940437,2.656676,3521.43202,144.743656,7.838756,53.189889,33.447832,13.362279,39.888618,25.800868,239.612684,114.557631,24.550866,72.363035,5.54956,0.000746,0,0,0,0,0,0,0.033052,0.006213,0.9445,0,0.004887,0.000994,0,0.000166,0.009443
77434,96.655604,32.428896,Alces alces,56003281,Cervidae,LC,0,0,-0.689516,13.01286,38.946052,733.962721,15.976924,-17.425007,33.401931,562.716958,125.182999,3.155511,98.392737,337.500133,13.496371,337.500133,14.496697,4291.215253,778.186208,45.13224,-0.335205,54.786883,-10.382275,3575.756805,123.718811,8.086098,60.179403,34.482667,5.337931,43.328826,20.259173,245.215262,110.062127,22.226036,63.509534,5.182966,0,0,0,0,0,0,0,0,0,0.99445,0,0.000331,0.000331,0,0.000166,0.004721
79150,96.665723,38.888559,Alces alces,56003281,Cervidae,LC,0,0,-6.343059,13.791504,33.202454,1013.489398,14.143759,-27.353441,41.4972,199.036625,50.875915,1.774393,101.595011,132.524409,7.391338,132.524409,8.997297,3873.914558,590.319494,68.7372,-0.68377,16.73753,-99.843064,4064.873618,38.57463,10.150786,39.025719,58.932328,2.041953,173.764807,2.927356,200.385117,174.912225,8.432544,14.041786,3.004938,0,0,0,0,0,0,0,0,0,0.689198,0,0,0,0,0,0.310802
76951,96.858999,36.063627,Alces alces,56003281,Cervidae,LC,0,0,-1.319547,12.867419,33.406684,936.573639,17.827037,-20.617833,38.44487,187.69213,46.149707,1.706942,98.182307,120.27642,5.832809,120.27642,6.821415,3807.203403,720.620089,59.744424,-0.593462,25.559042,-59.626631,4173.734861,91.038659,8.884972,30.410309,68.263502,1.326189,114.875668,8.437717,253.204221,106.593718,14.407523,33.568479,3.986571,0,0,0,0,0,0,0,0,0,0.250249,0,0,0,0,0.00058,0.749172
77032,96.880688,35.597879,Alces alces,56003281,Cervidae,LC,0,0,-6.450407,13.081985,34.297007,901.742683,12.656927,-25.437719,38.094647,292.168004,69.863715,2.900756,97.133549,181.772106,10.418017,181.772106,11.814261,4538.027494,548.147819,42.178547,-0.413771,31.623048,-90.016717,3538.539158,53.10012,9.651118,41.54316,55.601427,2.855413,105.179247,8.936965,255.964192,102.042995,14.929924,35.424484,4.070175,0,0,0,0,0,0,0,0,0,0.890316,0.000249,0,0,0,0,0.099163
77113,96.899311,35.132859,Alces alces,56003281,Cervidae,LC,0,0,-5.524295,13.60544,35.202381,884.202393,13.713035,-24.922754,38.635789,323.718231,76.389537,3.080723,97.300697,199.465073,10.272121,199.465073,11.6665,4466.665253,577.218718,41.843148,-0.41532,33.57368,-80.142425,3567.227238,25.087866,11.41117,40.837397,55.58064,3.581963,90.135311,9.893385,259.026994,96.825253,16.013052,39.315435,4.277916,0,0,0,0,0,0,0,0,0,0.979872,0.000663,0,0,0,0,0.010354
77193,96.914692,34.668647,Alces alces,56003281,Cervidae,LC,0,0,-5.721592,13.337669,35.11323,867.137403,13.194454,-24.774855,37.969309,390.414215,90.929258,3.688124,97.109736,237.493253,11.805059,237.493253,13.185286,4522.037105,582.053654,36.966522,-0.367885,37.071715,-74.486794,3509.020977,28.424419,11.044706,44.282686,49.56987,6.147445,86.783893,10.257003,259.0787,96.607077,16.271016,40.440108,4.31998,0,0,0,0,0,0,0,0,0,0.994862,0.000414,0,0,0,0,0.002238
77274,96.926646,34.205329,Alces alces,56003281,Cervidae,LC,0,0,-5.924366,13.659954,35.428717,872.624242,13.244088,-25.309419,38.553507,466.485662,107.813662,4.416293,96.868294,281.072001,13.912038,281.072,15.864147,4599.374224,587.158184,33.31046,-0.310002,41.448629,-68.135417,3436.072705,37.204278,10.541276,47.685459,44.782926,7.531616,81.522286,11.244167,259.917542,94.791751,16.756373,43.156383,4.412043,0,0,0,0,0,0,0,0,0,0.997515,0,0,0,0,0,0.002485
77355,96.934974,33.742999,Alces alces,56003281,Cervidae,LC,0,0,-5.237697,13.602058,36.105474,849.127959,13.577708,-24.1213,37.699009,523.63976,120.263946,4.284767,96.958136,314.049723,14.946144,314.049724,16.985051,4578.237568,622.384538,38.22808,-0.288638,45.619803,-55.073037,3433.57754,83.964119,9.43553,67.193766,25.175456,7.630779,63.615683,13.447042,258.40847,95.321599,18.488072,49.512815,4.610331,0,0,0,0,0,0,0,0,8.3e-05,0.964141,0,0.001159,0.000166,0,8.3e-05,0.034369
77516,96.939914,32.821713,Alces alces,56003281,Cervidae,LC,0,0,-3.490799,13.062113,36.964227,812.496843,14.385815,-20.965873,35.351688,575.187565,128.704975,4.209701,96.995117,342.339065,15.916061,342.126836,17.458242,4494.684446,711.043116,47.917025,-0.290837,52.787796,-26.440169,3464.439714,124.457911,8.199348,62.107028,31.618866,6.274106,43.949869,18.978283,245.938062,110.145935,21.602486,61.133338,5.082328,0,0,0,0,0,0,0,0,0,0.934548,0,0.00058,0.001574,0,0.001408,0.061889
79884,96.980739,42.511072,Alces alces,56003281,Cervidae,LC,0,0,6.109342,13.808764,29.14204,1253.059131,28.897674,-18.514592,47.412265,54.891772,18.385381,0.43368,101.776218,39.3448,1.745882,39.3448,1.745882,1405.046029,1004.386884,94.104755,-0.941083,4.444179,-43.851156,6392.863883,10.811923,11.928429,10.374097,89.583221,0.042682,203.291183,2.287704,170.94949,200.151489,6.588433,10.622635,2.651489,0,0,0,0,0,0,0,0,0,0,0,0,0,0,0,1
77594,96.998538,29.571372,Alces alces,56003281,Cervidae,LC,0,0,-7.748057,11.481635,34.651867,817.491175,9.536107,-23.636499,33.172606,655.881311,137.967663,7.448242,83.087854,355.101239,27.989813,351.770842,28.689313,5094.735213,618.710552,48.989646,-0.059385,74.320716,-24.19109,2575.304423,154.887985,8.007076,34.836391,62.603141,2.560468,26.122653,35.875337,176.374202,182.279695,36.662848,107.537623,6.771101,0,0,0,8.3e-05,0,0,0,0,0,0.263917,8.3e-05,0.000249,0,0,0.053098,0.681991
79721,97.051046,41.57665,Alces alces,56003281,Cervidae,LC,0,0,3.691917,13.736121,30.964941,1144.085299,25.766696,-18.564846,44.331542,84.673602,24.420302,1.005458,94.856502,56.063725,3.254654,56.063725,3.254654,1944.092609,918.102196,90.866617,-0.908784,6.725773,-46.35129,5792.344954,16.113889,11.416438,22.266236,77.526798,0.206967,203.436974,2.173423,172.979634,200.199044,6.387427,9.956092,2.627286,0,0,0,0,0,0,0,0,0,0,0,0,0,0,0,1
77673,97.099883,28.12272,Alces alces,56003281,Cervidae,LC,0,0,5.019797,10.061167,38.30025,615.368176,18.375094,-7.917561,26.292655,1219.69224,242.442962,10.648023,80.060925,664.843468,45.315094,658.83256,56.22845,3377.146684,898.893195,45.251597,0.204739,176.320464,64.158858,2518.388867,271.524176,7.115109,42.209536,29.383342,28.407121,28.34009,51.273334,70.128383,295.270838,59.635466,169.997822,9.506871,0.309431,0.037675,8.3e-05,0.018382,0.082968,0,0,0.053242,0.009191,0.345533,0.000828,0,0,0,0.012586,0.130082
79557,97.118671,40.6405,Alces alces,56003281,Cervidae,LC,0,0,6.864818,14.466489,30.941138,1185.496889,28.874966,-17.884821,46.759787,71.408251,16.734401,1.560906,71.170215,39.646872,5.257119,39.646872,5.279494,1535.756971,1044.096843,94.040394,-0.940522,4.929799,-30.630103,6224.946497,8.454038,12.542436,14.937789,84.682088,0.380123,179.930561,2.601699,189.143526,186.29327,7.830968,12.575532,2.924414,0,0,0,0,0,0,0,0,0,0.10688,0,0.059194,8.3e-05,0,0.001573,0.832271
77596,97.154471,31.392941,Alces alces,56003281,Cervidae,LC,0,0,1.430711,12.301901,39.624129,682.496107,16.920046,-14.07613,30.996175,556.492351,122.138323,4.015849,95.183667,327.893717,15.023518,327.893717,15.089362,4140.682806,877.335651,47.224164,-0.41468,54.744411,19.120574,3605.113541,141.793607,7.771526,52.281499,30.443775,17.274727,38.046207,26.040552,224.230686,132.11755,27.425285,80.532522,5.809608,0,0,0,0,0,0,0,0.055919,0.043741,0.889156,0,0.005716,0.003065,0,0,0.002402
79394,97.183757,39.702537,Alces alces,56003281,Cervidae,LC,0,0,-1.112119,13.365439,32.936615,1004.398427,19.138808,-21.477185,40.615993,164.027649,41.612539,1.427352,96.675612,106.684571,5.283868,106.684571,5.8698,2940.355769,749.879392,79.017803,-0.789148,12.93904,-76.547541,4789.244119,90.281388,8.428248,37.583532,60.4641,1.952368,164.39419,2.782894,195.091648,181.433849,8.534173,13.872073,3.057147,0,0,0,0,0,0,0,0,0,0.487825,0,0.000414,0,0,0,0.511761
77674,97.201304,29.043927,Alces alces,56003281,Cervidae,LC,0,0,-2.911635,10.643668,36.060044,722.698634,12.247896,-17.363419,29.611316,739.728473,148.670224,8.986244,78.506341,389.875121,34.636024,385.76157,36.39686,4404.251808,749.25947,50.647413,-0.102657,89.572788,11.251002,2658.913042,223.629557,7.28149,40.878243,51.434908,7.686849,28.145318,38.935787,146.660013,214.394015,41.729056,120.870811,7.451323,0.052174,0,8.3e-05,0.007619,0.011925,0,0,0.060621,0.00265,0.424679,0.000663,0,0,0,0.094244,0.345342
78986,97.336206,37.349123,Alces alces,56003281,Cervidae,LC,0,0,0.752561,13.695816,33.70356,982.859228,20.640237,-19.980389,40.620627,183.54016,42.776036,1.270023,94.471413,116.55524,7.568984,116.55524,9.480196,3297.606592,814.995131,75.565167,-0.754766,16.558392,-50.264856,4668.012642,52.182314,10.202201,39.430886,58.230886,2.338229,156.074458,4.512663,232.636412,137.684324,11.880173,21.900375,3.600078,0,0,0,0,0,0,0,0,0,0.566636,0,0.008283,0.0082,0,0,0.416715
78822,97.393385,36.404128,Alces alces,56003281,Cervidae,LC,0,0,5.051953,14.236306,35.005341,962.028863,24.891686,-15.770764,40.662449,130.650998,29.87195,1.805828,86.386797,78.94154,9.012675,78.94154,10.409168,2807.079024,963.401221,73.793231,-0.738031,22.420957,-13.669282,5053.300826,3.269384,12.559346,34.99385,63.144514,1.861636,126.748827,6.508013,239.731428,126.63696,13.098374,27.825196,3.748516,0,0,0,0,0,0,0,0,0,0.423093,0,8.3e-05,0,0,0,0.576824
77676,97.396029,30.876556,Alces alces,56003281,Cervidae,LC,0,0,1.951238,13.125053,40.98792,680.892725,17.910349,-14.060135,31.970484,565.43204,123.01936,3.768103,93.13174,329.187456,15.779185,329.187456,15.787152,4127.722313,885.51044,48.950668,-0.410191,56.953863,24.817799,3489.050812,159.842627,7.734441,49.877472,38.768445,11.354083,30.396561,30.521203,193.206427,165.224852,32.420083,94.240935,6.296798,8.3e-05,0,0,8.3e-05,0.000497,0,8.3e-05,0.018801,0.001408,0.959086,8.3e-05,0.000663,0.000331,0,0,0.018884
77755,97.401251,28.513625,Alces alces,56003281,Cervidae,LC,0,0,0.289622,10.546452,37.905424,665.289994,14.547738,-13.314669,27.862407,857.514589,169.084358,9.132133,76.814534,448.36292,38.061055,442.71431,42.498842,4025.162498,795.577633,47.087703,0.024412,116.265764,29.155876,2558.598911,221.931666,7.559016,45.263317,38.375531,16.361152,29.482997,44.264143,97.809051,266.952784,51.039524,143.48979,8.386847,0.144088,0,0,0.011103,0.040766,8.3e-05,0,0.092303,0.005634,0.517773,0.000414,0,0,0,0.031568,0.156268
78741,97.421214,35.93081,Alces alces,56003281,Cervidae,LC,0,0,-0.954224,12.763786,33.475805,925.086136,17.890787,-20.153365,38.044152,214.912124,51.539126,2.273204,94.684376,133.25328,8.056262,133.25328,9.321773,3713.088233,739.686559,54.249976,-0.539136,30.60589,-54.469429,4205.222338,86.606626,9.148543,38.410043,58.899959,2.689998,103.317919,8.693548,248.562718,112.957965,15.218714,35.77939,4.143581,0,0,0,0,0,0,0,0,0,0.613066,0,0,0.00058,0,0,0.386354
77275,97.455118,35.001,Alces alces,56003281,Cervidae,LC,0,0,-4.898314,11.878934,31.786154,903.894118,13.436402,-23.665596,37.101998,334.330406,76.918791,3.55048,93.580197,200.632296,12.642,199.812318,14.401137,4369.58002,597.484925,42.315223,-0.421617,34.52962,-75.179192,3591.169313,17.282847,12.24408,43.689044,52.299876,4.01108,76.32656,9.373591,264.811485,87.074927,16.484548,39.666445,4.358057,0,0,0,0,0,0,0,0,0,0.660152,0.008198,0,0,0,0,0.020619
77356,97.467474,34.53728,Alces alces,56003281,Cervidae,LC,0,0,-5.496505,13.355321,34.879357,879.708096,13.60144,-24.685068,38.286508,403.145843,92.044209,4.033202,94.594803,240.376714,12.959459,240.376714,14.819675,4466.561606,596.50906,37.217947,-0.370684,38.042142,-70.112943,3508.185122,24.867652,11.168573,48.573964,42.872206,8.55383,83.822904,10.241931,258.7418,96.927879,16.528951,40.92695,4.365044,0,0,0,0,0,0,0,0,0,0.983684,0.001822,0,0,0,0,0.000911
77517,97.482084,33.612632,Alces alces,56003281,Cervidae,LC,0,0,-5.42077,13.916833,36.420695,852.664678,13.758707,-24.453956,38.212663,533.803649,120.920765,4.508393,94.889722,314.844072,16.049614,314.844072,18.230399,4604.769665,624.899204,39.423976,-0.273083,47.245073,-52.422087,3393.358115,68.685058,9.643836,66.148357,27.283957,6.567686,55.399309,17.250037,245.476742,111.40892,20.663455,56.573001,4.97606,0,0,0,0,0,0,0,0,8.3e-05,0.991385,0,0.000746,0,0,8.3e-05,0.007704
77598,97.48394,33.151896,Alces alces,56003281,Cervidae,LC,0,0,-3.218997,13.736826,37.629294,806.512308,15.060832,-21.428734,36.489566,547.096371,122.349184,3.919801,95.802114,322.859363,14.815861,322.859363,16.599934,4406.074786,710.970332,42.365483,-0.320225,50.255488,-28.625512,3513.876314,97.308406,9.215552,69.26197,21.438618,9.299412,45.537691,18.337216,246.096567,110.281516,21.354382,59.899697,5.059097,0,0,0,0,0,0,0,0,0,0.997929,0,0.001905,0,0,0,0.000166
77756,97.506882,29.435288,Alces alces,56003281,Cervidae,LC,0,0,-2.784412,11.320091,36.38965,741.490246,13.091723,-18.064771,31.156494,665.173243,139.055523,6.643027,82.245157,359.09567,26.750974,357.785337,27.714875,4521.314608,739.939732,48.635775,-0.154821,78.654131,4.873573,2767.013261,203.924981,7.564739,40.243129,54.101609,5.655262,25.181826,34.280465,170.626586,189.387773,36.708358,106.835658,6.667796,0.000663,0,8.3e-05,0.000414,0.003147,0,0,0.005715,0.00058,0.568411,0,0.000745,0,0,0.02319,0.397052
79883,97.628567,41.917505,Alces alces,56003281,Cervidae,LC,0,0,5.435033,13.838507,29.344819,1234.351223,28.253346,-18.91188,47.165225,68.919651,20.212528,1.122475,91.438818,45.205648,3.650929,45.205648,3.651174,1552.972989,985.598692,93.221877,-0.932321,5.175699,-40.370458,6173.13999,7.271951,13.071003,5.760622,94.238736,0.000642,197.010731,2.355757,173.520444,198.42619,7.08935,11.375435,2.785908,0,0,0,0,0,0,0,0,0,0,0,0,0,0,0,1
79801,97.658263,41.450153,Alces alces,56003281,Cervidae,LC,0,0,5.969039,13.527597,29.864775,1183.71637,27.956348,-17.358128,45.314476,74.440837,20.628653,1.07203,88.820474,47.846988,3.538423,47.846988,3.538423,1630.471566,983.132627,92.742605,-0.92733,5.615903,-38.62363,6065.156643,14.12703,11.838536,12.735273,87.100756,0.163971,191.150815,2.464664,178.871538,194.209711,7.685498,12.331476,2.903022,0,0,0,0,0,0,0,0,0,0.000166,0,0,0,0,0,0.999834
79720,97.687388,40.98236,Alces alces,56003281,Cervidae,LC,0,0,6.857076,13.983922,30.189065,1199.526137,29.036188,-17.297484,46.333672,73.613078,18.88134,1.200846,81.817976,44.652398,3.980923,44.652398,3.981425,1548.235033,1015.342771,93.215548,-0.932291,5.477618,-33.128766,6119.351762,10.112626,12.704114,7.559487,92.4147,0.025813,188.502011,2.559385,183.004247,191.145769,7.973136,12.608855,3.008987,0,0,0,0,0,0,0,0,0,8.3e-05,0,0,0,0,0,0.999917
77837,97.705186,28.904357,Alces alces,56003281,Cervidae,LC,0,0,-2.592314,10.975773,37.524717,702.797296,12.490633,-16.795987,29.286619,711.96279,143.503103,7.980817,77.217785,371.095728,32.849586,367.736479,34.481066,4462.657402,722.186916,47.250905,-0.076411,90.47016,5.968583,2573.164331,206.785708,7.585642,45.883071,44.456656,9.660273,29.110223,38.856819,142.640571,219.188349,42.075896,121.730187,7.497856,0.039026,0,8.3e-05,0.003397,0.005551,0.000414,0,0.062806,0.004143,0.542547,0.000663,0,0,0,0.0232,0.318171
79638,97.715957,40.514115,Alces alces,56003281,Cervidae,LC,0,0,8.06772,14.54245,30.539215,1211.925313,30.458002,-17.162294,47.620296,69.125397,16.341405,1.391511,73.701357,39.692059,4.866515,39.692059,4.884175,1354.05917,1073.53611,94.075202,-0.940439,5.041115,-22.69528,6286.660701,7.556115,13.047348,10.962266,88.893489,0.144245,174.089411,2.695977,190.163921,185.456173,8.398198,13.464416,3.078445,0,0,0,0,0,0,0,0,0,0.072387,0,0.016399,0.000911,0,0.000166,0.910137
77759,97.734838,32.171288,Alces alces,56003281,Cervidae,LC,0,0,-3.461371,12.860134,37.180819,790.221051,14.141558,-20.475547,34.617105,594.059544,128.750518,5.220059,93.790073,345.103252,18.19221,345.103252,19.186763,4518.87077,738.224057,52.443503,-0.290451,56.311407,-13.96797,3384.473253,114.91852,8.435863,60.193393,32.680646,7.12596,38.240564,19.170693,239.834307,118.593583,22.18903,62.463989,5.14119,0,0,0,0,0,0,0,0.004059,0,0.959162,0,0.000249,0,0,0.002816,0.033714
79556,97.743985,40.045408,Alces alces,56003281,Cervidae,LC,0,0,7.260663,14.125934,31.141606,1151.850733,28.692031,-16.680072,45.372103,88.264697,20.573479,1.327521,79.257617,52.442987,4.907901,52.442987,4.931477,1617.666006,1025.14637,92.038718,-0.920352,6.597399,-27.89347,5957.663507,20.835819,11.084053,22.304234,77.326881,0.368885,151.205724,2.839102,195.946131,181.471892,9.060705,14.649226,3.19268,0,0,0,0,0,0,0,0,0,0.109647,0,0.010194,0.010691,0,0,0.869468
77838,97.815139,29.826467,Alces alces,56003281,Cervidae,LC,0,0,-2.155814,12.600769,39.874191,687.91393,13.716236,-17.865367,31.581603,612.187614,132.095606,4.447453,86.416539,340.35216,19.715471,340.35216,19.720655,4656.775999,719.923588,49.499107,-0.219544,69.255427,-3.147259,2839.394555,147.743317,8.001029,46.855861,47.63114,5.512999,24.042952,32.024962,183.947083,174.884806,33.426766,98.185185,6.168761,0,0,0,0,0,0,0,0.001823,0,0.937935,0,0.000166,0.00058,0,8.3e-05,0.059413
79311,97.824967,38.636409,Alces alces,56003281,Cervidae,LC,0,0,-9.186289,11.973633,31.608769,943.084908,9.762744,-27.878687,37.64143,309.019092,78.98532,1.743039,106.393178,207.590894,6.854403,207.382402,8.633721,4315.593415,475.748051,40.738022,-0.369796,27.752222,-126.400888,3525.114411,106.187646,8.566833,34.226187,63.211968,2.561845,155.409036,3.77076,207.412018,165.325054,10.742099,18.964984,3.435452,0,0,0,0,0,0,0,0,0,0.600099,8.3e-05,0,0,0,0.067175,0.33049
79148,97.8765,37.694572,Alces alces,56003281,Cervidae,LC,0,0,-8.347002,11.830796,31.013186,967.884473,10.594329,-27.525853,38.120182,298.219738,71.846042,2.355506,99.934617,192.188493,8.975453,192.188493,11.104616,4301.725425,527.617808,46.964144,-0.459555,26.783765,-107.18032,3647.901227,93.835444,8.865958,40.960833,55.383306,3.655862,146.567946,4.788505,228.628269,141.39043,12.350995,23.130527,3.654249,0,0,0,0,0,0,0,0,0,0.807125,0,0,0,0,0.000414,0.192461
77913,97.894905,25.204144,Alces alces,56003281,Cervidae,LC,0,0,17.087608,9.405203,43.074667,435.464299,27.445688,5.600575,21.845114,1809.685851,383.862635,14.84457,88.144438,1040.672686,67.913115,1032.687672,67.913115,1497.083344,1239.358406,57.974257,0.301839,269.231354,177.139291,2276.485721,115.364721,8.158093,27.343177,1.510117,71.146706,46.106701,57.430075,9.004788,358.002329,59.208758,158.881293,9.751899,0.228131,0.649602,0,0.001077,0.071736,0,0,0.037442,0.004805,0.003562,8.3e-05,0.003065,0.000497,0,0,0
79066,97.901568,37.222871,Alces alces,56003281,Cervidae,LC,0,0,-0.411689,14.03054,33.268935,1023.737727,20.262901,-21.911775,42.174676,216.007188,50.217231,1.620119,96.58416,137.030516,7.424549,137.030516,9.263796,3367.92544,800.133207,73.627564,-0.736183,18.602897,-48.060509,4565.63131,49.342784,9.702444,44.093704,53.526943,2.379353,143.007697,5.049899,230.005352,139.279194,12.595854,24.014297,3.688618,0,0,0,0,0,0,0,0,0,0.68367,0,0,0,0,0,0.312438
77912,97.926751,24.451225,Alces alces,56003281,Cervidae,LC,0,0,18.808823,9.489834,44.179903,427.263424,28.818908,7.339684,21.479224,1638.743806,356.01177,11.627562,91.513693,958.800941,47.206429,958.684683,47.206429,1324.483344,1320.150074,67.305054,0.193038,240.360945,191.60906,2378.639137,87.820945,8.695632,43.638,6.722457,49.639543,46.153043,55.952625,9.049416,358.039863,59.847317,158.198227,9.662618,0.047706,0.446662,0,0,0.055243,0,0,0.14113,0.099801,0.01673,0.001408,0.182624,0.003975,0.00439,0,0
77839,97.928526,30.746949,Alces alces,56003281,Cervidae,LC,0,0,0.138363,13.618162,41.805194,679.065176,16.502079,-16.066603,32.568682,578.175817,126.339026,3.683688,92.456004,334.769387,15.810313,334.769387,15.811166,4378.130566,812.594284,51.040222,-0.352585,59.471279,10.963016,3267.343275,126.411691,8.071578,52.103566,41.470987,6.425447,27.627948,31.152955,184.873153,175.076847,33.373396,96.737696,6.370888,0,0,0,0,0,0,0,8.3e-05,0,0.997929,0,0.001822,0,0,0,0.000166
78740,97.997442,35.330593,Alces alces,56003281,Cervidae,LC,0,0,-5.951709,12.987826,33.71713,915.424528,13.174729,-25.319979,38.494708,324.225887,74.943445,3.229831,93.872351,195.54111,11.64662,195.541111,13.131952,4433.556333,560.72666,39.80179,-0.389593,33.976538,-85.934896,3514.751072,71.46057,9.397327,42.817617,54.544104,2.638279,87.198512,9.555379,252.096679,106.738994,16.799611,40.148946,4.373608,0,0,0,0,0,0,0,0,0,0.898169,0,0,0,0,0,0.101831
77918,98.01175,29.294906,Alces alces,56003281,Cervidae,LC,0,0,-0.003337,11.601186,38.839009,670.591372,15.050093,-14.82061,29.870703,668.714241,140.345447,5.875983,81.803362,360.533589,25.161663,360.415075,26.073555,4271.640923,779.618128,47.386152,-0.185128,81.467739,15.371609,2805.359935,211.613189,7.54401,43.23637,45.670366,11.093264,26.944391,34.408657,164.267688,196.929337,37.568279,108.598679,6.83057,0.015651,0,0,0.000331,0.001739,8.3e-05,0,0.053743,0.010434,0.714227,8.3e-05,0.001077,0,0,0.000414,0.202219
77518,98.0192,34.403352,Alces alces,56003281,Cervidae,LC,0,0,-5.457749,13.427739,35.053584,876.160391,13.726497,-24.578689,38.305186,418.17671,93.455679,3.985925,93.002714,245.244913,13.664262,245.244913,15.786936,4466.141181,593.293256,35.77324,-0.348874,39.315008,-69.349328,3461.907684,32.448928,10.67816,50.298639,42.152291,7.54907,80.700794,10.264874,251.104099,107.91997,17.340368,42.462729,4.464075,0,0,0,0,0,0,0,0,0,0.998426,0.000166,0,0.000166,0,0,0.00116
77919,98.126144,30.217453,Alces alces,56003281,Cervidae,LC,0,0,1.517905,14.00473,43.513509,651.559769,17.397639,-14.764474,32.162113,581.269401,127.042392,3.095911,90.0104,331.417307,15.797453,331.417308,15.812656,4241.94027,836.141737,50.359198,-0.36657,62.378544,19.587022,3182.554571,132.041755,8.167712,56.144757,38.067231,5.788012,26.692695,31.670584,181.693813,178.177576,33.728155,98.084675,6.342137,0.001738,0,0,0,0,0,8.3e-05,0.005463,0.000166,0.987749,0,0.001738,0,0,0,0.003063
77995,98.187536,25.593084,Alces alces,56003281,Cervidae,LC,0,0,14.675223,9.230985,42.104392,441.489898,25.301639,3.347182,21.954457,1673.878467,329.417654,16.042244,79.879139,912.747558,78.46255,899.877411,81.2705,1952.911588,1158.688621,51.958239,0.30925,259.88196,156.907447,2152.374888,142.72226,7.80813,29.278783,3.833078,66.888139,43.528486,53.065998,13.47077,354.313276,58.913659,156.271505,9.444635,0.365225,0.405567,0,0.001243,0.171885,0,0,0.038767,0.006213,0.009775,0.000166,0.000994,0.000166,0,0,0
77999,98.205379,28.760305,Alces alces,56003281,Cervidae,LC,0,0,0.831842,10.823048,38.281695,654.294675,15.157463,-13.12501,28.282474,738.43472,148.79685,8.151748,75.910794,382.464867,33.924323,381.288513,36.835142,4033.293018,794.061272,44.539082,-0.093696,98.476132,24.69294,2678.751475,259.754621,7.10772,42.028808,40.250155,17.721037,28.781424,39.628475,120.862342,243.576027,43.160907,122.989088,7.547131,0.126212,0,0,0.009613,0.017154,0.004641,8.3e-05,0.122234,0.020469,0.436811,0.000331,8.3e-05,0,0,0.012182,0.250186
80045,98.213292,42.257693,Alces alces,56003281,Cervidae,LC,0,0,6.411324,13.036144,27.476886,1278.719455,29.010906,-18.43939,47.450296,56.77011,18.208451,0.432191,101.255713,40.411642,1.989071,40.411642,1.989071,1348.772609,1010.423469,94.297317,-0.942437,4.361303,-41.818255,6365.882025,10.717401,12.371965,9.114724,90.844514,0.040761,203.822457,2.342396,173.06324,198.659782,7.088597,11.410645,2.794702,0,0,0,0,0,0,0,0,0,0.000166,0,0,0,0,0,0.999834
79964,98.238407,41.790844,Alces alces,56003281,Cervidae,LC,0,0,5.96023,13.179232,28.435475,1237.339118,28.372989,-17.977529,46.350519,68.432038,20.086187,0.851484,94.704194,46.080098,3.007021,46.080098,3.007021,1502.379703,992.353923,93.384439,-0.933253,5.089401,-40.57463,6177.842769,9.119793,12.480126,11.382241,88.599851,0.017908,203.671023,2.307277,172.840836,199.791557,7.329256,11.560964,2.893566,0,0,0,0,0,0,0,0,0,0,0,0,0,0,0,1
79882,98.263036,41.323555,Alces alces,56003281,Cervidae,LC,0,0,7.503721,13.797182,29.163997,1238.50544,30.154615,-17.162236,47.316851,65.629948,17.892536,1.01209,86.830291,41.953791,3.277671,41.953791,3.277671,1343.197584,1043.544843,94.171473,-0.941458,4.708288,-30.952283,6326.058712,11.221973,12.476527,4.782831,95.21313,0.004039,200.144873,2.310068,176.900868,196.604783,7.448951,11.512155,2.942586,0,0,0,0,0,0,0,0,0,0,0,0,0,0,0,1
79800,98.287192,40.855816,Alces alces,56003281,Cervidae,LC,0,0,7.291105,13.79045,29.798785,1204.965228,29.514935,-16.767102,46.282037,76.691341,19.727847,1.171975,85.6683,47.955318,3.722738,47.955318,3.727013,1496.563605,1019.115842,92.887363,-0.928584,5.771904,-31.63115,6096.846021,10.557857,12.489659,9.152988,90.830842,0.01617,190.501643,2.575634,182.463421,191.643265,8.115872,12.810956,3.05442,0,0,0,0,0,0,0,0,0,0,0,0,0,0,0,1
79637,98.334136,39.918946,Alces alces,56003281,Cervidae,LC,0,0,7.524106,13.992032,31.017795,1146.337289,28.765257,-16.354845,45.120102,94.688769,22.305138,1.192391,86.61661,59.158773,4.147618,59.158773,4.177583,1554.212417,1026.778032,91.151239,-0.911433,7.408128,-23.718539,5911.405356,15.995165,11.571512,24.818189,74.393819,0.787991,174.79226,2.788071,190.474464,184.868875,8.698241,14.0052,3.146995,0,0,0,0,0,0,0,0,0,0.109427,0,0.05227,0.019384,0,8.3e-05,0.818837
79555,98.356948,39.449795,Alces alces,56003281,Cervidae,LC,0,0,-1.126083,12.531117,31.075093,1020.771155,18.420711,-21.814445,40.235156,227.215334,57.376737,1.414305,101.244494,151.627456,5.314882,151.627457,5.925267,2896.526368,740.001717,67.164578,-0.651928,18.242397,-78.556064,4671.410532,126.685403,8.357327,35.927765,60.567648,3.504587,169.366446,3.076243,193.884667,180.98039,9.68426,15.987494,3.29558,0,0,0,0,0,0,0,0,0.000331,0.562899,0,0.030559,0.006377,0,0.00323,0.396605
79474,98.379335,38.980153,Alces alces,56003281,Cervidae,LC,0,0,-7.207293,13.199624,33.837464,941.277876,12.294489,-26.533828,38.828316,316.663474,82.755221,1.256055,110.623554,218.000158,4.824192,218.000158,5.93546,3918.917326,519.974629,42.947772,-0.400697,28.36161,-121.715614,3753.930023,97.067537,8.695674,39.381524,57.91702,2.701455,170.598125,3.241156,197.180719,177.119949,9.999097,16.779498,3.333144,0,0,0,0,0,0,0,0,0,0.785081,0,0,0,0,0.005387,0.209532
79392,98.401309,38.510009,Alces alces,56003281,Cervidae,LC,0,0,-7.711753,13.158793,33.864462,924.307539,11.71464,-27.05211,38.766751,324.761002,83.727337,1.137348,109.535621,221.783012,4.967617,221.783012,6.381754,4072.541751,511.669827,41.252936,-0.396565,29.076391,-118.35093,3667.561954,60.933582,9.648566,41.333554,55.633886,3.03256,145.127711,4.418909,212.602996,159.201515,11.934887,21.819759,3.627409,0,0,0,0,0,0,0,0,0,0.885688,0,0,0,0,0.000166,0.114146
79310,98.422881,38.039354,Alces alces,56003281,Cervidae,LC,0,0,-8.110079,12.720661,32.907524,937.93745,11.107102,-27.497127,38.604229,327.658697,81.363956,1.6262,105.415138,217.580832,6.619619,217.580832,7.945676,4215.02446,510.985388,41.644707,-0.402836,29.155752,-112.652059,3598.924369,58.838721,9.60698,41.335896,55.209033,3.455071,144.928311,4.637871,217.41191,153.711527,12.309382,22.810565,3.673365,0,0,0,0,0,0,0,0,0,0.893947,0,0,0,0,0.002239,0.103814
78001,98.439966,30.608236,Alces alces,56003281,Cervidae,LC,0,0,0.660245,14.170753,43.312234,656.461803,17.0484,-15.655007,32.703407,581.764428,127.232778,3.372363,92.46619,336.414711,15.099883,336.414711,15.099883,4334.14313,818.477978,53.269303,-0.353037,61.008474,13.491074,3227.265096,86.976313,8.851227,58.811157,37.376486,3.812358,28.374264,30.193725,193.367382,167.194345,31.417387,91.175381,6.232053,0,0,0,0,0,0,0,0,0,0.997348,0,0.002486,0,0,0,0.000166
79065,98.485277,36.624212,Alces alces,56003281,Cervidae,LC,0,0,-1.625513,13.425856,33.099274,988.783496,18.454194,-22.081605,40.535799,240.387332,55.549595,2.080795,95.059921,148.896503,7.989986,148.896503,9.400231,3554.104601,754.926066,67.820053,-0.678045,22.237651,-50.427407,4299.015257,64.803338,9.328805,42.846939,55.022842,2.130219,121.344627,6.320375,231.931366,135.043001,14.67269,29.806782,3.979998,0,0,0,0,0,0,0,0,0,0.713173,0.00116,0,0.000166,0,0,0.275725
78076,98.509254,25.228727,Alces alces,56003281,Cervidae,LC,0,0,14.683217,9.785393,42.329487,460.036163,25.673679,2.588477,23.085202,1414.234665,267.587911,16.26613,76.882673,740.992254,71.461021,740.362025,71.461021,1986.464808,1160.977291,52.875211,0.193181,220.873301,153.284545,2122.652494,100.319275,8.382811,37.112039,7.041857,55.846104,43.963658,51.999196,13.027612,354.860262,57.849358,152.473458,9.305141,0.353853,0.178128,0,0.000331,0.149379,0,0,0.110356,0.108865,0.022535,0.000331,0.054267,0.007705,0.01425,0,0
78081,98.512924,29.150091,Alces alces,56003281,Cervidae,LC,0,0,0.835945,10.989306,38.338187,665.861716,15.205788,-13.415373,28.621161,635.73931,133.138109,5.901694,79.826217,337.242626,25.562796,337.231642,26.241813,4123.333871,798.467094,47.213043,-0.228065,79.635055,20.285504,2818.771684,213.722336,7.421553,43.1901,35.216175,21.593725,28.618329,34.161735,147.639016,216.048606,37.88526,107.951893,6.892268,0.123488,0,0,0.000828,0.006874,0.000828,0.000166,0.192894,0.031058,0.471675,0.000166,0.002733,0,0,0.000414,0.168875
78739,98.563414,34.72955,Alces alces,56003281,Cervidae,LC,0,0,-4.731116,13.951877,34.91005,922.803647,15.172568,-24.800324,39.972892,381.104068,84.612137,3.385048,92.827268,223.694508,11.970559,223.694508,13.815989,4334.704545,592.673654,38.062905,-0.376841,37.121449,-72.823394,3507.919035,27.581393,10.956378,52.664883,42.937241,4.397876,69.551251,11.240517,248.621976,110.592387,18.987763,46.141002,4.699788,0,0,0,0,0,0,0,0,0,0.986669,0.00058,0,0,0,0,0.009853
77680,98.56986,34.266871,Alces alces,56003281,Cervidae,LC,0,0,-4.43227,14.008329,35.77043,882.828202,15.152764,-24.004239,39.157003,438.146761,95.455307,3.530945,91.893512,252.793927,13.291673,252.793926,15.624004,4338.37268,619.017147,34.334593,-0.3308,42.164386,-61.383198,3491.03861,25.15154,11.265868,48.001143,47.382264,4.616593,66.355707,11.709256,247.709131,111.736066,19.316003,47.633515,4.756803,0,0,0,0,0,0,0,0,0,0.967379,0.001325,0,0,0,0,0.023265
77761,98.573243,33.805101,Alces alces,56003281,Cervidae,LC,0,0,-6.241084,13.534665,34.486327,922.028514,13.556155,-25.697347,39.253503,515.893511,111.013754,4.395044,91.438035,295.4728,16.091054,295.4728,18.518554,4553.610399,599.007623,41.80522,-0.219502,48.72281,-59.510469,3336.799971,39.477277,10.348293,69.190898,22.385647,8.423454,62.869371,12.234343,246.762262,112.987652,19.645233,49.290089,4.81634,0,0,0,0,0,0,0,0,0,0.999751,0,0,0.000166,0,0,8.3e-05
78160,98.728646,27.86767,Alces alces,56003281,Cervidae,LC,0,0,6.513373,9.844231,38.040274,600.277398,19.46259,-6.422812,25.885402,928.361855,170.095845,13.041717,65.674585,442.722589,53.680754,440.109895,70.554101,3142.852567,931.746172,46.439744,0.040749,146.120724,72.300929,2598.011325,248.72158,7.161026,42.644551,19.739724,37.615725,30.911515,42.500539,89.261667,277.691912,46.322933,130.089458,7.914924,0.139165,0.007704,0,0.127402,0.278827,0,0,0.180252,0.037608,0.212972,0,0.000828,0.000497,0,0.005136,0.009609
78159,98.754674,27.120566,Alces alces,56003281,Cervidae,LC,0,0,9.465118,9.521258,38.863442,541.00575,21.684174,-2.832991,24.517164,1175.272254,203.740752,16.005855,63.602627,553.073296,67.993575,550.930495,97.790728,2728.471378,1017.866159,44.646914,0.189674,194.561578,106.28642,2391.754416,233.624227,7.203959,36.457426,11.642467,51.900108,35.227033,41.39301,61.621327,306.45484,49.066684,133.386311,8.034799,0.091783,0.092528,0,0.040755,0.487823,0,0,0.146869,0.026922,0.113237,0,8.3e-05,0,0,0,0
78083,98.756676,30.998805,Alces alces,56003281,Cervidae,LC,0,0,1.308473,11.640725,39.14765,665.840197,16.411687,-13.321828,29.733515,595.834143,127.989104,3.752254,94.0154,345.657139,14.964263,345.657139,14.965396,4084.850694,883.145757,55.168776,-0.365411,61.74065,25.400134,3436.98093,201.492537,7.429501,41.717634,26.582229,31.700137,29.633199,28.967562,196.001072,165.050064,30.763986,88.697015,6.217007,0.160341,0,0,0.002154,0.045658,0,8.3e-05,0.238896,0.023285,0.524776,0,0,0,0,0.000166,0.00464
78157,98.803895,25.617174,Alces alces,56003281,Cervidae,LC,0,0,14.271605,9.455579,41.867366,448.333394,25.088263,2.503602,22.584661,1278.164344,225.882365,17.256152,70.117782,638.553151,78.412393,635.246131,81.110898,2088.846696,1163.625356,50.029288,0.130826,204.536797,152.287745,2227.523901,157.143936,7.701142,42.310464,7.610118,50.079418,40.844335,47.293107,19.360634,349.274166,54.466569,143.585307,8.844955,0.226806,0.079523,0,0.003893,0.299453,0,0,0.163188,0.144549,0.028993,0,0.045891,0.000166,0.007538,0,0
80208,98.805361,42.59753,Alces alces,56003281,Cervidae,LC,0,0,6.947731,12.425538,26.254447,1296.849363,29.310485,-18.009828,47.320313,51.638765,17.835849,0.035415,109.438762,39.070136,0.567644,39.070136,0.567644,1211.429195,1019.968637,94.721714,-0.947557,3.990991,-44.010152,6479.771148,14.691941,11.668474,10.701874,89.126576,0.17155,211.142842,2.448709,174.522771,197.000251,7.743786,12.717539,2.897213,0,0,0,0,0,0,0,0,0,0.000331,0,0,0,0,0,0.999669
78084,98.810589,31.903789,Alces alces,56003281,Cervidae,LC,0,0,-3.079484,12.031832,36.3616,778.405959,13.830223,-19.302895,33.133117,624.394188,129.126447,5.44225,91.866119,354.013882,19.08913,353.867142,19.642091,4451.222488,746.182935,56.948849,-0.211373,63.549302,-9.239907,3308.342288,157.821438,7.812096,51.159364,36.616038,12.224598,35.835074,21.773228,227.000132,132.310761,24.946182,70.041702,5.592295,0.000249,0,0,0,0.000911,0,0,0.031897,0.005551,0.805468,0.000414,0.001077,0,0,0.007042,0.14739
78162,98.823181,29.539672,Alces alces,56003281,Cervidae,LC,0,0,2.768063,12.783318,41.633976,639.55578,17.872939,-12.782873,30.655812,590.799212,129.753299,3.514875,86.626919,329.974342,17.196359,329.974342,17.271123,3995.899726,863.711123,52.245014,-0.363031,67.412795,30.688018,3061.221207,151.014599,7.96554,51.914018,32.800104,15.285878,30.09321,32.210719,156.335607,207.124475,35.593356,101.223398,6.661688,0.056977,0,0,0,8.3e-05,8.3e-05,0.000331,0.149482,0.038261,0.746998,0.001573,0.00265,0.000166,0,0,0.001159
80126,98.825753,42.131178,Alces alces,56003281,Cervidae,LC,0,0,6.753855,12.594201,27.027129,1268.381067,28.991439,-17.612775,46.604213,56.425082,18.102694,0.075959,103.869688,40.783997,1.109383,40.783997,1.109383,1304.184917,1019.637652,94.444799,-0.944137,4.280494,-40.802286,6390.446407,11.904663,11.939781,12.236751,87.740013,0.023236,216.89103,2.252424,172.365492,200.167786,7.245631,11.427469,2.895057,0,0,0,0,0,0,0,0,0,0.000166,0,0,0,0,0,0.999834
78156,98.827127,24.86102,Alces alces,56003281,Cervidae,LC,0,0,17.313161,9.65656,44.087083,435.031402,27.566529,5.639546,21.926983,1293.172378,256.987546,14.86182,81.534761,705.781754,60.046978,700.425929,60.046978,1639.831528,1248.066573,56.541943,0.034157,193.07447,169.76063,2322.413954,111.642264,8.280408,50.65717,8.813406,40.529424,41.607629,48.646518,15.505371,352.947661,53.516286,140.208204,8.795398,0.160232,0.148799,0,0,0.076885,0,0,0.143579,0.376885,0.023115,0,0.056587,0.001491,0.012428,0,0
80044,98.845748,41.664387,Alces alces,56003281,Cervidae,LC,0,0,7.451361,13.485329,28.020584,1269.702735,30.241838,-17.901805,48.143643,60.001244,17.611498,0.413625,94.672778,40.86099,2.188069,40.86099,2.189804,1236.086516,1052.688727,94.755443,-0.94725,4.177368,-33.339311,6460.648054,8.087075,12.9875,7.313568,92.68084,0.005592,209.15329,2.282185,172.771057,200.175689,7.430072,11.643766,2.938019,0,0,0,0,0,0,0,0,0,0,0,0,0,0,0,1
79963,98.865356,41.197148,Alces alces,56003281,Cervidae,LC,0,0,7.210767,13.892586,29.325388,1235.8791,29.851421,-17.538418,47.389839,72.586073,19.552371,0.998122,89.460643,46.791206,3.140601,46.791206,3.140601,1377.45532,1034.145613,93.741315,-0.937762,5.010866,-32.908992,6271.067978,8.667508,12.530865,6.705431,93.294155,0.000414,203.660104,2.466569,179.162738,194.349129,7.828127,12.232831,3.025571,0,0,0,0,0,0,0,0,0,0,0,0,0,0,0,1
79881,98.884589,40.729449,Alces alces,56003281,Cervidae,LC,0,0,6.77544,13.478352,30.040277,1177.740122,28.574198,-16.290793,44.864991,88.676327,23.351764,0.996245,95.096646,58.554906,3.015791,58.554906,3.015791,1595.181311,994.450232,91.77911,-0.918073,6.531618,-35.745029,5977.238187,10.747905,12.029076,16.150739,83.741387,0.107875,193.627231,2.570624,180.590344,193.327246,8.219265,12.889182,3.098154,0,0,0,0,0,0,0,0,0,0,0,0,0,0,0,1
79636,98.940131,39.323502,Alces alces,56003281,Cervidae,LC,0,0,1.205166,13.584554,31.747251,1063.748721,21.70063,-21.206675,42.907304,233.297454,59.060082,1.376464,103.442431,156.517389,5.051446,156.517389,5.456609,2479.43414,833.009469,72.457657,-0.717077,16.562216,-59.31678,5050.077748,95.302836,8.936418,34.399068,62.034648,3.566284,172.802328,3.138682,191.717941,182.528538,9.883758,16.345596,3.339914,0,0,0,0,0,0,0,0,0.000745,0.559318,0,0.023098,0.006789,0,0,0.410051
79554,98.957958,38.853869,Alces alces,56003281,Cervidae,LC,0,0,-7.824073,12.675376,33.388896,922.386519,11.144616,-26.728296,37.872912,364.148455,93.111078,1.305916,109.489932,247.246866,5.511561,247.246866,6.1875,3990.327931,503.012603,37.397321,-0.332216,31.730403,-120.884166,3621.409404,90.33337,9.012646,42.955201,53.630225,3.414574,170.900714,3.37153,196.723618,177.131665,10.31011,17.454441,3.383989,0,0,0,0,0,0,0,0,0,0.813913,0,0,0,0,0.000331,0.185756
79473,98.975456,38.383727,Alces alces,56003281,Cervidae,LC,0,0,-8.339241,12.410069,32.853032,927.53546,10.526104,-27.201552,37.727656,370.349335,93.031366,1.222771,108.251292,249.266771,5.510548,249.266771,6.354644,4173.979825,486.316574,33.56707,-0.297038,33.277797,-119.221411,3488.313214,71.734089,9.098481,44.986794,51.233228,3.779978,142.851642,4.650036,213.177878,158.205947,12.378754,22.889972,3.687681,0,0,0,0,0,0,0,0,0,0.82904,0,0,0,0,0.008531,0.162263
78243,99.01017,29.000702,Alces alces,56003281,Cervidae,LC,0,0,2.66386,11.690056,40.338742,634.68698,17.052331,-11.893494,28.945825,615.005857,131.159764,4.450759,81.529186,330.091216,21.106401,330.091216,21.587276,3922.467248,837.373746,50.16973,-0.257423,79.377019,30.116754,2865.3799,204.254617,7.348089,48.464335,33.211694,18.323972,30.075882,33.667701,145.172781,219.225169,37.250797,105.475557,6.843221,0.056651,0,0,0.000414,0.000414,0.001905,0.001574,0.264287,0.044227,0.57777,0,0.001988,0,0,0,0.05077
79228,99.02606,36.970145,Alces alces,56003281,Cervidae,LC,0,0,-2.334353,13.390178,35.209521,897.647972,16.655595,-21.371759,38.027354,280.372488,66.081472,0.462099,103.24363,181.959911,3.318468,181.959911,4.38561,3619.016302,695.906646,62.88243,-0.628507,23.415199,-63.491793,4105.60101,72.121503,9.302485,49.627358,46.600518,3.772124,121.139121,6.297898,230.656618,137.196425,14.914929,30.068275,3.993512,0,0,0,0,0,0,0,0,0,0.965274,0,0.000497,0.001077,0,0,0.033151
78242,99.034116,28.256427,Alces alces,56003281,Cervidae,LC,0,0,3.857488,10.607665,39.08017,621.378874,17.488654,-9.658479,27.147132,713.120578,137.789,8.177699,69.850388,346.621613,36.191702,346.455657,42.097576,3632.83616,844.456261,43.223363,-0.089495,109.261036,42.675338,2628.127201,232.80411,7.218532,43.024665,28.197734,28.777601,31.303847,40.701992,99.318156,267.102899,43.352457,121.230917,7.551939,0.233101,0,0,0.019218,0.05666,0.003396,0,0.205683,0.029407,0.395792,0.000166,0.000166,0.000249,0,0.003728,0.052435
79146,99.042325,36.497865,Alces alces,56003281,Cervidae,LC,0,0,-2.070964,13.384875,33.910644,944.467744,17.43148,-22.014495,39.445976,276.348,63.905409,1.525292,98.925571,173.597364,6.349652,173.597365,7.341496,3636.827273,700.202264,60.255448,-0.600904,25.021396,-62.238042,4096.121509,48.268983,9.805632,38.988652,59.443002,1.568346,115.864651,6.583894,231.589332,135.244566,15.230856,31.127084,4.050993,0,0,0,0,0,0,0,0,0,0.767721,0,0,0.000828,0,0.00323,0.226151
78164,99.052389,31.382602,Alces alces,56003281,Cervidae,LC,0,0,0.759438,12.199055,39.493943,684.493904,16.515566,-14.366188,30.881754,610.638545,127.879404,3.953287,94.213323,351.431808,14.931186,351.431808,14.952946,4096.787116,862.189429,57.412848,-0.316821,64.383556,18.726444,3458.091434,176.544399,7.579151,49.855607,25.456456,24.687936,35.308921,22.735308,222.644311,136.773551,25.603174,72.046137,5.671351,0.037834,0,0,0.000911,0.018131,0,0,0.258134,0.04454,0.637304,0.000248,0.002566,0,0,0,0.000331
78983,99.073992,35.551612,Alces alces,56003281,Cervidae,LC,0,0,-6.741716,13.364566,33.133605,965.776879,13.242504,-27.080282,40.322785,373.659055,85.157888,3.824997,93.96019,224.499072,13.020268,224.499072,14.186764,4383.579573,541.737141,33.832092,-0.327458,36.318042,-87.76374,3436.711785,38.75723,10.190824,49.412842,46.920858,3.6663,89.433807,8.893781,241.888149,121.119122,17.379263,39.257103,4.421324,0,0,0,0,0,0,0,0,0,0.994202,0,0,0,0,0,0.005632
78240,99.079448,26.758716,Alces alces,56003281,Cervidae,LC,0,0,9.916544,9.548935,39.361203,514.033893,22.044107,-2.232918,24.277024,1049.301259,173.696745,14.313145,60.917692,471.312605,63.741835,470.795159,89.850127,2778.183905,1028.749654,51.159426,0.131713,182.632536,110.724441,2326.773792,216.014955,7.310606,45.095473,14.397548,40.506979,36.286727,40.571267,60.836133,307.206929,47.173343,126.86936,7.803863,0.047797,0.016402,8.3e-05,0.047962,0.356279,0,0,0.325547,0.103048,0.09286,0,0.009775,0.000249,0,0,0
78819,99.104557,34.603033,Alces alces,56003281,Cervidae,LC,0,0,-6.64947,13.622721,34.087564,954.134464,13.372398,-26.573158,39.945556,462.504648,99.637101,4.821357,90.399458,265.271131,16.475002,265.271131,18.880801,4509.261174,549.923452,34.937166,-0.206821,44.171515,-77.503978,3331.812058,56.004948,9.848475,62.095094,33.448442,4.456464,69.714011,10.736231,241.840133,119.73952,19.369598,45.385001,4.736709,0,0,0,0,0,0,0,0,0,0.958157,0,0,0.000331,0,0.000249,0.041263
78004,99.117542,33.206411,Alces alces,56003281,Cervidae,LC,0,0,-6.208111,13.424752,35.372881,900.753344,13.224214,-24.749751,37.973964,597.977818,122.997469,4.868894,90.769554,337.629608,18.258466,337.629608,20.453163,4630.793018,606.971733,50.15737,-0.085682,58.687184,-49.779191,3226.048749,78.607957,9.300484,65.931783,24.914677,9.15354,45.238295,15.303591,239.375298,120.036015,21.696858,57.975091,5.159445,0,0,0,0,0,0,0,0,0,0.97582,0.000166,0,0,0,0.00058,0.023435
78244,99.136216,29.929037,Alces alces,56003281,Cervidae,LC,0,0,0.624294,12.130335,39.872528,674.989395,15.822736,-14.538922,30.361657,601.592593,134.53194,3.591256,91.772543,347.789519,16.021756,347.789519,16.047503,4175.368304,849.771027,57.289666,-0.306828,66.575476,24.940878,3120.932719,185.683038,7.727284,47.40172,31.853389,20.744891,31.86328,29.589702,174.591828,188.756036,31.681111,90.233241,6.323763,0.121842,0,0,0.005715,0.010851,0,0,0.161103,0.017643,0.60979,0,0.00116,0.00058,0,0.000248,0.071068
78245,99.265654,30.855065,Alces alces,56003281,Cervidae,LC,0,0,-1.322884,12.141605,38.694191,715.552826,14.859756,-16.54837,31.408126,619.672943,134.655425,3.995917,94.755856,361.730528,15.639805,361.730527,15.643222,4387.544419,794.954888,60.996155,-0.243326,67.602908,7.623916,3198.582498,148.369772,7.907369,51.001305,29.288033,19.710662,31.075177,28.45954,193.729259,167.953083,30.640316,87.849014,6.242727,0.052139,0,0,0.002072,0.025199,8.3e-05,0,0.112069,0.012517,0.755139,8.3e-05,0.000249,0.000166,0,0.004642,0.035643
78325,99.321418,29.38956,Alces alces,56003281,Cervidae,LC,0,0,1.783215,11.847097,40.673171,637.91816,16.242266,-12.84992,29.092186,603.961929,135.387591,3.509399,89.367396,344.309843,16.383614,344.309842,16.444959,4056.556859,843.309033,56.462058,-0.297286,71.532952,27.65358,2974.683211,168.217109,7.794612,46.509754,27.750259,25.739988,31.565666,30.763985,166.442249,197.521332,32.776741,93.085542,6.430524,0.184492,0,0,0.000166,0.001243,0.001408,0.000497,0.227984,0.043907,0.531439,0,0.001325,0,0,0,0.007539
78246,99.347137,31.766346,Alces alces,56003281,Cervidae,LC,0,0,-2.758258,12.802918,37.578194,788.161669,14.70601,-19.37035,34.076361,643.525555,130.794124,4.999754,91.94487,362.826651,18.373622,362.756267,18.702384,4424.722162,749.213497,57.821848,-0.171636,67.280407,-7.515017,3280.73527,133.046548,8.0946,56.970194,32.862521,10.167285,35.989597,21.673536,225.210477,134.649335,25.191018,70.610586,5.66784,0.000828,0,0,0.000662,0.001325,0,0,0.007867,0.013581,0.901789,8.3e-05,0.000994,0.000331,0,0.003975,0.068483
78323,99.362284,27.897372,Alces alces,56003281,Cervidae,LC,0,0,5.966019,10.197117,38.219921,599.032819,19.251163,-7.43526,26.686422,749.5355,138.710181,9.212698,66.418497,350.711927,40.498171,350.690541,51.672485,3337.237488,917.2483,53.477922,-0.090844,119.850385,65.511983,2610.222371,197.558741,7.49511,39.575576,17.918656,42.505767,33.786889,38.022226,87.506025,280.361325,41.087773,112.253294,7.13338,0.360768,0,0,0.013331,0.137783,0.000248,0,0.325081,0.02335,0.136127,0.000828,0.001987,0.000248,0,0,0
78322,99.381616,27.146835,Alces alces,56003281,Cervidae,LC,0,0,9.828106,9.694127,38.44387,527.009704,22.458118,-2.782529,25.240647,897.418155,149.350105,12.588599,60.683383,390.80695,54.902486,390.084411,80.078717,2825.055173,1029.362854,59.546592,0.009981,156.788586,104.782178,2500.579473,154.71757,7.768037,46.275267,14.381514,39.343219,34.337652,38.905696,79.273569,288.978238,41.766603,113.592939,7.215809,0.122319,0.000828,0,0.04588,0.212919,0,0,0.492008,0.053002,0.05383,0,0.017308,0.001905,0,0,0
78321,99.400236,26.393418,Alces alces,56003281,Cervidae,LC,0,0,10.815821,9.746265,39.856371,488.382974,22.82286,-1.642442,24.465302,961.672475,156.480579,14.207957,59.820569,427.444646,62.560175,427.430366,79.918267,2735.599685,1053.219855,59.404513,0.065913,174.871025,117.886661,2311.874786,136.721998,7.944004,51.075751,15.15206,33.772189,37.104642,39.462782,56.662302,311.497038,44.781563,120.620939,7.698157,0.106536,0,0,0.020711,0.202883,0,0,0.439732,0.130809,0.066192,0.000166,0.032143,0.000828,0,0,0
80207,99.435659,42.005208,Alces alces,56003281,Cervidae,LC,0,0,8.009309,13.056897,27.384909,1279.711145,30.657059,-17.009222,47.66628,49.497523,15.993993,0.029147,103.232213,35.940659,0.272805,35.940659,0.272805,1094.278939,1071.969957,95.561943,-0.956159,3.50835,-34.955937,6648.795272,9.761555,12.575471,10.302366,89.664637,0.032998,228.308184,2.258388,172.306087,199.975483,7.594547,12.034097,2.961178,0,0,0,0,0,0,0,0,0,0.000332,0,0,0,0,0,0.999668
80125,99.450582,41.538454,Alces alces,56003281,Cervidae,LC,0,0,7.950922,13.839723,28.605234,1267.554256,30.897609,-17.503789,48.401398,56.745712,16.734378,0.1839,96.402478,38.926508,1.184117,38.926508,1.184117,1143.533131,1079.400935,95.204523,-0.952342,3.850828,-31.174218,6600.828257,7.967717,12.787474,3.057103,96.942897,0,214.338086,2.245431,172.078744,200.994526,7.463518,11.59789,2.97014,0,0,0,0,0,0,0,0,0,0,0,0,0,0,0,1
78318,99.451972,24.116526,Alces alces,56003281,Cervidae,LC,0,0,18.05781,9.439858,44.694109,398.246744,27.828914,6.699715,21.129199,1254.062664,261.918915,12.392498,87.048542,710.323738,49.345083,708.401677,49.682797,1614.253288,1302.812169,64.325151,-0.027875,187.761691,183.993585,2428.684529,127.106099,8.022645,60.124661,7.434988,32.440351,40.81304,48.557419,11.188626,356.947425,55.957341,144.702817,9.034911,0.057785,0.029514,0,0.001907,0.209169,0,0,0.085558,0.484248,0.001326,8.3e-05,0.069143,0.003648,0.057619,0,0
78326,99.452098,30.318176,Alces alces,56003281,Cervidae,LC,0,0,-2.161787,11.975958,38.229682,736.406401,13.820635,-17.52643,31.347065,616.727647,138.665728,3.971507,95.021034,362.830695,15.958356,362.830695,15.958645,4474.736894,771.401138,60.619685,-0.1876,71.578501,5.988448,3028.521486,156.916994,7.894079,47.228371,35.447941,17.323688,33.908061,27.877696,179.476041,183.996761,30.396494,86.16533,6.237126,0.075209,0,0,0.000911,0.021867,8.3e-05,0,0.108507,0.010105,0.666611,0.000331,0.000166,0,0,0.003148,0.113062
78317,99.467888,23.352237,Alces alces,56003281,Cervidae,LC,0,0,18.654197,9.196341,43.795885,395.959689,28.314473,7.327189,20.987283,1402.973035,294.175211,10.904986,88.508731,790.115834,40.525279,777.500594,45.399087,1538.575629,1354.770608,64.461504,0.03894,206.575546,198.556788,2473.085506,110.155834,8.337071,54.117888,6.221377,39.660734,44.222862,53.795532,7.993546,358.751646,57.399813,146.680798,9.377713,0.052518,0.168323,0,0.000249,0.178926,0,0,0.144881,0.347664,0.003479,0,0.085818,0.002319,0.015822,0,0
79717,99.521032,39.19763,Alces alces,56003281,Cervidae,LC,0,0,4.430755,14.28707,31.934432,1112.804111,25.731669,-19.013393,44.745062,242.870695,60.717655,1.801837,104.243694,160.871598,6.193606,160.871598,6.337732,2058.771757,937.649748,81.398392,-0.813036,13.570008,-36.503752,5456.233975,46.235968,9.883263,43.963383,53.504476,2.532141,173.631794,3.201138,189.995402,183.878517,10.0958,16.726614,3.384523,0,0,0,0,0,0,0,0,0,0.664348,0.000166,0.110973,0.001573,0,0,0.22294
79390,99.572816,37.315924,Alces alces,56003281,Cervidae,LC,0,0,-2.231372,13.798962,36.601602,868.632721,16.618812,-21.097685,37.716496,332.772062,78.91099,0.142032,106.770198,218.655334,2.641384,218.655334,3.125739,3527.614807,668.136978,53.756482,-0.537266,29.460432,-67.302245,3896.640609,32.172422,10.899593,60.16197,37.373493,2.464537,127.14498,6.114291,228.073863,141.551576,15.112964,29.931598,4.009463,0,0,0,0,0,0,0,0,0,0.989977,0.000911,8.3e-05,0.000994,0,0,0.000331
79308,99.58518,36.844157,Alces alces,56003281,Cervidae,LC,0,0,-1.320255,12.709476,34.952971,855.831601,16.615917,-19.695434,36.311351,314.778228,73.446378,0.389535,104.221057,203.265356,3.165935,201.430444,3.685038,3475.90026,700.698169,57.745053,-0.577222,27.714149,-59.713591,4006.679677,41.511823,10.654241,55.978739,39.57391,4.447351,124.239758,6.090537,224.790029,144.119445,15.136038,30.030168,4.048542,0,0,0,0,0,0,0,0,0,0.815999,0.006376,0.009854,0.000994,0,0,0.008612
78327,99.58639,31.244538,Alces alces,56003281,Cervidae,LC,0,0,-1.556625,13.361453,39.084807,754.112991,15.991251,-18.199321,34.190573,638.93383,133.208826,4.096116,94.36975,367.650207,15.586674,367.650206,15.599109,4378.191959,782.482824,62.486597,-0.197641,69.923816,3.082044,3238.904028,95.305958,8.764362,61.991249,24.634069,13.374681,37.228342,20.943684,214.660965,146.417709,24.940372,68.777962,5.517863,0.010277,0,0,0,0.001823,0,0,0.029504,0.003149,0.954915,0.000249,8.3e-05,0,0,0,0
79145,99.609251,35.898946,Alces alces,56003281,Cervidae,LC,0,0,-3.899717,13.343422,35.989226,849.990628,14.623795,-22.427008,37.050802,379.670052,88.901448,1.461936,100.936665,236.896946,6.267967,236.896946,7.0175,4057.441528,598.575481,42.148793,-0.383469,34.703948,-75.750876,3616.680576,77.491314,8.830574,55.54791,42.006643,2.445447,91.041563,8.697259,239.734219,124.262505,17.515661,39.027245,4.42239,0,0,0,0,0,0,0,0,0,0.941347,0,0,0,0,0,0.058653
78328,99.640668,32.150081,Alces alces,56003281,Cervidae,LC,0,0,-0.585166,13.998071,39.782257,742.459636,17.008658,-18.168694,35.177352,647.728928,129.110509,3.983176,91.815334,359.54015,15.710036,359.54015,15.944261,4189.595063,778.969345,55.700037,-0.191782,66.235946,-3.394364,3434.90654,116.915625,8.288123,65.214145,24.328225,10.45763,38.316632,17.355435,229.812805,131.71461,23.626711,64.915137,5.511214,0,0,0,0,8.3e-05,0,0,0.003065,0,0.994781,0,0.002071,0,0,0,0
78900,99.643789,34.476774,Alces alces,56003281,Cervidae,LC,0,0,-6.798565,12.982739,34.449791,912.434215,12.33986,-25.400673,37.740534,525.527633,111.496933,4.515583,91.04732,300.42904,16.666864,300.42904,19.01003,4534.811891,542.557027,38.833159,-0.086714,50.271563,-74.459674,3261.054986,108.45529,8.500285,62.38589,28.486433,9.127677,67.271028,10.874918,240.273855,121.702662,19.784292,46.09674,4.806002,0,0,0,0,0,0,0,0,0,0.918641,0,0,0,0,0.000249,0.08111
78166,99.660706,33.065988,Alces alces,56003281,Cervidae,LC,0,0,-4.021902,14.117217,37.822806,831.911143,14.947716,-22.389752,37.337468,625.358919,124.555576,3.678109,90.587851,347.206482,15.764147,347.206482,17.245108,4427.849494,651.41693,50.254706,-0.082402,62.3516,-37.116892,3304.294799,58.510962,9.749827,63.233925,25.472137,11.293939,40.097612,16.671955,231.086701,130.065088,23.387455,63.000322,5.429921,0,0,0,0,0,0,0,0,0,1,0,0,0,0,0,0
78401,99.7172,26.024917,Alces alces,56003281,Cervidae,LC,0,0,12.144922,9.786747,41.299504,466.958958,23.500406,-0.183174,23.68358,908.467793,148.269816,15.095348,60.534622,409.718136,64.34547,409.688748,72.346388,2548.568099,1100.143642,64.276801,-0.012347,168.410465,128.899736,2395.324159,120.506347,8.105957,56.845893,13.009578,30.144528,40.035254,41.960016,38.234504,330.763281,46.041957,121.678979,7.921244,0.053512,0.007041,0,0.005219,0.169649,0,0,0.340954,0.348575,0.017478,0.001822,0.051359,0.002402,0.000911,0,0
78400,99.731775,25.265944,Alces alces,56003281,Cervidae,LC,0,0,15.76618,10.041626,43.476695,452.205879,26.345309,3.26034,23.084969,932.277779,161.928754,15.348287,68.901132,454.109702,62.543069,454.109702,62.543069,1924.351194,1225.629811,65.914847,-0.159387,155.480465,159.475589,2518.144304,125.239437,8.078718,58.191964,11.732891,30.075145,41.235392,40.993041,16.232369,353.953017,48.440256,123.955489,8.036065,0.087288,0.065342,8.3e-05,0,0.116439,0,0,0.304265,0.373251,0.010932,0.000414,0.039752,0.001905,0.000331,0,0
78398,99.759251,23.740185,Alces alces,56003281,Cervidae,LC,0,0,17.279023,9.201488,43.737687,400.872901,27.014946,5.992214,21.022733,1278.968216,266.374768,11.904179,87.648102,722.336348,45.309237,720.584481,47.159147,1726.161816,1293.84191,63.853762,0.005564,195.368341,184.757803,2389.829777,125.49513,8.017641,48.212665,5.366644,46.420691,41.42488,51.522182,10.130402,357.590286,56.383218,146.034606,9.253934,0.112759,0.174979,0,0.005054,0.234797,0,0,0.091881,0.309031,0.003065,0,0.052113,0.004391,0.01193,0,0
78397,99.772175,22.97353,Alces alces,56003281,Cervidae,LC,0,0,17.759641,9.014358,44.845298,376.8673,26.995627,6.907309,20.088318,1444.06601,296.056246,12.997478,87.018094,798.83765,42.258376,798.837649,51.05718,1667.267111,1342.834105,67.666946,0.089591,217.166406,196.947656,2449.032131,106.508401,8.285143,43.723149,5.859886,50.416965,42.058878,54.771763,1.060402,365.146541,60.773163,154.314841,9.803448,0.012753,0.345065,0,0.000248,0.094568,0,0,0.23203,0.269957,0.001242,0,0.024677,0.004223,0.015237,0,0
78396,99.78457,22.204448,Alces alces,56003281,Cervidae,LC,0,0,19.63957,9.458878,47.658785,365.233247,28.531176,8.679375,19.851801,1495.60698,292.271741,12.124827,84.733909,794.654967,40.533091,766.519141,50.87813,1288.71204,1467.549765,71.16579,0.004034,210.918264,224.349532,2648.647985,76.416029,9.002958,44.369858,4.506048,51.124094,40.930095,55.392113,0.703118,365.177316,61.843111,157.330642,9.984595,0,0.482356,0,0,0.017644,0,0,0.332422,0.157472,0.001491,0,0.003893,0.001822,0.002899,0,0
78487,99.966614,29.421356,Alces alces,56003281,Cervidae,LC,0,0,-0.200541,12.081938,40.100399,672.09676,15.064652,-15.067165,30.131817,629.190005,146.182488,3.0205,95.847052,373.466002,13.148125,373.466001,13.148125,4334.157601,780.041631,64.355284,-0.138274,80.395573,14.770037,2826.669706,102.067944,8.949271,48.963959,34.284277,16.751763,34.098236,28.901693,169.028384,195.2729,31.294809,88.152259,6.313373,0.094418,0,0,0.000166,0.001905,0,0,0.150406,0.011264,0.736376,0,0.000248,0,0,0,0.005135
78484,100.006375,27.168738,Alces alces,56003281,Cervidae,LC,0,0,8.315073,9.742819,38.970718,533.601372,20.687635,-4.347685,25.035319,812.46746,142.021265,10.564115,64.282671,373.240257,46.864836,373.189804,60.476598,3040.172712,1010.385698,63.889889,-0.050959,139.441772,96.862663,2529.341821,202.06904,7.314875,42.616012,17.998214,39.385774,33.484579,38.497197,90.277894,277.634515,36.62055,98.60093,6.518454,0.22352,0.003975,0,0.009027,0.130186,0.001988,0,0.391967,0.077516,0.109068,8.3e-05,0.015155,0.003975,0,0.000331,0.033209
78483,100.018667,26.412405,Alces alces,56003281,Cervidae,LC,0,0,11.837228,10.190472,41.845156,480.216724,23.555198,-0.80175,24.356948,843.986112,139.148596,12.471232,61.320831,380.496614,54.542027,380.467799,65.354216,2613.229694,1098.067813,69.946808,-0.060293,157.010663,124.840817,2512.597833,95.062737,8.416371,50.294085,13.279733,36.426182,36.230242,37.821932,66.236454,302.277115,41.235734,110.414267,7.240185,0.200381,0.005384,0,0.00174,0.094019,0,0,0.318837,0.235172,0.031726,0.002071,0.105119,0.003562,0.001491,0,0
78480,100.052803,24.127869,Alces alces,56003281,Cervidae,LC,0,0,16.824398,9.43044,44.121906,404.35437,26.68031,5.301673,21.378637,1130.273372,226.706217,12.055938,85.06671,628.341997,47.113344,628.341997,47.345309,1812.120049,1264.173831,66.579095,-0.071308,178.747773,177.292157,2382.630342,118.564007,8.042654,54.118282,8.49972,37.381998,40.129787,44.274382,14.192264,354.455125,51.240118,132.505238,8.540585,0.047221,0.045315,0,0.000166,0.258719,0,0,0.08508,0.523486,0.003645,0,0.022202,0.005219,0.008947,0,0
80206,100.052905,41.413382,Alces alces,56003281,Cervidae,LC,0,0,8.372988,14.520356,28.774891,1310.243592,32.209541,-18.274735,50.484276,48.874079,14.883985,0.024698,99.378237,34.49672,0.132187,34.49672,0.132187,1038.416773,1115.33803,96.087129,-0.960799,3.170718,-28.588505,6805.117098,2.612112,13.680864,7.132065,92.867935,0,216.605936,2.424049,173.34228,198.966191,8.040729,12.643888,3.111896,0,0,0,0,0,0,0,0,0,0,0,0,0.00058,0,0,0.99942
80124,100.062614,40.946167,Alces alces,56003281,Cervidae,LC,0,0,8.51173,14.26099,29.79658,1233.557413,31.333347,-16.507272,47.840619,63.696212,17.550695,0.164019,95.434711,42.527432,0.973279,42.527432,0.975034,1139.981715,1107.926317,95.112892,-0.951537,3.995032,-25.766376,6673.139525,9.70217,13.087165,17.074659,82.830187,0.095154,198.996188,2.568643,173.59274,199.812313,8.888808,13.779885,3.273325,0,0,0,0,0,0,0,0,0,0.024023,0,0,0.009195,0,0,0.966617
78479,100.0633,23.361388,Alces alces,56003281,Cervidae,LC,0,0,18.40297,9.158505,44.84793,391.722091,27.716569,7.298895,20.417674,1353.937779,284.281948,13.065181,88.243885,766.435543,43.922243,766.435542,50.035148,1570.762548,1350.899562,63.693997,0.010863,202.188264,197.837399,2521.710453,116.3374,8.188086,47.178534,5.812161,47.009305,40.786746,52.83737,7.911867,358.874511,57.967701,147.08766,9.394454,0.034714,0.241259,0.000166,0.000166,0.190969,0,0,0.268434,0.231234,0.001988,0.000829,0.021375,0.004805,0.00406,0,0
78478,100.073371,22.59253,Alces alces,56003281,Cervidae,LC,0,0,18.662242,9.193962,46.262899,372.093435,27.638388,7.77157,19.866818,1521.693618,313.921628,14.719644,86.972414,839.866723,45.864384,826.039716,56.830591,1471.623486,1408.259801,68.621553,0.083124,222.515101,210.244017,2610.477304,105.791558,8.359541,45.573706,5.821175,48.605119,37.288431,52.439242,0.444341,365.208363,59.357052,152.675308,9.877521,0.003728,0.356557,0,0,0.087648,0,0,0.257891,0.278022,0.003479,0.001823,0.004971,0.003645,0.001491,0,0.000166
79961,100.081481,40.010308,Alces alces,56003281,Cervidae,LC,0,0,7.984728,14.920734,31.67041,1178.18235,30.234265,-16.880561,47.114826,113.287623,28.701117,0.718447,98.573967,73.800973,3.220189,73.800973,3.220189,1375.298583,1079.85044,92.100071,-0.920697,6.547518,-20.638527,6320.899756,12.957914,12.046934,13.244631,86.734639,0.020729,175.468192,2.441646,161.168712,213.140188,9.260633,13.359651,3.418542,0,0,0,0,0,0,0,0,0,0,0,0,0,0,0,1
78477,100.083025,21.821362,Alces alces,56003281,Cervidae,LC,0,0,19.777794,9.439658,48.70266,354.104347,28.434424,9.048073,19.386351,1507.898384,297.450842,14.191136,83.367989,787.863079,48.261388,753.255677,59.036202,1268.592814,1475.693689,70.277525,-0.019955,211.01054,226.405864,2642.121812,102.603011,8.534552,36.906824,4.326073,58.767103,40.434747,55.495838,0.802019,365.161727,64.764153,161.346145,10.035558,0.000166,0.601325,0,8.3e-05,0.025921,8.3e-05,0,0.260952,0.061366,0.00381,0.000414,0.040331,0.002816,0.002733,0,0
79879,100.090648,39.541644,Alces alces,56003281,Cervidae,LC,0,0,7.475045,14.819098,32.196247,1141.412117,28.981815,-17.049036,46.030851,155.834589,38.58712,1.439641,99.567232,100.42448,5.321689,100.42448,5.323984,1492.914136,1067.939112,90.040982,-0.900303,8.304924,-17.060765,6144.161796,13.446738,12.205549,25.346835,74.351207,0.301958,179.682168,2.929051,177.134509,196.144439,10.048977,15.89986,3.476453,0,0,0,0,0,0,0,0,0,0.057815,0,0.06908,0.002154,0,0,0.870952
79797,100.099645,39.072477,Alces alces,56003281,Cervidae,LC,0,0,6.448987,14.298254,32.68809,1080.989122,27.266461,-16.48299,43.749451,227.411151,56.325903,1.319191,104.300272,148.913498,4.577626,148.913497,4.582268,1759.630014,1020.660838,85.116797,-0.851032,11.911666,-19.534641,5803.282593,33.760637,11.161326,41.024782,57.379797,1.595421,176.26961,3.293038,185.607343,187.175315,10.727911,17.73651,3.539251,0,0,0,0,0,0,0,0,0.003397,0.489437,0.000414,0.311905,0.007953,0,0,0.186894
79716,100.108475,38.602799,Alces alces,56003281,Cervidae,LC,0,0,-0.690014,13.196147,33.60688,959.278881,18.863273,-20.407169,39.270443,368.302728,90.170319,1.207011,107.981755,243.034212,4.46911,243.034212,4.550989,2849.693133,765.989761,61.923591,-0.610341,25.083512,-59.581991,4548.626382,140.287794,8.094115,40.435705,49.670933,9.893362,153.240842,4.285447,197.185622,174.627301,13.181974,23.048278,3.850533,0.002899,0,0,0,0,0,0,0.000828,0.002982,0.89026,0.016399,0.052178,0.001656,0,0,0.032798
79552,100.125652,37.661867,Alces alces,56003281,Cervidae,LC,0,0,-5.647428,12.95046,34.683309,893.93455,13.044339,-24.318917,37.363256,418.77762,97.854678,1.102289,105.616091,270.943369,5.338721,270.943369,5.467315,3799.651688,570.122476,36.203538,-0.311144,39.983974,-85.889294,3479.131887,57.132487,9.664118,64.858773,29.507021,5.634206,121.867828,6.439554,230.79915,138.997559,16.04423,31.719019,4.09027,0,0,0,0,0,0,0,0,0,0.99851,0,0,0,0,0,0.00149
79471,100.134007,37.190593,Alces alces,56003281,Cervidae,LC,0,0,-0.737232,11.637205,31.311451,897.602133,17.007885,-19.973098,36.980984,369.787724,85.552071,0.984289,105.099171,237.982551,4.276727,231.237741,5.164821,3271.729739,710.901459,50.03992,-0.500312,34.821227,-52.869693,3882.132874,9.993023,12.925577,60.204894,37.494912,2.300194,118.836146,6.341127,226.184806,143.154904,16.173118,31.789611,4.13727,0,0,0,0,0,0,0,0,0,0.45883,0.006875,0.040176,0.006378,0,0,0.004307
79226,100.158185,35.773422,Alces alces,56003281,Cervidae,LC,0,0,1.835456,14.807214,37.131078,885.252746,21.327267,-18.548939,39.876206,372.864187,88.687052,1.002417,102.338173,231.442189,4.29695,231.442189,4.471505,3285.639184,787.380629,56.159693,-0.561433,31.156431,-34.044864,4196.728845,51.210069,10.041952,51.99857,45.906352,2.095077,73.565812,9.816408,231.18388,132.780729,20.32581,45.284465,4.794239,0,0,0,0,0,0,0,0,0,0.915072,0,0.01798,0.001491,0,0,0.065291
78490,100.178053,32.008334,Alces alces,56003281,Cervidae,LC,0,0,-0.246524,13.94747,39.997997,732.849889,17.252456,-17.624469,34.876925,677.53651,135.830543,3.744003,91.377105,370.237131,15.13084,370.237131,15.140666,4134.3203,793.507552,55.154628,-0.159726,69.211851,2.257231,3436.089109,116.985463,8.399771,62.912237,24.947814,12.139949,37.089634,17.591729,218.403084,143.287534,25.233707,67.515517,5.589693,0,0,0,0,8.3e-05,0,0,0.008363,0.003146,0.988242,0,8.3e-05,0,0,0,8.3e-05
78981,100.181108,34.351008,Alces alces,56003281,Cervidae,LC,0,0,-3.879148,13.691893,37.585411,817.455622,14.515404,-21.917358,36.432762,560.088357,117.999686,2.793696,92.910016,320.267754,12.494433,320.267754,13.994072,4248.23644,611.422051,41.691335,-0.121024,53.570786,-54.387467,3394.03587,86.879127,8.894336,69.465496,20.030569,10.503935,64.155634,10.904706,232.077126,130.970274,21.066409,48.537132,4.955905,0,0,0,0,0,0,0,0,0,0.995278,0,0.00058,0.002237,0,0,0.001905
78899,100.188485,33.875657,Alces alces,56003281,Cervidae,LC,0,0,-3.637064,13.792345,37.454652,824.470645,14.885183,-21.948455,36.833638,610.372836,122.793174,3.145379,90.531122,340.072812,14.779107,340.072812,16.242307,4270.227632,632.962331,44.740242,-0.080996,58.853493,-45.245817,3363.120577,88.518828,8.807105,68.498235,18.913306,12.588459,54.831827,12.472481,228.571241,134.320661,22.162937,53.457597,5.166818,0,0,0,0,0,0,0,0,0,0.998675,0,0.000331,0.000166,0,0,0.000828
78817,100.195735,33.399682,Alces alces,56003281,Cervidae,LC,0,0,-3.343599,14.409873,38.937348,802.614841,15.423787,-21.592026,37.015813,649.653905,126.85856,3.417217,89.438062,355.081488,15.623029,355.081488,16.773638,4294.986127,654.851735,46.979169,-0.061043,62.836965,-36.268412,3347.1799,63.715109,9.505782,65.886509,22.461205,11.652286,45.544057,15.916965,228.335592,134.247772,23.424633,60.812541,5.354504,0,0,0,0,0,0,0,0,0,1,0,0,0,0,0,0
78736,100.202862,32.92307,Alces alces,56003281,Cervidae,LC,0,0,-2.660196,14.23059,39.017169,793.28492,15.862241,-20.611585,36.473825,679.319877,130.828294,3.761857,88.944014,366.211356,16.677679,366.211355,17.504333,4281.661573,687.700159,49.48218,-0.067446,65.51316,-25.550192,3364.748284,81.197116,9.03376,68.576111,21.596674,9.827214,38.367516,16.762465,222.192437,139.43747,24.730486,65.712685,5.549829,0,0,0,0,0,0,0,0,0,0.999917,0,8.3e-05,0,0,0,0
78569,100.28303,29.809182,Alces alces,56003281,Cervidae,LC,0,0,0.319064,12.893936,40.788815,666.381816,16.210305,-15.369661,31.579965,632.293945,151.144035,1.63647,103.080858,391.726932,8.350306,391.726931,8.350306,4310.089532,793.832623,66.998584,-0.084616,85.471479,16.208911,2917.224859,90.06174,8.938548,56.530163,35.424836,8.045001,38.318055,23.885886,171.554433,192.886099,28.307343,78.291131,5.987919,0.002816,0,0,0,0,0,0,0.02195,0.002071,0.972004,0,0,0,0,0,0.00116
78568,100.293483,29.060854,Alces alces,56003281,Cervidae,LC,0,0,-0.035588,12.356616,40.532749,657.359038,15.343812,-15.107395,30.451207,665.766997,149.715662,2.708142,93.518817,386.297826,13.266775,386.297826,13.266775,4358.981011,768.547161,65.387141,-0.052111,87.575104,16.636513,2690.786721,105.121967,8.600626,51.626825,38.074303,10.298872,33.490074,28.608925,147.889236,218.242948,32.576295,89.685467,6.293666,0.017814,0,0,0,8.3e-05,0,0,0.069434,0.01276,0.89908,0,0.000331,0,0,0,0.000497
78565,100.32262,26.799641,Alces alces,56003281,Cervidae,LC,0,0,12.041022,10.338055,42.514737,487.048743,23.742307,-0.594653,24.33696,800.336759,139.461241,10.736556,64.839544,373.076814,46.954666,372.271019,56.468438,2573.881952,1122.408729,69.390477,-0.124597,144.904463,126.904366,2663.504934,135.029426,8.108779,48.443266,13.223456,38.333278,34.168936,35.624997,76.829582,290.922622,38.126686,101.744737,6.743196,0.171197,0.001492,8.3e-05,0.008038,0.150481,0.000331,0,0.340984,0.180394,0.065462,0.002652,0.06654,0.009695,0.000746,0,0
78560,100.364262,22.980324,Alces alces,56003281,Cervidae,LC,0,0,19.945047,9.225819,46.213688,381.414473,28.831737,8.867423,19.964315,1476.276008,312.675923,14.766755,87.721178,832.51315,48.531462,827.734386,60.766727,1219.267184,1455.604094,63.168152,-0.017429,205.569827,218.792807,2785.28149,107.609529,8.388349,43.740899,6.326748,49.932353,38.820068,52.664873,1.153176,365.130869,59.724605,150.718232,9.588395,0.012012,0.297987,0,0.000166,0.207356,0,0,0.335763,0.117223,0.002402,0.012426,0.00613,0.002485,8.3e-05,0,0
78559,100.371618,22.209417,Alces alces,56003281,Cervidae,LC,0,0,19.03329,9.144855,46.832324,366.217632,27.795093,8.267419,19.527674,1548.197058,311.301961,16.097933,84.694772,828.488522,52.430983,803.682955,63.311325,1364.840447,1434.408099,68.686251,0.051264,221.734876,215.467933,2667.176225,85.87723,8.790151,42.78613,3.779069,53.434802,38.20868,53.87292,0.805999,365.1635,61.268024,154.838046,9.809823,0,0.488239,0,0,0.053586,0,0,0.300894,0.110568,0.008614,0,0.035862,0.000414,0.001822,0,0
78649,100.609419,29.448177,Alces alces,56003281,Cervidae,LC,0,0,0.777966,12.34311,40.500895,640.863696,16.162981,-14.308217,30.471198,682.959391,155.507483,2.003349,99.100187,409.914331,10.030755,409.914331,10.030755,4248.524292,799.726176,66.450927,-0.043633,90.553323,21.991279,2812.534196,114.108735,8.315004,51.913764,34.584794,13.501442,32.852968,26.046056,153.757373,211.505375,30.619636,83.76656,6.067296,0.059803,0,0,0.000828,0.001077,0,0,0.092355,0.023855,0.816616,0,8.3e-05,0,0,0,0.005384
78646,100.629118,27.186614,Alces alces,56003281,Cervidae,LC,0,0,10.97331,10.349765,42.00766,508.972242,22.906634,-1.776643,24.683276,781.480428,148.13797,9.084267,72.324773,389.607081,39.230205,389.514544,43.227389,2709.246992,1109.883646,69.450719,-0.138797,136.489449,120.057486,2730.285024,156.642868,7.786452,49.123185,13.222574,37.65424,33.669784,35.119226,82.323105,285.309796,36.877334,98.337551,6.57269,0.086164,0.000166,0,0.002071,0.116156,0.000994,8.3e-05,0.455427,0.244325,0.072328,0,0.021541,0.000663,0,0,8.3e-05
80368,100.647787,41.75632,Alces alces,56003281,Cervidae,LC,0,0,8.682452,14.432515,28.120337,1351.464322,33.039432,-18.288643,51.328076,39.186833,12.335893,0.021194,94.728639,27.533432,0.120054,27.533432,0.120054,975.308679,1126.329143,96.928403,-0.97,2.441426,-33.953489,6987.832124,0.856375,14.767732,19.998756,79.846723,0.154521,221.104877,2.227202,169.730103,202.289128,8.290144,12.653103,3.177125,0,0,0,0,0,0,0,0,0,0.060538,0,0,0.000497,0,0,0.938965
78642,100.652101,24.136263,Alces alces,56003281,Cervidae,LC,0,0,17.632544,8.590426,42.137305,403.779048,26.937917,6.568384,20.369533,1085.214315,218.621024,12.90876,84.899086,605.346914,46.821345,605.346914,47.975979,1679.111393,1310.501007,68.581068,-0.148301,169.212418,186.429547,2550.928676,121.775198,8.132047,41.880667,5.789396,52.329937,38.906967,41.080789,14.192738,353.882108,48.482945,122.795767,8.114484,0.014166,0.354983,0,0,0.230387,0,0,0.240245,0.137768,0.005219,0.000166,0.016237,0.00058,0.000249,0,0
80205,100.657542,40.822275,Alces alces,56003281,Cervidae,LC,0,0,8.850708,14.67153,29.358255,1287.046271,32.541421,-17.432202,49.973623,57.240757,16.154813,0.020073,97.779324,38.87203,0.098301,38.87203,0.098301,1053.479155,1141.665964,95.700655,-0.957915,3.541315,-23.144311,6870.828077,1.042466,14.498015,21.856735,78.143079,0.000186,199.516969,2.601902,172.039914,200.519775,9.236575,14.309512,3.37969,0,0,0,0,0,0,0,0,0,0,0,0,0.000663,0,0,0.999337
78640,100.662276,22.59717,Alces alces,56003281,Cervidae,LC,0,0,19.781778,9.054307,46.950852,366.656158,28.257535,8.972364,19.285171,1536.538021,319.859244,16.988409,85.752407,843.887649,55.282973,794.097159,66.150866,1192.516327,1460.248314,61.715814,0.009822,213.529068,219.143617,2812.760467,87.588609,8.734169,43.408812,3.458736,53.132452,38.058062,52.902129,1.014646,365.138306,60.283482,151.65359,9.610398,0.000745,0.481653,8.3e-05,0,0.146939,0,0,0.308291,0.048372,0.005881,0.001822,0.004224,0.000994,0,0,0.000248
80123,100.662281,40.354538,Alces alces,56003281,Cervidae,LC,0,0,8.744481,14.88688,30.900142,1221.866827,31.867977,-16.317615,48.185591,80.186348,21.282663,0.021709,99.101764,53.219622,0.292361,53.219622,0.292361,1207.523771,1118.242003,94.127505,-0.94081,4.848942,-21.404021,6647.053963,13.914735,12.851448,23.296616,76.703384,0,191.010878,2.733537,174.641867,198.412396,9.593552,14.952235,3.434183,0,0,0,0,0,0,0,0,0,0,0,0,0,0,0,1
78639,100.667051,21.82436,Alces alces,56003281,Cervidae,LC,0,0,20.690335,9.384222,49.232143,338.039376,29.084084,10.011891,19.072193,1614.121819,319.064252,14.690457,82.470031,852.537444,60.463476,762.311323,69.839069,1085.729354,1491.916,65.600543,-0.021039,219.223895,227.873245,2768.078686,67.154398,9.39013,43.535604,5.89056,50.573836,37.998927,54.677065,0.891301,365.149306,62.888807,157.240652,9.825067,0.000166,0.383736,0,0,0.019957,0,0,0.436568,0.103263,0.008447,8.3e-05,0.031053,0.005548,0.011096,0,8.3e-05
79633,100.68891,37.537525,Alces alces,56003281,Cervidae,LC,0,0,-5.22022,12.748457,34.141198,902.041931,13.253604,-24.087869,37.341473,460.122791,104.163555,1.566817,102.031863,287.321439,6.92315,287.321439,6.92814,3730.846989,581.953555,38.405661,-0.247752,44.809156,-79.421985,3453.549354,75.754102,9.079363,60.494109,34.060902,5.44499,118.760422,5.951995,217.002033,152.53091,16.101906,30.975875,4.155943,0,0,0,0,0,0,0,0,0,0.980616,0,0.000166,0.001243,0,0,0.017975
79551,100.693068,37.066168,Alces alces,56003281,Cervidae,LC,0,0,-1.363981,12.693338,32.925361,922.941456,17.296095,-21.243447,38.539542,432.169924,98.46673,1.525173,101.516743,268.025806,6.481065,266.572519,6.556912,3374.070519,688.646247,44.223698,-0.416584,39.54865,-54.035153,3774.033815,30.154323,11.18083,60.164647,35.527466,4.307887,114.842849,6.080261,216.622839,152.454961,16.427999,31.766069,4.207888,0,0,0,0,0,0,0,0,0,0.764019,0.000166,0.004141,0.002982,0,0,0.086225
79143,100.712775,34.700833,Alces alces,56003281,Cervidae,LC,0,0,-1.423696,13.642013,38.266654,773.829009,16.254144,-19.391245,35.645389,550.217782,117.678974,1.918754,94.576361,316.431995,9.437848,316.431996,9.856371,3842.820594,697.888803,38.760773,-0.235011,51.146838,-33.402489,3623.339599,106.486748,8.514617,65.43077,23.497743,11.071488,64.759917,10.613729,229.678224,133.890974,21.299297,48.336664,4.956963,0,0,0,0,0,0,0,0.000166,0,0.999338,0,0.000497,0,0,0,0
79061,100.716512,34.225985,Alces alces,56003281,Cervidae,LC,0,0,-2.882316,13.782923,38.2912,790.010574,15.209729,-20.789935,35.999664,618.510988,126.457292,2.77301,91.456623,345.57509,13.260118,345.57509,14.023655,4104.533084,658.00019,44.160194,-0.105518,58.331133,-37.469718,3427.152572,90.138831,8.791786,70.2273,18.105812,11.666888,54.416298,11.805557,219.343768,142.801596,23.603197,54.681148,5.150288,0,0,0,0,0,0,0,0,0,0.999834,0,0,0.000166,0,0,0
78980,100.720184,33.750518,Alces alces,56003281,Cervidae,LC,0,0,-2.961835,13.969387,38.681981,789.12455,15.233796,-20.882431,36.116227,670.341495,131.556978,3.099545,89.611328,365.784001,15.148284,365.784,15.921928,4176.650211,667.573222,44.089874,-0.056818,63.111767,-31.802861,3383.444626,97.129556,8.596558,66.683261,16.861364,16.455375,49.493421,13.379828,218.741267,142.927177,24.372468,58.882175,5.324064,0,0,0,0,0,0,0,0,0,0.99942,0,0.000414,0.000166,0,0,0
78816,100.72734,32.797689,Alces alces,56003281,Cervidae,LC,0,0,-1.41524,14.138686,40.074253,755.19051,16.331547,-18.947784,35.279331,721.631349,138.814995,3.360484,88.241714,380.863068,16.190663,380.863068,16.357686,4122.959261,737.406968,47.847084,-0.07107,68.765129,-10.867675,3427.874086,117.328712,8.393927,62.836205,20.924347,16.239448,37.292882,17.267614,216.07906,145.41282,25.772447,67.300191,5.588182,0.000828,0,0,0,0.001243,0,0,0.011266,0.003313,0.983184,8.3e-05,8.3e-05,0,0,0,0
78732,100.924652,30.584035,Alces alces,56003281,Cervidae,LC,0,0,1.465558,11.876697,39.714376,657.25936,16.753903,-13.160836,29.914739,672.219859,143.132035,1.854186,99.530573,396.77209,8.702242,396.772091,8.702242,4072.342092,836.486486,57.759852,-0.080362,86.521893,23.181441,3115.096357,187.623286,7.695021,41.880451,26.069414,32.050135,30.959617,22.647177,163.704974,199.545347,28.561637,75.300033,5.707455,0.139082,0,0,0.002734,0.100315,0,0,0.270378,0.130053,0.353131,0.001077,0,0,0,0,0.003231
78731,100.928234,29.835229,Alces alces,56003281,Cervidae,LC,0,0,2.445985,11.637391,39.925769,632.499687,17.128606,-12.009757,29.138363,693.523164,154.677754,1.461482,101.352569,418.218389,7.775939,418.218389,7.775939,3986.689555,850.848231,62.429324,-0.065178,92.804374,31.984478,2967.295899,174.219755,7.755465,39.005177,23.867431,37.127392,31.830474,25.578641,154.771035,210.537627,30.590297,83.238667,6.050574,0.314333,0,0,0.001408,0.027423,8.3e-05,0,0.238028,0.038111,0.372411,0.000331,0.000166,0,0,0,0.007705
78728,100.938224,27.573314,Alces alces,56003281,Cervidae,LC,0,0,9.024778,10.41649,39.858227,544.63764,21.782826,-4.397385,26.180211,792.120057,161.079677,7.00448,81.430836,421.996303,29.911558,421.996303,30.145549,2977.345582,1067.469027,68.965919,-0.120004,129.632781,106.336747,2731.807931,137.517343,8.03552,46.242581,14.257324,39.500095,33.358693,33.315396,82.986567,284.446128,36.323203,96.569369,6.51267,0.14049,0,0,0.00729,0.0917,0.001077,0,0.477717,0.191021,0.060388,0.003065,0.010355,0.00116,0,0,8.3e-05
78727,100.941312,26.814353,Alces alces,56003281,Cervidae,LC,0,0,12.050041,9.893512,41.288726,487.824999,23.469557,-0.52629,23.995847,797.846682,154.454937,9.374954,76.006225,411.414577,39.522387,409.428217,40.38943,2527.367379,1149.774952,70.467074,-0.137625,142.242296,132.143561,2743.681295,112.867198,8.237226,53.164118,12.382403,34.453479,33.958576,32.725854,61.4959,306.751764,38.306034,99.977558,6.738083,0.055657,0.001408,0,0.002816,0.165314,0.000414,0,0.345536,0.359699,0.027331,0.000166,0.037187,0.00323,0.001242,0,0
78726,100.944283,26.052987,Alces alces,56003281,Cervidae,LC,0,0,13.743651,9.733432,42.452954,461.162484,24.421603,1.487235,22.934368,787.374929,148.184217,10.356281,75.606524,405.862533,41.663028,397.646717,41.663028,2288.409832,1196.466323,72.759844,-0.171963,144.805098,147.803618,2706.146232,166.75018,7.666641,50.971832,12.058987,36.969181,34.664841,35.079127,28.470755,339.747207,42.444513,109.021267,7.242559,0.193971,0.032301,0,0.006295,0.142621,0,0,0.319364,0.176743,0.075203,0,0.052178,0.000331,8.3e-05,0,0.000911
78725,100.94714,25.289272,Alces alces,56003281,Cervidae,LC,0,0,15.087855,10.112908,43.443316,456.104356,25.802687,2.524223,23.278463,823.364856,155.747789,11.834464,78.225113,433.686897,42.741974,431.51878,42.741974,2112.829687,1229.131717,73.825544,-0.205375,146.805508,160.122174,2634.046827,73.60939,9.178015,61.036728,15.808782,23.15449,38.375718,38.286631,19.664637,349.433658,45.63951,117.034236,7.708138,0.022611,0.061289,0,0,0.050439,0,0,0.19074,0.562614,0.031473,0.000248,0.075369,0.004887,0.000331,0,0
78724,100.949886,24.523266,Alces alces,56003281,Cervidae,LC,0,0,16.436956,8.500106,40.547526,425.841135,26.136216,5.182934,20.953282,975.28753,191.21479,14.368175,81.671302,530.969749,49.347227,528.814798,49.879419,1839.747239,1285.951116,68.050646,-0.194487,155.898341,177.275339,2604.592694,132.816361,8.156898,41.687095,6.691403,51.621502,37.898975,38.284844,15.427491,352.865118,45.441989,113.810337,7.627915,0.089968,0.216138,0,0.001077,0.287466,0,0,0.22318,0.155828,0.0029,0,0.019302,0.004059,8.3e-05,0,0
78722,100.955053,22.984616,Alces alces,56003281,Cervidae,LC,0,0,18.918531,8.692094,44.598413,383.369656,27.66536,8.178039,19.487321,1419.673505,301.084424,16.052534,87.252147,801.747998,54.483512,801.224104,61.052823,1369.758269,1393.675083,60.604908,0.041084,216.565996,203.97348,2723.076128,79.426941,8.913562,42.19012,5.125863,52.684017,35.389521,47.240978,1.721405,364.778962,57.070423,142.698528,9.053701,0.000249,0.48223,0,8.3e-05,0.086571,0,0,0.324414,0.091376,0.001988,0,0.001408,0.011681,0,0,0
78721,100.957479,22.212091,Alces alces,56003281,Cervidae,LC,0,0,20.471995,8.953864,47.993789,349.479016,28.642068,9.985516,18.656552,1570.436308,306.240176,18.026144,80.276612,818.398722,64.783278,764.202345,73.826853,1028.467456,1475.104599,59.007694,-0.01202,219.759311,221.693066,2832.009586,79.211145,8.978451,33.896472,2.115935,63.987592,37.396681,53.323274,0.986717,365.136373,61.156823,152.757988,9.599519,0,0.766382,0,0,0.019717,0,0,0.176539,0.029409,0.001988,8.3e-05,0.001491,0.001988,0.002402,0,0
157534,101.25,21.825243,Alces alces,56003281,Cervidae,LC,0,0,21.260874,8.997369,49.240543,329.384659,29.20022,10.928304,18.271915,1634.673806,301.546381,15.57477,78.455598,855.536997,69.702549,712.043601,77.260935,921.999032,1497.594353,61.245225,0.014515,237.606048,228.170851,2746.851155,97.717697,8.622686,31.338481,2.757665,65.903854,34.494135,51.706019,0.930869,365.140803,63.714283,156.075457,9.573398,0,0.659682,0,0,0.000414,0,0,0.310336,0.010353,0.00704,8.3e-05,0.008117,0.000663,0.003313,0,0
157535,101.25,22.599501,Alces alces,56003281,Cervidae,LC,0,0,19.008655,8.599156,45.362297,372.785823,27.511276,8.551797,18.959479,1458.926342,298.804147,17.386102,82.637071,783.417634,63.539073,783.22251,65.207623,1281.062426,1380.599892,57.760775,0.121652,243.10383,199.204806,2691.010846,77.94728,8.937512,36.698291,2.612367,60.689342,34.188095,47.523452,1.550655,364.792215,57.479912,143.145751,9.039261,8.3e-05,0.694665,0,0,0.021703,0,0,0.227966,0.037608,0.009361,0,0.007704,0.000166,0.000746,0,0
157537,101.25,24.141923,Alces alces,56003281,Cervidae,LC,0,0,17.07862,8.257956,40.734774,414.791331,26.425924,6.161504,20.26442,1069.62381,215.408041,14.815021,83.439568,592.677881,50.428936,588.202959,53.227823,1688.729574,1323.717091,63.867797,-0.179854,163.288388,185.458081,2679.322336,129.585019,8.057951,38.567426,6.480907,54.951667,36.850811,38.576036,14.19051,353.613406,45.885427,114.742189,7.665061,0.094276,0.313396,0,0.003976,0.219534,0,0,0.193936,0.147709,0.002568,8.3e-05,0.023527,0.00058,0.000414,0,0
157539,101.25,25.67583,Alces alces,56003281,Cervidae,LC,0,0,14.78204,9.758313,42.292652,461.512302,25.35137,2.286638,23.064732,779.899324,152.853698,10.148826,81.030257,418.684818,36.265117,418.684818,36.265117,2119.569371,1241.516,72.901111,-0.233795,138.989528,160.640901,2727.986033,84.331853,8.885414,57.000042,10.42575,32.574208,34.938147,33.781823,24.044817,344.031748,42.326033,107.722987,7.205057,0.061868,0.109906,0,0,0.11239,0,0,0.270002,0.348186,0.003644,0.00058,0.072553,0.003644,0.017061,0,8.3e-05
157540,101.25,26.439446,Alces alces,56003281,Cervidae,LC,0,0,17.204523,9.686162,43.661848,457.941107,27.232863,5.051583,22.18128,762.623138,154.744853,8.182244,83.190621,417.884313,31.747394,373.515304,31.833202,1745.664428,1340.087461,72.217853,-0.30901,127.485079,177.801713,3080.295658,136.806032,7.974344,56.155401,13.020067,30.824532,34.227196,31.178051,54.089198,314.101554,38.472643,99.423562,6.740791,0.106602,0.041663,0,0.003644,0.114802,0,0,0.284105,0.346061,0.068169,0.002154,0.024766,0.003976,0.000497,0,0.00323
157542,101.25,27.959732,Alces alces,56003281,Cervidae,LC,0,0,8.395788,10.417367,39.861059,558.936649,21.211777,-4.9885,26.200277,819.454106,173.652039,4.862979,89.275734,457.815104,20.580412,457.815104,20.580412,3018.077557,1064.097769,67.329943,-0.106423,126.462717,103.026683,2818.241347,191.298379,7.493663,38.020254,14.660274,47.319471,31.160538,28.231251,83.097249,283.923463,34.005303,88.588974,6.122999,0.304805,0.000249,0,0.007457,0.091384,8.3e-05,0,0.454598,0.055841,0.076802,0.000166,0.007539,0.00058,0,0,0.000331
157543,101.25,28.716294,Alces alces,56003281,Cervidae,LC,0,0,3.466252,11.062944,40.472547,598.857182,17.05196,-10.296109,27.348069,802.362308,169.510993,2.883738,93.721774,456.273564,13.242321,456.273564,13.242321,3786.515408,891.751672,61.941302,0.019764,114.45683,55.060111,2684.524457,207.120168,7.443726,35.078223,22.787325,42.134452,30.434499,27.674933,92.863387,273.685515,33.998585,89.05715,6.148345,0.375238,0,0,0.008778,0.046377,0.000745,0,0.26501,0.096149,0.197433,8.3e-05,0,0,0,0,0.010186
157544,101.25,29.470399,Alces alces,56003281,Cervidae,LC,0,0,0.92044,11.078364,38.613408,661.757494,15.624625,-13.071869,28.696494,752.428246,160.52065,2.253783,97.025862,436.907002,10.556519,436.907003,10.556519,4115.408704,798.596149,56.828515,0.087102,107.711423,25.821202,2721.2387,212.521087,7.44811,36.14786,30.385284,33.466856,28.520851,26.302236,132.477671,232.835589,32.23501,86.11405,6.110274,0.267224,0,0,0.001987,0.013001,8.3e-05,0,0.228387,0.095727,0.312438,0.000745,0.000331,0,0,0.000166,0.079911
157545,101.25,30.221996,Alces alces,56003281,Cervidae,LC,0,0,3.023196,12.010749,39.910906,641.759138,18.142187,-11.952236,30.094423,691.082029,146.497809,1.416467,99.373288,404.89576,7.593329,404.895761,7.593329,3883.373757,853.034278,55.458353,-0.044702,94.730914,30.488689,3029.720254,154.633195,8.21602,44.937421,22.975619,32.08696,29.563652,23.347428,156.142115,207.636206,29.362632,76.946911,5.739508,0.215948,0,0,0.000248,0.046286,8.3e-05,0,0.210069,0.028235,0.492672,0.006376,8.3e-05,0,0,0,0
157546,101.25,30.971038,Alces alces,56003281,Cervidae,LC,0,0,0.364587,12.127225,39.142502,698.948405,16.338009,-14.661559,30.999568,691.110127,142.780348,2.897472,94.93806,388.154897,11.361175,388.154898,11.361175,4086.175843,817.992424,52.912165,-0.032361,87.862376,18.338537,3130.417008,162.66944,7.702728,47.219244,29.90608,22.874676,29.110952,22.526024,162.174531,200.905823,29.120043,76.124398,5.728752,0.029404,0,0,0.002154,0.107595,0,0,0.164748,0.094591,0.537315,0.000166,0.002485,0,0,0.002319,0.059223
78897,101.25,32.673221,Alces alces,56003281,Cervidae,LC,0,0,0.083329,13.961325,41.459588,716.42487,16.940358,-16.760078,33.700436,738.430762,142.039551,3.124012,87.879725,384.874829,15.34828,384.87483,15.368068,3918.505728,809.374416,47.445442,-0.103168,72.807506,8.594987,3501.03067,142.342727,8.011445,55.351467,20.643728,24.004804,37.616247,16.778171,206.113043,155.766085,27.261816,68.281991,5.696115,0.001159,0,0,0,0.00646,0,0,0.10824,0.039834,0.844224,0,0,0,0,0,8.3e-05
79060,101.25,33.626352,Alces alces,56003281,Cervidae,LC,0,0,-1.791001,14.111618,39.511834,754.594657,16.141318,-19.572379,35.713697,721.199456,136.89793,3.33112,88.19701,385.178643,16.310476,385.178643,16.441727,4020.780126,720.294766,45.376884,-0.066737,67.137192,-14.932755,3431.848629,96.827471,8.612888,65.194542,17.961854,16.843604,41.003071,15.252431,207.286559,154.570625,26.613273,64.918749,5.551801,0,0,0,0,0,0,0,0,0,0.999503,8.3e-05,8.3e-05,0.000331,0,0,0
79142,101.25,34.101964,Alces alces,56003281,Cervidae,LC,0,0,-2.63419,14.012695,38.925768,795.366409,15.453511,-20.545136,35.998647,675.537603,134.018991,3.092527,89.661359,368.882829,15.203274,368.882828,15.371351,4031.474468,689.628591,42.477745,-0.064399,63.987083,-24.201411,3406.516033,94.617457,8.642432,67.083649,19.249559,13.666791,52.401123,12.059247,214.356787,148.165396,24.489977,56.651952,5.22721,0,0,0,0,0,0,0,0,0,0.999254,0,0.000166,0,0,0,0.00058
79469,101.25,35.998301,Alces alces,56003281,Cervidae,LC,0,0,3.52395,13.711361,35.964689,881.11313,22.12659,-15.992014,38.118605,441.779038,100.016128,1.001635,97.8983,260.895454,5.478063,260.895454,5.483164,2919.495621,870.412374,53.27092,-0.532781,37.394962,-6.942348,4290.963721,72.738661,9.336507,46.40874,51.21285,2.37841,76.734309,8.920039,217.642967,148.20148,21.300043,45.213775,4.867003,0,0,0,0,0,0,8.3e-05,0,0,0.941215,0,0.02873,0.005382,0,0,0.02459
79632,101.25,36.94295,Alces alces,56003281,Cervidae,LC,0,0,-0.864424,13.050175,36.487897,832.868255,16.698471,-19.123557,35.822028,479.147108,106.120612,1.155469,98.809261,286.572113,5.644971,286.572113,5.644971,3230.737999,727.262747,42.307639,-0.387877,43.471806,-41.886825,3886.781211,80.412402,8.903288,60.040298,28.896851,11.062851,107.060421,6.148762,207.148129,161.015889,18.054444,34.836022,4.401424,0.000249,0,0,0.000414,0.001988,0,0,0.000414,0.00174,0.795477,0.000166,0.185802,0.013419,0,0,0.000331
79877,101.25,38.355749,Alces alces,56003281,Cervidae,LC,0,0,0.933737,14.153535,34.656251,977.520812,21.016429,-19.850006,40.866435,363.942494,81.414586,1.798686,99.442017,222.025286,6.475345,222.025286,6.475345,2670.362933,799.206673,58.780146,-0.584637,29.811809,-46.088614,4583.721793,42.291164,9.573139,48.217844,47.848583,3.933574,131.504953,4.785544,196.199964,175.015453,15.112428,27.064469,4.109687,0.00232,0,0,0,0,0,0,0,0.001325,0.672272,0.009858,0.304532,0.009693,0,0,0
80367,101.25,41.16729,Alces alces,56003281,Cervidae,LC,0,0,9.124714,14.491941,28.601208,1320.948524,33.275875,-17.39754,50.673415,45.366123,12.896997,0.035166,89.365282,29.531782,0.46531,29.531782,0.46531,994.175632,1156.028914,96.538115,-0.96508,2.809623,-27.395389,7069.316361,1.731557,14.451384,9.888403,90.103997,0.0076,206.819553,2.530854,171.81553,200.341821,9.063813,14.008666,3.365677,0,0,0,0,0,0,0,0,0,0.004475,0,0,0,0,0,0.995525
80449,101.25,41.634169,Alces alces,56003281,Cervidae,LC,0,0,8.990483,14.456806,28.004879,1361.138081,33.601419,-18.023893,51.625312,37.351961,11.440409,0.047932,90.001014,25.304312,0.366965,25.304312,0.366965,948.783166,1149.920702,96.989231,-0.97,2.402177,-32.475421,7132.567801,1.787876,14.664409,7.631484,92.362552,0.005964,212.77161,2.270186,169.190225,202.616111,8.559341,13.030237,3.246853,0,0,0,0,0,0,0,0,0,8.3e-05,0,0,0,0,0,0.999917
80530,101.25,42.100583,Alces alces,56003281,Cervidae,LC,0,0,8.671196,14.389073,27.553221,1385.147466,33.452917,-18.767841,52.220758,36.685647,11.539542,0.037113,91.919318,25.179395,0.29039,25.179395,0.291863,929.882407,1130.566294,97.110555,-0.969971,2.265351,-37.572537,7099.535418,2.569713,14.511392,18.81165,80.693737,0.494613,218.917301,2.251262,169.79215,201.813426,8.414448,12.904273,3.199929,0,0,0,0,0,0,0,0,0,0.187624,0.005467,0,0.000828,0,0,0.796554
157614,101.540198,21.437516,Alces alces,56003281,Cervidae,LC,0,0,21.370983,9.123538,50.139615,328.04046,29.352533,11.156609,18.195924,1706.420798,340.337629,10.515567,83.806147,924.890362,70.830255,781.214588,75.070289,923.661155,1502.543703,62.908095,0.077487,260.054442,231.335533,2590.026069,71.573156,9.140857,29.371119,2.078209,68.550672,32.388548,47.836284,0.857217,365.147967,65.17141,157.969845,9.441252,0,0.855995,0,0,0,0,0,0.104753,0.020951,0.005631,0,0.006293,0.001408,0.004969,0,0
157615,101.542521,22.212091,Alces alces,56003281,Cervidae,LC,0,0,19.704422,8.527393,46.312767,361.614434,27.861503,9.44645,18.415053,1488.800295,284.621321,16.838216,76.611792,755.739834,70.747494,723.436696,71.366316,1129.296204,1415.077767,58.831609,0.12392,259.376218,207.579118,2637.541487,90.939629,8.637538,29.893641,1.520153,68.586205,30.944572,45.863198,1.40758,364.814013,59.367309,145.177506,8.970197,0,0.821926,0,8.3e-05,0.013673,0,0,0.152718,0.004723,0.006712,0,0.000166,0,0,0,0
157617,101.547477,23.755028,Alces alces,56003281,Cervidae,LC,0,0,18.264079,8.260895,41.555927,410.460356,27.232445,7.360016,19.872429,1168.288782,240.018458,15.500464,84.723176,655.807072,53.165714,642.408004,54.939153,1466.071141,1372.217278,59.733491,-0.162,173.655078,194.647734,2793.942171,115.762302,8.361166,45.723408,6.258456,48.018135,35.458505,41.035768,5.658908,361.5735,50.266644,124.132825,8.110602,0.007125,0.284093,0,0.003231,0.171417,0,0,0.238111,0.271748,0.00116,0,0.009859,0.001243,0.012013,0,0
157620,101.555717,26.052987,Alces alces,56003281,Cervidae,LC,0,0,16.279922,9.636489,42.911452,457.709035,26.537821,4.095435,22.442386,755.034323,157.28213,7.699599,87.809053,425.433792,27.41176,400.73498,27.611858,1881.975129,1316.199151,72.116603,-0.303261,126.474133,174.007393,2949.236339,91.614146,8.860003,54.789277,12.630632,32.580091,34.223359,32.806513,26.917631,340.936436,41.305105,105.039656,7.059842,0.106148,0.072589,0,0.000663,0.134156,0,0,0.216192,0.335598,0.084521,0,0.047564,0.002237,0.000331,0,0
157621,101.558688,26.814353,Alces alces,56003281,Cervidae,LC,0,0,16.075844,9.080924,41.434199,466.578196,26.09522,4.186039,21.90918,822.490827,177.525464,7.603491,89.639552,470.555603,27.761528,450.327083,27.761528,1822.105309,1317.040335,72.497059,-0.255394,132.816127,169.364058,3145.369686,155.311448,7.654111,54.021669,10.952525,35.025806,33.642659,29.900275,57.190434,310.906057,37.187093,95.888174,6.579623,0.056089,0.005882,0,0.004888,0.262883,0,0,0.35551,0.254432,0.019635,0.00464,0.02121,0.010853,0.003645,0,8.3e-05
157623,101.564983,28.329817,Alces alces,56003281,Cervidae,LC,0,0,7.072696,10.314283,39.020035,575.998042,20.104522,-6.365158,26.46968,858.671108,181.310684,3.780291,93.466934,488.53105,15.667529,488.53105,15.667529,3190.887787,1011.185374,62.84897,-0.027291,128.757998,88.820555,2808.031308,241.650166,7.188964,35.932029,16.091726,47.976245,30.494825,27.02466,84.136167,282.681288,33.67664,87.385429,6.082066,0.273051,0.000249,0,0.039102,0.142656,0.001574,0,0.360202,0.102146,0.075553,0,0.004639,0,0,0,0.000828
157626,101.575348,30.584035,Alces alces,56003281,Cervidae,LC,0,0,1.133549,11.905851,39.169396,672.394798,16.788284,-13.593421,30.381704,708.939544,147.104677,2.461507,94.799623,396.278569,10.496354,395.943041,10.496354,4035.283954,791.490016,51.978602,0.059272,100.029526,15.423358,2955.622181,168.507581,7.838513,49.044588,26.902065,24.053348,27.798737,23.35976,154.103637,209.637162,30.021812,78.114592,5.771293,0.043244,0,0,0.003231,0.157816,0,0,0.14655,0.064618,0.529119,0.000166,0.002485,0.000166,0,0.000746,0.05186
79059,101.77266,32.797689,Alces alces,56003281,Cervidae,LC,0,0,1.585192,13.496726,41.369262,678.030069,17.631538,-15.002073,32.633612,735.249594,136.04832,3.351482,86.237831,376.560812,15.93769,376.560812,15.937968,3718.666145,856.637506,46.780987,-0.133747,74.612138,20.944154,3579.172047,94.677723,8.66902,61.199258,19.917678,18.883063,32.608918,17.550019,187.967405,174.350518,28.835556,70.78619,5.793562,0,0,0,8.3e-05,0.002899,0,0,0.029814,0.030973,0.934161,0.000331,0.000745,0.000994,0,0,0
79141,101.776207,33.274423,Alces alces,56003281,Cervidae,LC,0,0,0.15509,13.576001,39.439245,718.807981,17.243439,-17.17441,34.41785,740.75378,135.98604,3.512891,86.675768,385.365181,16.538916,385.308399,16.538916,3790.405531,801.922211,46.82802,-0.113544,70.901317,6.99506,3537.123524,66.39734,9.353137,69.319205,18.368674,12.312121,37.948693,16.29804,202.315988,159.502131,27.848704,68.090905,5.685358,0,0,0,0,0,0,0,0,0,0.999254,0,0.000746,0,0,0,0
79223,101.779816,33.750518,Alces alces,56003281,Cervidae,LC,0,0,0.179032,13.829552,39.506049,731.411525,17.441373,-17.560976,35.002348,714.400007,136.024003,3.007246,88.019973,379.146948,15.238169,378.648722,15.238444,3705.360517,789.96285,45.950203,-0.148014,66.442931,2.105701,3574.104912,55.41431,10.000604,68.716469,18.373445,12.910086,42.642298,14.278007,202.405515,160.076795,26.971388,63.704527,5.492632,0,0,0,0,0,0,0,0,0,0.998675,0,0.001159,0.000166,0,0,0
79304,101.783488,34.225985,Alces alces,56003281,Cervidae,LC,0,0,-0.818115,14.110464,39.680345,750.799483,16.801182,-18.763173,35.564354,668.107245,132.302765,2.389552,89.756629,362.488187,13.262525,362.340755,13.264439,3785.017511,739.985974,43.697679,-0.119897,64.599871,-10.063131,3481.93165,64.807868,9.291188,70.946952,19.897214,9.155834,51.607478,11.839891,210.126574,153.003495,25.097512,57.347867,5.258628,0,0,0,0,0,0,0,0,0,0.998592,0,0.000994,0.000414,0,0,0
78896,101.785501,31.864129,Alces alces,56003281,Cervidae,LC,0,0,1.321678,11.89631,38.544668,701.185971,16.979916,-13.904378,30.884293,710.379292,141.041364,3.160041,88.008722,367.008919,14.035702,367.00723,14.035702,3844.97045,862.34952,48.845199,-0.071526,83.985392,26.108154,3383.977838,195.046364,7.563619,43.577161,23.11906,33.303779,31.92841,18.150515,181.184631,181.273667,29.101963,71.980866,5.788523,0.006783,0,0,0.006452,0.264952,0,0,0.216561,0.116552,0.38655,0,0.000248,0,0,0.000248,0.001654
79386,101.787225,34.700833,Alces alces,56003281,Cervidae,LC,0,0,-0.65297,14.252181,39.021226,772.176096,17.480198,-19.045394,36.525592,613.740619,125.792799,2.251025,91.195649,338.332626,11.329016,338.293574,11.330108,3689.973885,739.167645,42.29091,-0.166943,61.29292,-11.905143,3507.92223,36.624092,10.350441,74.983866,18.116482,6.899652,56.7585,10.506821,205.83412,158.673783,24.91212,54.589594,5.221829,0,0,0,0,0,0,0,0,0,0.997598,0,8.3e-05,0.002319,0,0,0
79794,101.806932,37.066168,Alces alces,56003281,Cervidae,LC,0,0,-0.168169,12.798667,35.865114,840.810648,17.073535,-18.641364,35.714899,480.313691,103.506964,1.259179,96.459915,280.921994,6.211924,280.884955,6.213242,3064.288212,739.244174,41.409308,-0.334948,48.278577,-37.902751,3943.161537,89.098829,8.830137,55.426488,30.357223,14.216289,110.220241,5.53264,195.321048,174.245441,18.081285,33.589895,4.413439,0.001574,0,8.3e-05,0,0.005469,0,0,0.014914,0.011434,0.527053,0.001574,0.422073,0.015826,0,0,0
79876,101.81109,37.537525,Alces alces,56003281,Cervidae,LC,0,0,-4.785386,12.241718,33.43963,908.713153,13.265603,-23.387449,36.653052,503.725149,108.810456,2.89343,95.808942,298.74511,10.813283,298.744583,10.879241,3638.063564,581.996377,33.563442,-0.11119,53.295519,-76.189086,3450.351505,122.851506,8.083347,49.02433,41.908748,9.066922,112.575807,5.313868,193.621014,176.178548,17.699257,32.49817,4.365603,0.000166,0,0,0,0,0,0,0.000994,0.002817,0.713978,0.000249,0.10382,0.002734,0,0.00406,0.171182
80039,101.819638,38.478611,Alces alces,56003281,Cervidae,LC,0,0,4.651844,14.078441,33.023183,1039.816276,25.302589,-17.354268,42.656857,253.338882,58.534468,1.129919,96.545432,152.265535,4.413289,152.090752,4.413289,2201.570804,901.975447,72.844454,-0.728452,20.868299,-31.569405,5153.209187,44.135508,10.103581,39.988826,59.046663,0.96451,132.55342,4.603261,191.684856,179.536327,15.145477,26.757944,4.131874,0,0,0,0,0,0,0,0,0,0.800364,0,0.048376,0.003976,0,0,0.147283
80121,101.824032,38.948359,Alces alces,56003281,Cervidae,LC,0,0,6.913427,14.730813,33.736756,1059.593374,27.500859,-16.155307,43.656166,145.125269,34.676944,1.43772,89.212353,86.309087,5.269461,84.451388,5.276419,1546.911474,1062.929537,87.625279,-0.876332,10.199708,-16.367703,6104.90743,14.049926,11.749765,31.423078,68.549794,0.027128,171.559121,3.323778,180.655809,191.622419,12.232098,19.881301,3.791398,0,0,0,0,0,0,0.007041,0,0,0.123095,0,0,0.000663,0,0,0.869201
80284,101.83307,39.886313,Alces alces,56003281,Cervidae,LC,0,0,8.692564,14.594006,30.48011,1228.995681,31.883827,-15.99619,47.880017,82.928621,20.829278,0.153582,95.327278,52.684506,0.944316,52.395463,0.944316,1284.731637,1114.254847,93.202138,-0.931564,5.570259,-23.165916,6635.097557,41.650318,10.501831,16.716192,83.280991,0.002817,191.387046,2.686444,169.769546,202.630826,10.483493,16.033803,3.67731,0,0,0,0,0,0,0,0,0,0.000249,0,0,0,0,0,0.999751
80366,101.837719,40.354538,Alces alces,56003281,Cervidae,LC,0,0,8.905532,14.323019,29.570917,1252.361953,32.287657,-16.149801,48.437458,65.071192,17.298896,0,96.948131,42.669162,0,42.666113,0,1211.821373,1124.833662,94.485075,-0.944514,4.47405,-26.947031,6800.230093,19.655406,12.437039,12.61274,87.38726,0,194.271545,2.633217,169.554452,202.81491,10.297976,15.694423,3.638317,0,0,0,0,0,0,0,0,0,0,0,0,0,0,0,1
157698,101.842706,23.367825,Alces alces,56003281,Cervidae,LC,0,0,17.658234,8.002538,41.536394,398.946817,26.332281,7.062342,19.269939,1212.03126,250.119864,15.385345,85.177793,683.980047,54.08416,681.121924,54.105145,1548.25844,1336.116083,58.815699,0.003065,210.939563,186.26488,2703.11505,112.207014,8.273758,46.932564,5.623788,47.443648,32.809596,41.22398,4.943072,361.963778,52.621195,128.797652,8.272679,0.00058,0.231814,0,0.001408,0.174979,0,0,0.152775,0.424275,0.003148,0,0.006131,0.002237,0.002651,0,0
80529,101.847288,41.289532,Alces alces,56003281,Cervidae,LC,0,0,9.097559,13.970982,27.926532,1320.26734,33.069081,-16.963584,50.032665,41.62129,12.481425,0.002483,92.480649,28.058216,0.050193,28.058216,0.050193,1033.759144,1150.91357,96.426337,-0.964117,2.865365,-30.946748,7112.568062,10.427944,13.240231,8.18521,91.814624,0.000166,205.08259,2.328398,168.134333,203.690854,9.035739,13.627193,3.358311,0,0,0,0,0,0,0,0,0,8.3e-05,0,0,0,0,0,0.999917
157699,101.847899,24.136263,Alces alces,56003281,Cervidae,LC,0,0,18.148949,8.433052,41.644257,426.833241,27.2299,6.984483,20.245417,1024.830334,206.96803,14.420946,84.093026,572.923993,48.454669,551.180824,50.564316,1499.150338,1379.231578,59.816837,-0.278067,149.929584,194.399016,2903.151806,123.021307,8.213786,54.924573,9.494241,35.581186,34.367032,36.234805,13.490854,354.087215,45.762824,112.027843,7.470083,0.016565,0.111562,0,0.001739,0.230661,0,0,0.235547,0.363426,0.01143,0,0.024764,0.004141,0.000166,0,0
80611,101.852213,41.75632,Alces alces,56003281,Cervidae,LC,0,0,8.997634,14.49339,27.793995,1382.836585,33.888649,-18.257735,52.146385,36.535155,11.529818,0,93.147567,25.265096,0.146628,25.265096,0.146628,933.03793,1154.057166,96.797748,-0.96958,2.549924,-33.015709,7192.669688,5.069031,13.761989,8.219831,91.643382,0.136786,210.95195,2.274488,168.927395,202.528887,8.632634,13.137709,3.271628,0,0,0,0,0,0,0,0,0,0,0.000911,0,0,0,0,0.999006
157700,101.853308,24.902421,Alces alces,56003281,Cervidae,LC,0,0,16.563034,8.988727,41.300663,451.196382,26.380913,4.612744,21.768169,841.967863,169.499767,10.920967,84.477199,467.719386,37.635616,466.077272,37.850364,1791.872815,1310.324463,66.046476,-0.306906,135.308457,179.918081,2794.176933,75.435308,9.0441,54.233486,12.663295,33.103219,35.310254,29.253032,15.926245,351.260923,40.21369,97.661723,6.780364,0.029495,0.196189,0,0.000663,0.059735,0,0,0.319056,0.366114,0.003645,0,0.019553,0.004805,0.000746,0,0
80693,101.857236,42.222647,Alces alces,56003281,Cervidae,LC,0,0,8.339565,13.913468,27.05015,1380.211378,32.829628,-18.588609,51.418237,42.345404,14.019692,0,104.295366,31.207669,0.00196,31.207669,0.00196,1046.773493,1101.081067,95.986664,-0.959869,3.101134,-41.01614,6969.620056,8.398882,12.901748,11.8573,88.077739,0.064962,213.534933,2.292555,168.719358,201.912661,8.707114,13.406402,3.248345,0,0,0,0,0,0,0,0,0,0,0,0,0,0,0,1
157701,101.858939,25.666238,Alces alces,56003281,Cervidae,LC,0,0,17.169586,9.7003,43.613185,450.272522,27.225324,4.987593,22.237731,745.625222,157.191895,7.179543,89.960357,426.394285,24.990295,392.828631,25.727767,1772.936444,1341.115652,67.68015,-0.351108,120.233088,180.951552,2928.878781,80.286003,9.013212,61.316372,14.876952,23.806675,34.389097,29.993765,21.374582,345.813091,39.69908,97.129265,6.741655,0.045741,0.044166,0,0.004889,0.037869,0,0.000249,0.165479,0.587338,0.062562,0,0.032897,0.007458,0.011021,0,0.000331
157702,101.864795,26.427655,Alces alces,56003281,Cervidae,LC,0,0,17.466484,9.556668,43.304946,461.747962,27.460431,5.399847,22.060584,804.378205,176.465953,6.338156,93.865214,474.324287,22.771133,428.480326,23.307206,1666.853349,1355.717798,72.93544,-0.299416,126.45676,178.764897,3166.340734,104.592304,8.439817,60.307567,15.417666,24.274767,32.079902,27.612425,51.074456,316.875199,36.926381,93.241017,6.426129,0.057249,0.01715,0,0.001243,0.095112,0,0,0.124606,0.512676,0.072162,8.3e-05,0.09536,0.020464,0.003811,0,8.3e-05
157703,101.870882,27.186614,Alces alces,56003281,Cervidae,LC,0,0,13.193416,8.755451,39.053384,493.247917,23.872536,1.395008,22.477528,900.7137,198.234422,7.530685,93.065339,523.889712,26.059469,523.889712,26.229864,2196.976087,1215.02463,69.692889,-0.140492,143.157014,143.08129,3047.567677,175.338791,7.423141,45.981037,10.461121,43.557842,31.781985,24.964958,58.340524,309.674936,33.657468,84.841739,6.05115,0.120825,0.0029,8.3e-05,0.018314,0.348222,8.3e-05,0,0.356178,0.124306,0.012596,8.3e-05,0.01558,0.000166,0.000663,0,0
157704,101.877204,27.943058,Alces alces,56003281,Cervidae,LC,0,0,10.483994,9.68812,38.744742,548.905348,22.669104,-2.409071,25.078175,904.384966,197.751527,5.160867,94.691731,524.209689,19.009674,524.20969,19.297826,2575.47472,1120.730133,65.57443,-0.080177,140.429954,118.609934,2995.236761,204.100927,7.50091,41.584742,12.183731,46.231528,31.025787,25.258615,64.666397,303.15463,33.593886,85.128019,6.054262,0.186698,0.001408,0.000248,0.04216,0.244678,0,0,0.285016,0.153317,0.021204,0.00058,0.059306,0.001574,0.00381,0,0
157705,101.883769,28.69693,Alces alces,56003281,Cervidae,LC,0,0,6.667869,10.313513,38.939932,582.697052,19.757432,-6.753769,26.511201,894.895073,185.808165,3.965769,94.371323,508.294151,15.826684,508.294151,15.826684,3170.129622,968.9972,60.111235,0.049857,135.22076,77.225624,2826.52561,249.739971,7.138852,38.837127,17.689688,43.473184,29.111173,24.459325,98.575727,267.329732,30.891475,78.063905,5.754101,0.215439,0.001077,0,0.060134,0.149342,0,0,0.300505,0.137663,0.103288,0.001242,0.013087,0.003479,0,0,0.012756
157706,101.890581,29.448177,Alces alces,56003281,Cervidae,LC,0,0,0.597229,11.084015,38.645296,662.516799,15.368754,-13.341796,28.71055,837.960043,169.825122,5.129103,91.690799,464.90892,19.119125,460.604083,19.127178,3967.933559,745.434757,50.972919,0.261573,133.515843,16.82258,2596.575424,254.177356,7.092378,39.630841,37.462734,22.906425,25.480759,24.304483,128.339585,235.927333,31.398557,80.479715,5.805916,0.082519,8.3e-05,0.000166,0.095692,0.06628,0,0,0.10464,0.034631,0.405882,0.001574,0,0,0,0.03546,0.172245
157707,101.897647,30.196746,Alces alces,56003281,Cervidae,LC,0,0,2.356514,11.506201,38.787992,670.10214,17.653519,-12.001679,29.655199,757.523217,155.416198,3.409405,92.771744,417.049716,13.423804,417.042849,13.423804,3786.401336,774.867923,51.395151,0.158355,116.724998,15.568557,2847.352105,204.108619,7.483301,44.180162,32.734843,23.084994,24.180148,24.701876,134.885775,229.616128,32.194993,82.794714,5.904873,0.078681,0,0,0.046712,0.110568,0,0,0.104356,0.043316,0.532218,0.000166,8.3e-05,0.001077,0,0.00058,0.082243
157708,101.904974,30.942584,Alces alces,56003281,Cervidae,LC,0,0,4.332943,11.399914,39.054966,654.408697,19.063513,-10.140375,29.203888,683.072242,142.635424,2.537817,90.995118,362.887725,10.692354,362.53568,10.692354,3489.599739,894.601026,49.827322,-0.091539,92.762661,36.879801,3281.221112,259.295059,7.035434,36.173418,20.839173,42.987409,26.921186,23.019346,153.781297,209.572913,30.286809,78.242482,5.782,0.024017,0,0,0.026584,0.460538,8.3e-05,0,0.204472,0.048116,0.208116,0,0.004141,0.000248,0,0.000828,0.022857
78977,102.082459,31.484107,Alces alces,56003281,Cervidae,LC,0,0,3.294037,11.731192,39.062403,673.006608,18.513412,-11.560214,30.073626,695.887079,140.049066,3.212105,87.299061,354.425077,13.441637,353.781223,13.441637,3597.69433,898.210154,49.278282,-0.075119,91.08968,36.251144,3359.892358,190.34369,7.582309,39.412419,21.553344,39.034237,30.199884,19.120562,167.519412,195.45957,29.308938,73.064201,5.758564,0.01532,0,0,0.008032,0.416777,0,0,0.18102,0.058049,0.294882,0.000662,0.004969,0.000497,0,0.000911,0.01888
157780,102.143409,23.748968,Alces alces,56003281,Cervidae,LC,0,0,18.527985,8.224489,41.835307,416.438614,27.2893,7.645116,19.644184,1103.722859,226.35585,13.47099,85.705888,626.505536,48.129276,605.091883,48.236756,1369.546832,1399.161692,55.838787,-0.239939,162.804039,197.639208,2945.440556,136.658528,7.996133,54.628327,7.622232,37.74944,31.843258,36.872439,12.202552,355.08056,48.474675,117.737665,7.689352,0.002651,0.144988,0,0.0029,0.182022,0,0,0.146976,0.458741,0.01889,0,0.018973,0.01831,0.005551,0,0
157782,102.159723,25.279209,Alces alces,56003281,Cervidae,LC,0,0,14.874356,8.885228,39.815312,461.35485,25.112682,2.807704,22.304978,839.261805,170.861103,11.015078,84.814842,466.681764,36.999648,466.681764,37.023061,2027.020845,1226.298696,69.107138,-0.229965,140.509948,160.258557,2676.780911,67.759803,9.245695,52.281285,11.867866,35.850849,36.049323,26.661658,15.474741,351.657936,38.84044,93.337941,6.56548,0.057304,0.234101,0,8.3e-05,0.057966,0,0,0.210417,0.361047,0.001987,0.000331,0.04687,0.011676,0.018218,0,0
157785,102.186731,27.556028,Alces alces,56003281,Cervidae,LC,0,0,12.480032,9.012285,38.891326,518.802045,23.704463,0.459969,23.244494,924.299918,205.878672,6.082392,95.816955,543.547787,21.446041,543.547787,22.105293,2226.047239,1178.095056,67.541034,-0.105255,145.53571,132.536833,3108.804801,162.949145,7.716077,48.980519,12.0736,38.945881,32.707276,22.434663,57.111253,311.469138,30.954769,77.296944,5.771408,0.153636,0.006791,0,0.017558,0.192977,0,0,0.217409,0.253686,0.025841,0,0.115703,0.003064,0.013334,0,0
79303,102.304265,33.399682,Alces alces,56003281,Cervidae,LC,0,0,2.000418,12.923128,37.512514,738.622453,18.91468,-15.531462,34.446142,700.203727,128.316791,2.979868,85.760966,362.094188,14.918302,357.398789,14.918302,3508.688081,853.882573,39.302813,-0.191112,68.43902,18.837767,3665.074797,22.726021,11.229368,62.318076,19.576938,18.104985,37.401689,15.854607,180.767173,182.020869,28.871287,68.283487,5.69602,0,0,0,0,0,0,0,0,0,0.991314,8.3e-05,0.008024,0.000579,0,0,0
79140,102.307905,32.465107,Alces alces,56003281,Cervidae,LC,0,0,1.154351,12.9828,38.525672,736.451642,17.993269,-15.719677,33.712946,724.584824,132.475924,3.819588,83.741208,358.604157,16.924174,358.604156,16.924174,3757.133936,857.425317,48.051763,-0.079366,82.336911,25.416886,3454.568871,57.880718,9.6923,62.063324,15.815369,22.121306,25.765606,20.508157,194.071767,168.063127,30.805282,76.456761,6.166204,0,0,0,0,0.001905,0,0,0.006213,0.212824,0.778892,0,0,0.000166,0,0,0
79467,102.318892,34.351008,Alces alces,56003281,Cervidae,LC,0,0,0.377052,13.562561,39.212181,733.092059,17.601089,-16.978865,34.579955,650.640205,127.439227,2.084256,89.073673,350.90106,11.83829,347.56173,11.83829,3593.069373,763.430728,40.180729,-0.159992,63.811665,-4.393024,3539.256553,60.88265,9.536267,70.309317,19.163481,10.527202,54.497409,10.877245,201.548592,162.814639,25.741667,56.611327,5.296607,0,0,0,0,0,0,0,0,0,0.996355,0.001077,0.000414,0.00116,0,0,0
79548,102.326399,34.825746,Alces alces,56003281,Cervidae,LC,0,0,0.002251,13.234777,38.57433,742.708662,17.157097,-17.152271,34.309368,618.919844,124.428024,1.578204,90.690898,338.98074,9.974756,337.428874,9.974756,3575.344283,738.085688,39.324191,-0.168541,61.441883,-12.702296,3516.627792,60.393855,9.351853,70.306655,20.325934,9.367411,52.173527,9.847176,204.843508,162.044436,25.45733,55.012632,5.267319,0,0,0,0,0,0,0,0,0,0.998923,0,0.000166,0.000912,0,0,0
79630,102.334039,35.29988,Alces alces,56003281,Cervidae,LC,0,0,0.294007,13.36265,38.115575,771.969056,17.908468,-17.154031,35.062499,571.089562,118.168008,1.053567,92.50675,318.969766,7.655435,317.693424,7.655435,3455.221793,734.157776,39.323008,-0.215413,57.595681,-18.560881,3584.22484,71.268993,9.17819,68.291582,23.20848,8.499938,55.623969,9.703434,203.877687,162.481357,25.0981,53.946404,5.216058,0,0,0,0,0,0,0,0.001076,8.3e-05,0.99793,0,0.000414,0.000497,0,0,0
80120,102.382858,38.132599,Alces alces,56003281,Cervidae,LC,0,0,6.663283,13.972122,33.007347,1042.781233,26.770741,-15.565164,42.335905,197.754115,45.59252,1.017715,88.772326,113.264073,4.452854,112.168423,4.452854,1752.173539,1012.66929,80.409157,-0.804019,16.15766,-7.397976,5587.915379,21.953159,11.2872,45.242897,53.669821,1.087282,119.344186,4.95275,188.155978,181.908436,17.225099,30.996729,4.339792,0,0,0,0,0,0,0,0,0,0.37472,0,0.389547,0.022778,0,0,0.212955
80283,102.400355,39.072478,Alces alces,56003281,Cervidae,LC,0,0,7.153928,13.821117,31.942401,1071.897204,27.598132,-15.641316,43.239448,122.469841,30.026859,1.092255,87.369108,72.312455,4.970687,70.771755,5.054468,1511.726792,1062.062201,89.264838,-0.892155,8.704592,-23.994079,6232.779724,11.658028,12.417404,29.129396,70.86261,0.007994,175.164371,3.0952,173.807751,198.186995,11.972044,19.012272,3.800677,0,0,0,0,0,0,0,0,0,0.000331,0,0,0.002568,0,0,0.9971
80365,102.409352,39.541644,Alces alces,56003281,Cervidae,LC,0,0,8.347844,14.24944,30.667999,1186.953391,30.721499,-15.757058,46.478557,95.333825,24.067875,0.790241,90.70224,58.461781,2.80627,57.425393,2.806781,1369.786402,1092.757869,91.921019,-0.919336,6.557487,-26.296868,6509.673932,24.652654,11.428332,24.719823,75.278396,0.001782,189.767273,2.714227,169.420879,202.81445,10.755288,16.461338,3.731898,0,0,0,0,0,0,0,0,0,8.3e-05,0,0,0.000166,0,0,0.999752
80447,102.418519,40.010308,Alces alces,56003281,Cervidae,LC,0,0,8.587205,13.938538,29.562558,1227.957643,31.49221,-15.657375,47.149585,80.040001,20.322196,0.129131,94.971486,50.81637,0.745921,50.554431,0.745921,1347.457385,1093.000875,93.064945,-0.930686,5.547634,-31.552263,6622.475136,51.883462,9.89148,23.038676,76.957148,0.004175,216.387598,2.031769,160.765142,211.907534,8.595419,11.917367,3.670393,0,0,0,0,0,0,0,0,0,0.000331,0,0,0,0,0,0.999669
80528,102.427862,40.478479,Alces alces,56003281,Cervidae,LC,0,0,8.663602,14.284235,29.258914,1264.673646,32.128328,-16.690188,48.818516,63.878045,17.411463,0,98.386909,42.403621,0.01364,42.403115,0.01364,1278.414865,1107.087987,94.22387,-0.942637,4.594627,-33.942925,6791.211749,14.383781,11.809975,12.057322,87.942678,0,197.698937,2.538091,168.027464,204.195315,10.13835,15.259557,3.656591,0,0,0,0,0,0,0,0,0,0,0,0,0,0,0,1
157860,102.4367,23.361388,Alces alces,56003281,Cervidae,LC,0,0,17.756851,8.106058,41.413997,416.181381,26.598864,7.031974,19.56689,1181.594336,246.482397,12.636366,87.208917,681.066838,48.747466,669.394885,48.747466,1451.132343,1350.603787,56.76502,-0.090187,194.985819,188.097065,2797.765373,139.315269,8.075593,55.617016,10.707978,33.675006,29.197675,38.295614,4.770417,362.010511,52.390884,126.324832,8.018795,0.00058,0.086625,0,0.007619,0.109151,0,0,0.050435,0.591222,0.101615,0,0.046874,0.001573,0.004306,0,0
80692,102.447095,41.413382,Alces alces,56003281,Cervidae,LC,0,0,9.117824,14.233091,27.711067,1363.757823,33.752688,-17.615703,51.368391,43.099344,12.651119,0.000497,90.660573,28.379034,0.257412,28.379034,0.257412,985.291865,1162.126341,96.396237,-0.965081,2.889145,-31.553056,7215.492121,8.14723,12.910037,5.83636,94.158111,0.005529,205.218231,2.33335,166.136334,204.664541,9.338917,13.95262,3.401426,0,0,0,0,0,0,0,0,0,0.005882,0,0,0,0,0,0.994118
80773,102.456995,41.880132,Alces alces,56003281,Cervidae,LC,0,0,8.332247,13.99277,27.496767,1357.03813,32.83774,-18.040775,50.878515,45.767758,14.557653,0,101.650343,32.579889,0,32.579889,0,1088.38132,1112.958722,95.681472,-0.956495,3.357743,-39.75318,7018.023938,9.248949,12.30644,6.759351,93.220292,0.020358,208.071992,2.312224,168.183624,202.4159,8.904842,13.624472,3.304421,0,0,0,0,0,0,0,0,0,0,0,0,0,0,0,1
157862,102.458129,24.891909,Alces alces,56003281,Cervidae,LC,0,0,14.977861,8.786287,39.535221,460.340096,25.200044,3.018893,22.181152,901.377417,180.275464,12.398934,83.382866,498.286708,41.398889,498.286708,41.398889,2004.503487,1200.475913,66.564195,-0.176785,153.151702,156.258251,2629.539358,54.662642,9.743233,49.740234,20.598693,29.661073,39.862941,20.58257,8.340714,358.943049,36.449138,84.769303,6.173515,0.016482,0.148418,0,0.000994,0.084479,0,0,0.142372,0.321683,0.06104,0.015819,0.010601,0.110154,0.000414,0,0.00058
157867,102.51964,28.673271,Alces alces,56003281,Cervidae,LC,0,0,8.869819,9.847655,37.049623,595.738255,21.811839,-4.77823,26.59007,943.109014,190.699908,6.865394,91.244966,529.1036,23.69649,528.943504,23.69649,2685.493156,953.910228,57.276934,0.137528,155.831549,74.275864,2901.407914,169.375573,7.558468,46.733051,13.650744,39.616204,28.022881,23.383937,81.355252,285.121444,31.86903,78.812086,5.822574,0.062112,0.000497,0,0.160828,0.147164,0,0,0.274037,0.251346,0.032961,0.000248,0.050435,0.00646,0.013416,0,0.000497
157868,102.533386,29.421356,Alces alces,56003281,Cervidae,LC,0,0,12.115112,10.074251,36.847352,618.951407,25.12938,-2.212547,27.341928,1010.685434,207.363434,9.941376,89.214378,565.745977,33.813632,565.729003,33.813632,1968.913288,1006.737724,51.759839,0.01923,140.592512,84.025715,3402.850401,195.985491,7.360546,35.951495,14.188199,49.860306,23.312395,23.832163,112.481382,252.352388,32.701182,82.015699,5.892595,0.089275,0.005052,0.000663,0.218219,0.32588,0,0,0.226087,0.036605,0.02501,0.003892,0.034534,0.018468,0.012671,0,0.000414
157869,102.54764,30.166578,Alces alces,56003281,Cervidae,LC,0,0,8.77142,10.800362,37.280312,664.989788,23.124668,-5.854316,28.978984,912.197561,183.160161,9.799998,85.607368,486.02901,32.287636,485.256294,32.287636,2520.697111,884.639311,47.104038,0.133124,136.828555,46.848767,3264.062966,224.637757,7.2193,29.387013,18.217195,52.395792,18.704554,27.243914,125.832094,241.411439,35.583834,91.220053,6.19604,0.058248,0.000331,8.3e-05,0.162482,0.541387,0.000166,0,0.117574,0.009611,0.088077,0.000331,0,0.002237,0,0,0.019471
157941,102.727825,22.97353,Alces alces,56003281,Cervidae,LC,0,0,17.57864,7.702982,41.273657,405.076459,26.153101,7.477414,18.675687,1276.300336,271.608482,11.873482,89.214653,750.548267,52.354026,750.548266,52.700844,1391.86899,1323.664974,53.799424,0.009398,223.96277,184.867013,2685.710945,167.192797,7.597902,41.794852,6.862427,51.342722,27.079791,40.931901,1.494756,364.719646,53.693276,129.468441,8.136469,0.007121,0.222489,0,0.00472,0.145732,0,0,0.159725,0.445806,0.004968,0,0.002815,0.001159,0.005465,0,0
157951,102.729102,30.707075,Alces alces,56003281,Cervidae,LC,0,0,5.000221,10.905434,37.874659,662.872575,19.753454,-9.04978,28.803234,790.279839,153.637836,6.582699,83.037679,395.74496,23.074341,394.444885,23.074341,3193.53548,811.337172,47.481204,0.174083,128.310282,24.363183,3032.920307,221.520653,7.244803,40.791323,21.318782,37.889894,23.300359,22.833848,119.377086,244.172812,32.697316,81.450804,5.904704,0.002568,0,0.000331,0.041328,0.511844,0,0,0.13351,0.026255,0.262796,8.3e-05,0.000911,0,0,8.3e-05,0.020292
157942,102.740749,23.740185,Alces alces,56003281,Cervidae,LC,0,0,16.912617,8.424378,42.227658,422.362315,25.943566,5.997632,19.945934,1016.283477,208.70493,10.2964,87.409221,586.839503,40.92553,579.571141,40.92553,1598.480753,1337.000135,54.338097,-0.221201,163.890635,182.705436,2894.01542,55.420928,9.674469,59.681853,14.836282,25.481865,28.708368,33.728699,7.076419,359.240542,48.436286,115.447771,7.471181,0.004638,0.047793,0,0,0.071979,0,0,0.04597,0.51727,0.162843,0.00497,0.11008,0.024683,0.002982,0,0.000166
157943,102.754212,24.504345,Alces alces,56003281,Cervidae,LC,0,0,15.100718,8.419941,39.322277,455.796823,24.974709,3.584829,21.38988,925.797655,181.12433,12.825911,82.753472,510.287718,43.66078,510.287718,43.669812,1944.034204,1230.802821,59.799616,-0.184562,155.720001,159.761109,2751.779664,56.437507,9.575926,55.857759,19.68519,24.45705,32.617822,26.470154,13.784281,352.973901,39.851183,95.067177,6.588761,0.013417,0.032963,0,0,0.089945,0,0,0.114295,0.447905,0.048203,0.017724,0.050687,0.08332,0.008945,0,0.003064
157947,102.813683,27.534726,Alces alces,56003281,Cervidae,LC,0,0,10.685081,8.941624,36.266143,562.811734,22.641976,-2.035826,24.677802,914.521947,191.387258,7.161544,92.273126,522.00583,23.639414,522.00583,23.639414,2406.915309,1068.454334,61.686621,-0.02759,143.62475,100.08595,3014.881601,181.216378,7.537572,57.788118,14.553747,27.658135,31.813227,20.411646,54.452935,313.114586,29.677068,72.200398,5.587686,0.021289,0.000331,0,0.066518,0.070245,0,0,0.091865,0.483019,0.111001,8.3e-05,0.125249,0.002237,0.028164,0,0
157948,102.830018,28.28544,Alces alces,56003281,Cervidae,LC,0,0,9.530262,9.66643,36.730989,604.675327,22.221274,-4.113038,26.334312,922.416379,184.17489,7.617865,90.13133,515.503759,25.294703,515.503758,25.294703,2517.088243,976.686604,59.642778,0.11753,156.06289,78.859012,2931.956256,113.725511,8.166444,55.833727,13.879722,30.286552,28.549029,22.099118,61.893197,304.134929,31.904799,77.887341,5.782793,0.005219,0,0,0.027421,0.016486,0,0,0.064038,0.745506,0.038108,0,0.044984,0.0029,0.055339,0,0
79547,102.845096,34.001513,Alces alces,56003281,Cervidae,LC,0,0,1.23405,12.804939,38.222231,734.993656,17.566315,-15.915662,33.481977,663.035455,124.562313,2.104887,86.636023,351.41783,12.286123,341.541594,12.286123,3485.861522,785.147037,38.71658,-0.162393,65.519589,1.724434,3568.720231,71.417795,9.66267,55.821547,21.989948,22.188504,45.911256,12.871821,181.495042,182.283266,28.919121,64.541908,5.601671,0.000911,0,0,0.000166,0.04001,0,0,0.103214,0.029738,0.819914,0.002982,8.3e-05,0.001491,0,0,0
157949,102.846966,29.033281,Alces alces,56003281,Cervidae,LC,0,0,11.35398,9.915645,36.917211,601.55562,24.290504,-2.577194,26.867698,998.621581,199.392656,10.216219,87.840663,554.235855,33.877972,554.235854,33.877972,2096.50239,968.746153,50.726405,0.120984,156.17883,76.294747,3204.607522,193.86684,7.418023,39.814117,11.526956,48.658928,25.066376,22.177276,88.045785,276.101749,32.247409,78.707364,5.748266,0.049942,0.000166,8.3e-05,0.327066,0.255922,0,0,0.19074,0.094086,0.015571,0,0.048037,0.004804,0.013583,0,0
79302,102.847615,32.607438,Alces alces,56003281,Cervidae,LC,0,0,-0.898186,12.932063,38.211846,771.067087,16.136916,-17.687472,33.824387,749.428361,130.070829,4.414614,81.132238,363.662649,19.917111,363.57714,19.917111,3929.019456,781.27126,48.790863,0.044215,87.553733,10.055089,3271.313342,105.906792,8.561583,60.057425,19.953654,19.988921,28.015128,19.118814,176.810961,183.989357,31.594685,76.602709,6.070434,0,0,0,0.000248,0.014081,0,0,0.051686,0.191999,0.737596,0,0.000331,0.000331,0,0.000166,0.003562
157950,102.864541,29.778189,Alces alces,56003281,Cervidae,LC,0,0,14.399538,10.593883,37.206743,642.376406,27.851993,-0.584344,28.436338,1233.351784,275.428322,15.931887,89.364489,701.632684,52.124474,696.472868,52.124474,1368.891934,1027.626219,40.317379,0.143568,162.582158,90.10035,3784.883374,132.712009,7.937014,27.605691,11.579245,60.815064,21.320651,24.664101,114.888837,250.484368,33.741441,84.917154,5.979689,0.011768,0.002486,8.3e-05,0.103008,0.695533,0,0,0.132593,0.026353,0.006464,0.000912,0.002238,0.015165,0.003398,0,0
79711,102.867522,34.951426,Alces alces,56003281,Cervidae,LC,0,0,1.490084,12.776941,37.641934,764.877145,18.28249,-15.659499,33.941989,589.780017,116.190323,1.059755,89.553164,322.239656,8.032501,314.865249,8.032501,3255.095664,779.324352,37.540094,-0.238178,59.132241,-6.412683,3679.803251,68.110258,9.418556,61.809047,22.291191,15.899762,52.957782,9.777386,195.726816,170.932783,26.32147,56.301242,5.328036,0,0,0,0,0.005214,0,0,0.005627,0.009599,0.974429,8.3e-05,0.000745,0.004303,0,0,0
80527,102.992528,39.666767,Alces alces,56003281,Cervidae,LC,0,0,7.722872,13.305521,29.702493,1154.800517,29.125086,-15.644056,44.769142,99.037033,25.204683,0.808315,90.944114,60.653859,3.149154,59.793433,3.197672,1476.848175,1056.595962,91.168612,-0.912308,6.943457,-36.106369,6401.461059,18.634223,11.905686,26.654,73.275218,0.070782,188.703758,2.700555,166.409447,205.182654,11.514742,17.350957,3.856011,0,0,0,0,0,0,0,0,0,0.000497,0,0,0,0,0,0.999503
158022,103.016837,22.5854,Alces alces,56003281,Cervidae,LC,0,0,18.716033,7.817337,42.320857,397.1948,27.161566,8.682263,18.479303,1465.979877,320.273467,8.980788,92.09414,874.81215,53.078874,874.812149,56.507439,1180.11365,1306.477589,54.05924,0.114941,262.163754,186.194393,2581.466823,157.053146,7.692511,34.642418,4.822224,60.535359,26.348706,41.650218,1.326674,364.770866,54.503426,131.215784,8.194116,0.005469,0.423552,0,0.000912,0.099196,0,0,0.320378,0.143118,0.002569,0,0.000829,8.3e-05,0.003895,0,0
80691,103.020427,40.603563,Alces alces,56003281,Cervidae,LC,0,0,7.624335,14.399767,29.692928,1248.705229,30.733569,-17.774421,48.507989,72.422871,19.115347,0.190115,96.362676,47.071255,0.84864,47.071255,0.84864,1368.825181,1072.09902,93.309007,-0.933458,5.184212,-42.523923,6672.094784,6.927505,12.422575,16.493332,83.506668,0,193.693551,2.400678,161.964278,209.251626,11.099944,16.102249,3.777969,0,0,0,0,0,0,0,0,0,0,0,0,0,0,0,1
158023,103.032112,23.352237,Alces alces,56003281,Cervidae,LC,0,0,16.801091,8.029069,40.659418,428.124086,25.875355,6.122842,19.752513,1200.311833,250.262633,11.055229,87.513472,692.342876,48.761075,686.840709,48.847369,1564.272266,1294.733031,54.280177,-0.093471,190.954558,174.835486,2767.306102,110.098214,8.516838,54.72713,13.318567,31.954303,27.961128,36.515603,4.877737,361.863214,50.502417,120.455229,7.679953,0.001408,0.041584,0,0.011266,0.097664,8.3e-05,0,0.041004,0.583168,0.127402,0.002651,0.063121,0.023691,0.00381,0,0.000663
80772,103.034782,41.071242,Alces alces,56003281,Cervidae,LC,0,0,8.05092,13.964981,29.075889,1255.45493,31.109868,-16.942005,48.051874,63.427659,18.009481,0.002986,101.152927,43.343053,0.028618,43.343053,0.028618,1321.5938,1078.032609,93.905493,-0.939352,4.683074,-44.800538,6783.535779,8.891142,11.953778,14.79638,85.203123,0.000497,194.438591,2.412633,162.723519,208.182806,11.098088,16.175005,3.733191,0,0,0,0,0,0,0,0,0,0,0,0,0,0,0,1
80854,103.049418,41.538454,Alces alces,56003281,Cervidae,LC,0,0,8.966468,14.105636,27.296623,1381.358323,33.57868,-18.101363,51.680042,50.631247,14.580873,0.118142,96.04121,34.002485,0.507368,34.002485,0.507368,965.49752,1149.157778,95.799362,-0.958383,3.334365,-35.880302,7186.172719,6.695219,12.699977,5.875274,94.113233,0.011493,195.444222,2.355213,165.982405,204.573289,10.272216,15.083805,3.553759,0,0,0,0,0,0,0,0,0,0,0,0,0,0,0,1
158026,103.081841,25.637184,Alces alces,56003281,Cervidae,LC,0,0,13.336826,8.845914,39.381228,467.41187,23.809865,1.349765,22.4601,908.989407,179.36564,10.592074,85.362073,503.85724,36.136691,503.85724,36.136691,2247.524364,1131.262471,63.305554,-0.143234,145.224385,133.672311,2646.238893,75.944636,8.887045,60.922731,16.817329,22.259939,30.836841,26.049676,19.079919,347.420225,39.003084,93.448454,6.485286,0.04565,0.017316,0,0.014747,0.074316,0,0,0.035046,0.55203,0.048467,0.001574,0.167854,0.006545,0.035874,0,0.000166
158027,103.099764,26.393418,Alces alces,56003281,Cervidae,LC,0,0,13.413361,8.954343,39.428138,497.760395,24.146543,1.419582,22.72696,870.092525,177.526968,7.126628,90.146901,491.315442,25.175123,486.466888,25.175123,2158.119204,1163.772878,59.039314,-0.203575,130.148533,125.467112,3022.266351,175.914785,7.631939,59.336378,19.286688,21.376934,27.973764,23.267007,34.880177,330.95954,34.969869,83.909551,6.031928,0.045232,8.3e-05,0,0.026593,0.055091,0,0,0.021208,0.486372,0.183663,0.001657,0.160384,0.008284,0.011184,0,0.000249
158028,103.118384,27.146835,Alces alces,56003281,Cervidae,LC,0,0,12.068069,8.465076,35.69456,551.940055,23.474817,-0.273923,23.748741,899.460378,183.354378,8.235921,90.380038,508.134573,27.584995,507.617692,27.611549,2151.187299,1121.926776,59.557896,-0.157766,128.265692,108.410425,3173.812093,193.762917,7.480165,58.52826,16.901539,24.570201,29.516113,21.184057,51.618417,314.433041,31.889572,77.16086,5.766469,0.005218,0.000331,0,0.07231,0.029736,0,0,0.088876,0.639609,0.044148,0,0.045722,0.000663,0.073387,0,0
158029,103.137716,27.897372,Alces alces,56003281,Cervidae,LC,0,0,9.86515,9.190937,35.556854,603.69178,22.391838,-3.463673,25.855511,908.834371,179.250805,8.571198,88.44142,503.508973,27.8961,503.508974,27.8961,2433.496583,991.378427,57.792301,0.047988,146.374441,78.292075,3000.957304,165.030844,7.658211,56.091099,16.125559,27.783342,28.742824,21.347409,56.161155,309.713334,31.684078,76.875237,5.745737,0.01019,0,0,0.084914,0.042333,0,0,0.058487,0.5437,0.114324,0,0.089636,0.002568,0.053434,0,0.000414
158103,103.321338,22.964033,Alces alces,56003281,Cervidae,LC,0,0,18.045667,7.661549,40.087265,430.622929,26.878212,7.767606,19.110606,1431.138496,299.250806,14.645953,85.020359,806.58726,65.839443,806.587258,68.16601,1227.241467,1284.408114,50.887372,0.043083,235.992618,176.843126,2771.632031,147.88313,7.828361,43.150928,7.265594,49.583478,26.720438,39.438433,1.706479,364.578152,54.738143,130.851307,8.131883,0.001077,0.258842,0,0.004804,0.099561,0,0,0.094591,0.503189,0.017311,0.000166,0.009194,0.000911,0.010354,0,0
158112,103.363784,29.929037,Alces alces,56003281,Cervidae,LC,0,0,16.314232,7.427094,27.420295,704.074248,28.962105,1.888859,27.073246,1519.240701,382.133639,17.003436,96.645919,910.043815,59.340295,891.334237,59.340295,651.929531,1051.286639,29.800768,0.335768,208.623077,98.453603,4135.175715,46.260245,10.317539,47.143327,12.854178,40.002496,22.661111,22.166479,103.222083,260.302554,32.396579,79.643429,5.784591,0.003231,0.009609,0,0.00555,0.16443,0,0,0.252485,0.345759,0.0111,0.005964,0.006296,0.006461,0.189115,0,0
158106,103.378513,25.249215,Alces alces,56003281,Cervidae,LC,0,0,14.627666,8.637278,38.855225,472.409894,24.960746,2.734068,22.226678,936.118768,178.512117,13.122265,82.763604,513.270889,43.39353,513.27089,43.39353,1995.602699,1172.314131,64.20818,-0.16833,146.219479,146.831873,2682.519384,40.100081,10.145244,61.673475,16.869925,21.4566,29.981918,26.359494,16.920394,349.486067,39.809816,95.32511,6.557048,0.007954,0.047059,0,0.003231,0.109362,0.000166,0,0.081027,0.406959,0.055427,0.00058,0.21541,0.019967,0.052858,0,0
79546,103.382458,33.206411,Alces alces,56003281,Cervidae,LC,0,0,-0.154525,12.818642,38.468505,741.160964,16.426604,-16.869329,33.295933,725.837472,124.70386,3.553549,80.596688,353.922326,18.301307,350.455381,18.301307,3756.903953,761.605303,46.704204,6.4e-05,80.573157,3.046289,3330.449978,94.030366,8.803,54.378011,19.176114,26.445876,33.290485,15.537949,153.895968,205.564088,32.345736,74.335686,5.824353,0.000249,0,0,8.3e-05,0.02477,0,0,0.081849,0.229558,0.663491,0,0,0,0,0,0
79465,103.388293,32.74729,Alces alces,56003281,Cervidae,LC,0,0,0.928368,12.329365,37.978438,733.896404,16.760432,-15.609082,32.369514,738.296519,122.250457,3.647171,78.620349,346.264227,18.714125,344.422572,18.714125,3629.55924,836.634896,46.336314,-0.038828,85.199916,22.713326,3412.101573,107.54141,8.380758,49.417307,18.708508,31.874185,31.147794,17.074792,157.431753,201.902416,32.172869,75.849004,5.872164,0,0,0,0.000166,0.037368,0,0,0.168117,0.399039,0.391996,0.000331,0.002983,0,0,0,0
79791,103.395443,34.603033,Alces alces,56003281,Cervidae,LC,0,0,2.513853,12.021764,36.171861,767.065492,18.21698,-15.021729,33.238709,606.761251,114.423403,1.143937,86.671986,322.920074,8.42908,312.018022,8.42908,3078.367708,811.396922,35.628793,-0.242932,62.506925,3.352847,3726.707246,94.087325,8.772248,47.789344,24.499834,27.710822,54.851965,10.291301,184.580569,179.877118,27.441918,58.758864,5.395431,0,0,0,0.002485,0.078363,0,0,0.154987,0.136183,0.545146,0.000663,0.076872,0.005302,0,0,0
79383,103.39765,32.289364,Alces alces,56003281,Cervidae,LC,0,0,2.681727,10.866384,36.363484,692.179077,17.449656,-12.412572,29.862228,746.414418,127.618611,3.744056,78.537894,350.735781,18.557645,346.215924,18.557645,3439.725881,893.029623,44.178171,-0.040573,92.802111,37.317335,3440.105949,176.800075,7.54198,40.41547,18.923539,40.660991,30.239006,17.488185,154.470006,204.823282,32.332509,76.527581,5.881046,0.000996,0,0,0.049282,0.289886,0,0,0.300091,0.158633,0.194806,0.000664,0.005227,0,0,0,0.000415
79873,103.410591,35.077619,Alces alces,56003281,Cervidae,LC,0,0,1.55588,12.316403,36.475134,782.273429,17.845467,-15.933143,33.778611,582.552326,113.394436,1.307703,88.191121,315.925587,8.193531,307.195616,8.193531,3130.297137,761.525218,35.932495,-0.209604,61.032368,-13.925235,3683.816208,85.433697,8.933177,54.979078,23.16077,21.860152,56.823218,9.778087,185.62209,179.442804,26.949139,57.109631,5.346254,0,0,0,0.015076,0.052601,0,0,0.018804,0.01052,0.77278,0,0.128396,0.001822,0,0,0
158108,103.420552,26.758716,Alces alces,56003281,Cervidae,LC,0,0,12.047031,8.921298,38.369303,523.439207,23.336963,0.079843,23.25712,901.264291,180.79973,8.52391,89.342568,503.281055,27.488841,503.281055,27.488841,2266.306253,1099.763819,58.656829,-0.189819,125.100549,103.773969,3065.31788,100.391996,8.525879,60.700542,16.296305,23.003154,26.59374,21.674403,36.59189,328.644485,34.480884,82.569606,5.951892,0.036696,8.3e-05,0,0.008201,0.028496,0,0,0.010603,0.684891,0.03943,0.000249,0.122681,0.001077,0.067594,0,0
79955,103.426008,35.551612,Alces alces,56003281,Cervidae,LC,0,0,6.134873,11.844755,32.614794,880.51751,23.227919,-13.086898,36.314817,474.665242,98.011569,0.533806,88.68366,263.089544,5.401076,247.441541,5.401076,2155.763597,939.622747,47.623461,-0.476295,46.383422,3.293755,4587.556901,56.623701,10.110715,51.504552,42.526058,5.96939,62.371468,8.802421,179.717696,185.736548,26.77003,54.669982,5.296014,0,0,0,0,0,0,0,8.3e-05,0,0.419358,0,0.559281,0.021196,0,0,8.3e-05
79382,103.447611,31.382602,Alces alces,56003281,Cervidae,LC,0,0,6.439106,11.054812,36.865618,688.055959,21.145349,-8.830088,29.975437,803.494252,143.278028,6.120757,78.647998,388.136356,24.866703,385.077898,24.866703,2802.626916,896.731925,46.439133,0.078291,120.314194,42.178803,3341.688623,271.927521,6.891079,39.06311,20.77031,40.16658,27.067337,17.991053,127.779572,232.030353,33.151911,78.48919,5.871286,0.001659,0,0,0.045628,0.431973,0,0,0.318732,0.036668,0.15107,0,0.003899,0,0,0,0.01037
80200,103.47394,36.970145,Alces alces,56003281,Cervidae,LC,0,0,3.445739,13.252877,34.999335,893.148113,21.864646,-15.998025,37.862671,341.070796,76.689597,1.444218,94.626716,200.422049,6.316748,199.77918,6.316748,2623.350898,791.482813,52.12269,-0.495616,38.661666,-29.59065,4249.456777,33.14578,10.216572,42.534648,53.860664,3.604689,97.411566,5.611992,178.669739,189.911696,21.323217,39.290962,4.807224,8.3e-05,0,0,0,0,0,0,0,0,0.994118,0.001574,0,0.004143,0,0,8.3e-05
158111,103.48983,29.000702,Alces alces,56003281,Cervidae,LC,0,0,13.797348,8.827064,32.530893,647.407147,26.784442,-0.330158,27.1146,1140.287257,242.322964,13.947772,86.396285,635.722877,46.644354,635.722877,46.644354,1364.083114,1013.213896,43.428165,0.130588,157.890739,82.121517,3695.705635,148.857338,7.835979,32.975211,9.832217,57.192572,22.791759,21.064618,79.258294,283.130975,32.547487,78.364098,5.752059,0.017259,0.000332,0,0.225523,0.428394,0,0,0.307501,0.01145,0.003485,0.005227,0,0.00083,0,0,0
80363,103.507366,37.913066,Alces alces,56003281,Cervidae,LC,0,0,8.132481,14.357372,32.775407,1098.777184,28.949468,-14.864905,43.814372,164.592346,41.5377,1.0537,89.598055,95.910701,5.016986,94.464517,5.016986,1580.732492,1052.647455,82.99799,-0.830009,14.454134,-1.51821,5755.740599,5.377308,13.328859,36.591092,63.354551,0.054357,116.022654,4.508014,173.255578,196.95685,19.034049,32.864363,4.597926,0,0,0,0,0,0,0.000248,0,0,0.078,0,0,0,0,0,0.921752
80608,103.559869,39.323502,Alces alces,56003281,Cervidae,LC,0,0,8.556538,14.010281,29.97858,1194.679736,30.658598,-16.092433,46.751032,105.21439,27.365145,0.965117,89.445399,63.882265,4.444899,61.946572,4.460018,1325.082357,1093.00047,91.197756,-0.91217,7.168606,-27.019755,6481.62717,6.065924,13.519699,21.481918,78.486951,0.031131,160.340857,3.154623,166.657137,204.225673,14.193117,22.202671,4.159169,0,0,0,0,0,0,0,0,0,0.004722,0,0,0,0,0.000166,0.995112
80853,103.615411,40.729449,Alces alces,56003281,Cervidae,LC,0,0,7.231747,13.763739,28.671448,1250.539483,30.243957,-17.745008,47.988965,82.151596,21.478891,0.563291,94.969402,52.574324,2.224289,52.574324,2.224289,1368.866995,1047.68269,92.699143,-0.92684,5.571588,-47.596483,6561.504276,7.600865,12.401,19.801512,80.198385,0.000104,187.981744,2.4738,162.26309,208.620676,11.63508,16.939477,3.826358,0,0,0,0,0,0,0,0,0,0,0,0,0,0,0,1
158185,103.629078,23.340149,Alces alces,56003281,Cervidae,LC,0,0,15.3774,7.740759,38.684871,454.113481,24.660773,4.65508,20.005693,1360.288432,278.956687,13.214847,85.098233,760.102012,56.739016,757.621739,56.909045,1749.475597,1163.872133,51.210788,0.052391,211.084106,142.528214,2685.203526,75.570133,9.106563,52.174113,10.513591,37.312296,26.04218,36.161685,2.176971,364.132725,52.16,123.773709,7.760598,0.006296,0.039516,0,0.005053,0.105874,0,0,0.027504,0.591086,0.153011,0.002154,0.034131,0.025267,0.008367,0,0
80935,103.634644,41.197148,Alces alces,56003281,Cervidae,LC,0,0,8.666685,13.696869,27.800423,1310.478083,32.211504,-17.099485,49.310988,64.643451,18.519746,0.116243,102.338206,44.512188,0.406972,44.512188,0.406972,1120.360942,1098.890848,94.243653,-0.941662,4.469541,-42.438122,6881.358652,12.613336,12.09065,10.758821,89.225816,0.015364,189.780181,2.457603,162.904497,207.714216,11.440864,16.689396,3.771401,0,0,0,0,0,0,0,0,0,0,0,0,0,0,0,1
158187,103.672873,24.86102,Alces alces,56003281,Cervidae,LC,0,0,14.513976,8.817508,39.724778,475.45567,24.824251,2.637702,22.186549,989.788789,185.507674,13.927069,82.078249,542.240986,47.418547,542.240986,47.418547,1967.856261,1173.921454,58.123355,-0.132515,152.900765,141.365798,2744.564301,27.844702,10.731488,62.007368,24.527636,13.464995,28.235448,27.329818,15.793213,350.502435,40.936198,98.25808,6.667863,0.007373,0.013172,0,0.000828,0.04283,0,0,0.018308,0.371634,0.245133,0.001325,0.240742,0.028829,0.029741,0,8.3e-05
158193,103.676819,29.539672,Alces alces,56003281,Cervidae,LC,0,0,16.903439,7.011967,26.056344,720.191987,29.452072,2.546651,26.905421,1497.250373,366.576448,16.553556,95.38244,882.970701,56.807801,880.838262,56.807801,492.123757,1081.443792,32.817663,0.237475,188.33627,105.358874,4224.300614,33.225422,11.190034,51.375775,16.196025,32.4282,21.938153,20.93266,79.777199,282.462964,32.743194,78.516822,5.74227,0.000664,0.014109,0.000249,0.025396,0.082164,0,0,0.154536,0.497801,0.013362,0.008133,0.017097,0.068636,0.11669,0,0.001162
158189,103.720249,26.370379,Alces alces,56003281,Cervidae,LC,0,0,12.886534,8.580959,38.074211,507.582253,23.69081,1.153366,22.537444,927.670819,184.526451,9.722795,87.185056,510.270014,31.618489,510.270014,31.618489,2154.67752,1114.011824,58.998142,-0.194356,129.969091,112.827897,2985.172995,80.928966,8.987263,57.940196,13.354196,28.705609,25.854846,21.699623,32.759251,332.117763,35.505141,84.82381,6.04068,0.09523,0.010103,0,0.015734,0.124793,0,0,0.018052,0.680772,0.007618,0.000331,0.036022,0.001491,0.009854,0,0
158190,103.745326,27.120566,Alces alces,56003281,Cervidae,LC,0,0,12.316862,9.121957,36.692376,571.938809,24.198536,-0.692663,24.891199,890.556516,174.947249,9.60614,86.818761,486.904202,30.8679,486.904202,30.867899,2064.106046,1083.923485,57.312024,-0.23412,112.769089,92.257892,3254.699986,80.462472,9.095494,64.502428,20.210108,15.287464,25.020571,21.255835,36.743345,327.614383,34.434513,82.21076,5.921086,0.006958,0,0,0.008035,0.008698,0,0,0.00671,0.227469,0.043241,0,0.519301,0.01226,0.167329,0,0
158191,103.771354,27.86767,Alces alces,56003281,Cervidae,LC,0,0,12.739116,8.676846,33.19878,629.767297,25.187546,-0.974854,26.1624,890.538784,163.66969,12.195303,81.06479,472.110558,38.631621,472.110558,38.631621,1713.428213,1058.944012,50.790373,-0.146269,118.500636,81.894384,3561.179337,157.748922,7.843476,48.957394,14.746624,36.295982,24.37242,19.890334,50.696757,312.661199,32.457203,77.439168,5.730302,8.3e-05,0,0,0.154617,0.029565,0,0,0.393706,0.276108,0.02236,0.00058,0.050435,0.010932,0.060373,0,0.001242
158192,103.798354,28.611625,Alces alces,56003281,Cervidae,LC,0,0,14.821758,8.363469,31.03147,658.79415,27.710024,0.76985,26.940174,1049.731107,213.565368,13.794764,82.610424,572.232653,46.466673,572.232653,46.466673,1093.217104,1071.504012,46.134098,-0.036015,132.913567,87.29781,3993.314623,142.150717,7.881949,36.500664,12.53652,50.962816,23.769222,20.274506,54.817733,308.737619,32.461257,77.583784,5.731429,0.002981,0.000166,0,0.146584,0.392298,0,0,0.396356,0.02501,0.017391,0.007205,0.008364,0.002236,0.001077,0,0
158266,103.916416,22.951606,Alces alces,56003281,Cervidae,LC,0,0,17.791797,7.475546,38.414375,453.533186,26.743279,7.288872,19.454407,1603.839835,354.763031,16.999188,84.550349,877.268058,72.080916,877.20245,72.865865,1200.172829,1178.714635,47.320909,0.192654,263.481641,151.042852,2829.22441,136.466743,8.060373,43.093669,5.231553,51.674778,24.935948,36.857199,1.916706,364.253363,53.298645,125.973618,7.818193,0,0.211966,0,0.002652,0.103828,0,0,0.129848,0.487736,0.02229,0,0.008866,0.001657,0.031157,0,0
79627,103.929932,32.884655,Alces alces,56003281,Cervidae,LC,0,0,0.266269,10.466127,32.842173,781.320622,15.510103,-16.260868,31.770971,766.927312,126.171118,4.930613,76.736675,357.150172,22.540915,355.404218,22.540915,3537.802661,791.701004,38.56161,0.037721,91.756809,12.245177,3310.966001,188.035003,7.562809,44.088292,27.862477,28.049231,32.136706,15.413799,139.529709,218.043269,33.883788,77.13835,5.813983,0.000911,0,0,0.057162,0.190539,0,0,0.193687,0.091045,0.40966,0,0.000331,0,0,0,0.056665
79872,103.93014,34.266871,Alces alces,56003281,Cervidae,LC,0,0,3.209011,11.260659,34.208125,784.234026,18.460391,-14.458125,32.918516,635.088824,114.014601,1.982414,83.058719,325.277866,10.619207,313.461789,10.619207,2906.029672,837.721043,35.387864,-0.228277,68.222726,13.743013,3742.786166,126.475565,8.319155,47.195792,23.779069,29.025139,48.953,10.948736,163.837169,197.279099,30.171038,64.861266,5.591116,0,0,0,0.019964,0.046803,0,0,0.150679,0.113569,0.457422,0,0.209079,0.002319,0,0,0.000166
158267,103.940206,23.71354,Alces alces,56003281,Cervidae,LC,0,0,16.188361,8.507837,41.228214,451.371501,25.677019,5.061251,20.615768,1191.235566,247.364535,11.409643,85.233981,669.819268,46.576468,665.886385,46.576468,1574.147924,1218.790863,47.882952,-0.162514,164.654412,148.327795,2875.347973,30.341629,10.702249,64.894232,18.387315,16.718454,24.640007,30.867003,4.247489,361.370342,47.688194,113.021079,7.233179,0,0,0,0.00265,0.020207,0,0.000828,0.005631,0.238012,0.534741,0.001077,0.189814,0.005549,0.001325,0,8.3e-05
80035,103.955605,35.204084,Alces alces,56003281,Cervidae,LC,0,0,5.408258,11.109758,31.813188,855.817767,21.958518,-12.969537,34.928055,502.95907,99.567824,0.941461,86.657598,272.28349,6.532267,258.593633,6.532267,2282.578279,899.945495,43.662037,-0.424152,51.920409,5.072339,4324.189764,60.500101,9.710971,53.265423,36.871419,9.863158,60.836742,8.815102,172.590544,192.104151,27.818877,56.782296,5.375609,0,0,0,0.007453,0.005714,0,0,0.001822,0.001822,0.429648,8.3e-05,0.539627,0.01383,0,0,0
158268,103.964976,24.472605,Alces alces,56003281,Cervidae,LC,0,0,15.668442,8.288056,39.0883,477.669226,25.418887,4.232203,21.186683,1039.981841,196.049408,15.290125,81.147667,569.232995,52.847989,569.232994,52.848892,1655.891936,1235.749535,53.69298,-0.178367,151.300608,147.609347,2959.518507,81.158093,9.210629,57.922916,14.041959,28.035125,26.302853,27.60446,8.795141,357.224206,42.687905,101.789267,6.811877,0.00058,0.00845,0,0.014249,0.116146,0,0,0.070997,0.601276,0.041587,0.000166,0.109519,0.010438,0.02651,0,0
80117,103.974961,35.678032,Alces alces,56003281,Cervidae,LC,0,0,5.003803,11.256838,31.877316,868.015313,21.885395,-13.435242,35.320637,444.611049,93.566285,0.961045,88.808824,247.248586,6.353919,237.126596,6.353919,2342.780607,868.181842,47.826814,-0.460339,45.739383,-10.533379,4359.64792,64.755946,9.175916,48.674759,43.240621,8.084619,63.932513,8.495378,173.377773,191.702734,27.203465,54.935251,5.322947,0.000414,0,0,0.004887,0.009442,0,0,0.000166,0,0.861769,0.000166,0.114958,0.008034,0,0,0.000166
79544,103.982472,31.518223,Alces alces,56003281,Cervidae,LC,0,0,9.587904,10.368766,34.895334,699.257523,23.732894,-5.905943,29.638836,867.272688,169.694997,6.747517,82.780424,450.849498,27.167763,441.488845,27.167763,2086.804372,938.820232,42.797477,0.04217,122.104781,55.330302,3575.028758,209.439747,7.522371,43.60873,22.421907,33.969363,27.081656,17.180373,118.633953,239.844421,33.762536,78.741106,5.824314,0.036059,0.016173,0,0.056688,0.201997,0,0,0.492037,0.049509,0.092747,0.003301,0.030035,0.007921,0.006849,0,0.006601
158274,103.987076,29.150091,Alces alces,56003281,Cervidae,LC,0,0,16.932258,6.884574,25.761364,717.541926,29.395608,2.67199,26.723618,1316.142091,295.87366,16.116019,89.404177,750.415553,54.42618,750.415552,54.42618,489.266033,1100.006787,38.622084,0.086799,156.484458,105.485429,4303.838712,41.529659,10.286272,48.43838,11.749849,39.811771,22.016964,20.048768,71.779466,289.846609,32.400177,76.953188,5.683672,0,0.000165,0,0.006104,0.080673,0,0,0.495752,0.236163,0.007176,0.006352,0.000247,0.006599,0.160521,0,0.000247
80362,104.035145,37.096466,Alces alces,56003281,Cervidae,LC,0,0,7.143883,12.526953,31.204961,1010.113635,26.201044,-13.959149,40.160193,224.363002,57.225649,0.451188,96.665257,135.440695,3.728555,132.861276,3.728554,1885.957926,990.264233,74.409814,-0.741281,21.602451,-4.558666,5256.735731,35.753223,10.525337,39.374125,58.811509,1.814366,99.188375,5.358757,173.228918,195.397632,21.72174,39.21493,4.864515,8.3e-05,0,0,0,0,0,0.018557,0,0.000166,0.904068,0.001243,0.033634,0.006627,0,0,0.035623
158272,104.074248,27.478707,Alces alces,56003281,Cervidae,LC,0,0,11.795681,8.436918,32.454028,635.358316,24.175592,-1.840437,26.016028,904.107497,169.596335,12.003732,81.279074,474.47847,37.912064,474.47847,37.912064,1909.749043,1035.905723,52.376835,-0.157595,116.857944,76.701298,3389.584826,110.459324,8.430097,58.61692,17.699078,23.684001,21.499006,19.703556,35.468606,326.855753,34.18832,80.662446,5.82416,0.00323,0,0,0.075108,0.026085,0,0,0.307966,0.371481,0.015982,0,0.086949,0.007784,0.105416,0,0
80770,104.143052,39.449795,Alces alces,56003281,Cervidae,LC,0,0,8.650422,13.95651,29.453591,1218.453057,31.021842,-16.37048,47.392322,109.77751,28.582743,0.977107,91.070389,67.033511,4.35438,65.73941,4.39565,1307.54549,1084.784027,90.620231,-0.906118,7.59382,-28.421158,6432.820325,6.978367,13.355302,15.315757,84.679003,0.00524,159.335975,3.103495,165.115472,205.67775,14.437795,22.365644,4.207856,0,0,0,0,0,0,0,0,0,0.007211,0,0,0,0,0,0.992789
158348,104.254877,24.083979,Alces alces,56003281,Cervidae,LC,0,0,15.956791,8.107419,39.144197,478.677363,25.443948,4.735051,20.708897,1124.036768,219.611302,14.014863,82.394261,618.973202,49.725016,618.973202,49.725016,1568.478857,1223.761543,50.105941,-0.161992,157.583716,143.522841,2945.253608,48.151899,10.077367,61.881917,12.8059,25.312183,24.109539,27.568478,8.106123,357.820969,44.984655,105.969422,6.862235,0.000746,0.000497,0,0.015162,0.091549,0,0,0.084507,0.573405,0.165783,0.002154,0.063215,0.002486,0.000497,0,0
79625,104.276574,31.132623,Alces alces,56003281,Cervidae,LC,0,0,16.462773,7.601027,27.341091,738.18765,29.378187,1.578466,27.79972,940.060227,226.940315,6.84978,97.828107,576.004531,27.7753,543.964674,27.7753,529.874573,1035.106615,48.263054,-0.093063,119.097865,92.55161,4061.659704,6.2969,12.686337,61.319819,25.192115,13.488065,24.466376,17.225533,96.87254,260.828311,33.769763,78.444643,5.745059,8.3e-05,0.000166,0,0,0,0,0,0.000331,0.174863,0.007038,0.000248,0.374565,0.157228,0.285312,0,0
158354,104.294621,28.760305,Alces alces,56003281,Cervidae,LC,0,0,16.585574,7.066752,26.533064,707.590653,29.099412,2.46565,26.633762,1150.16326,229.07076,16.258769,81.649081,621.267152,54.112778,621.267152,54.112778,602.847991,1093.964207,37.875097,0.026047,144.979468,100.910113,4286.593747,73.043651,9.425726,48.483965,13.902998,37.613037,21.401397,19.561059,54.052846,307.262453,33.251855,78.452632,5.700539,0,0.000166,0,0.093203,0.090132,0,0,0.265831,0.341273,0.010955,0.01552,0.000332,0.008382,0.172628,0,0.000249
158353,104.407488,27.83286,Alces alces,56003281,Cervidae,LC,0,0,14.063354,7.939189,29.726022,672.176801,26.785447,0.059071,26.726377,959.918108,170.019023,14.972031,76.010157,487.648761,47.492136,487.648761,47.492136,1292.697571,1068.940073,45.271056,-0.134638,120.434673,81.571364,3883.21336,115.251401,8.436039,40.488485,11.889554,47.621961,19.904368,19.133891,34.011726,327.183262,34.25913,80.354068,5.794272,0.000166,0,0,0.150108,0.093062,0,0,0.737953,0.008197,0.000662,0,0.00058,0.002732,0.006541,0,0
79871,104.471778,33.479741,Alces alces,56003281,Cervidae,LC,0,0,5.870442,10.863964,33.86797,765.943611,20.831232,-11.226224,32.057455,669.937869,117.422614,2.878142,79.585733,328.646598,14.015861,318.902804,14.015861,2474.119178,921.429695,38.439885,-0.252486,75.018937,35.645559,3897.448546,206.569814,7.29554,40.064197,18.979064,40.95674,34.901457,14.153962,136.848568,220.723383,33.801408,75.668864,5.769124,0,0,0,0.165673,0.159874,0,0,0.239231,0.207836,0.173708,0,0.05285,0.000249,0.00058,0,0
79953,104.474603,33.941048,Alces alces,56003281,Cervidae,LC,0,0,5.702168,10.811058,32.650887,807.645434,21.184754,-11.92851,33.113263,642.691366,113.770374,2.750472,80.503215,321.271094,12.745676,308.982885,12.745676,2390.520925,915.349387,37.720166,-0.293942,70.082894,30.888572,3993.172453,165.779269,7.801334,48.48365,20.676103,30.840247,46.327574,11.003545,140.890497,218.610405,31.554557,66.72748,5.561743,0,0,0,0.130611,0.045635,0,0,0.076528,0.159185,0.317956,0,0.260974,0.001242,0.007868,0,0
79706,104.571474,30.746949,Alces alces,56003281,Cervidae,LC,0,0,16.615433,7.207286,26.220459,741.618186,29.324648,1.838194,27.486454,965.739608,229.654866,7.167113,96.000087,578.972564,28.733945,556.798669,28.733945,508.661658,1003.327325,44.410729,-0.077225,120.178796,88.527238,3992.627666,22.40391,11.807237,61.253125,17.653813,21.093062,21.564962,17.269349,65.433727,292.702518,33.486161,76.972147,5.649625,8.3e-05,0,0,0,0.002238,0,0,0,0.145296,0,0.000332,0.010692,0.020555,0.820804,0,0
158430,104.573249,24.451225,Alces alces,56003281,Cervidae,LC,0,0,17.461343,7.700681,36.048723,512.387967,27.149158,5.781782,21.367377,1126.133818,207.886786,16.767841,80.048701,609.283077,58.878697,609.283076,58.935321,1184.258467,1299.508898,50.234736,-0.172121,157.076009,155.947464,3215.069388,82.887167,9.085459,49.559479,4.758048,45.682472,22.803627,25.738977,9.306206,356.044122,42.627427,101.121551,6.713287,0.000497,0.048372,0,0.01698,0.261575,0,0,0.30415,0.366438,0.001491,0.000414,8.3e-05,0,0,0,0
80443,104.573815,36.750633,Alces alces,56003281,Cervidae,LC,0,0,8.200225,12.424139,30.719504,1015.499129,27.11033,-13.328531,40.438861,224.443685,59.757393,0.559281,98.12283,137.923789,4.021183,132.207359,4.021183,1662.306,1056.557262,77.99572,-0.779974,19.348568,7.418306,5504.578837,36.460518,10.604356,41.265226,56.648569,2.086205,99.158995,5.047817,165.20855,203.598434,22.683066,40.200192,4.982628,0.000166,0,0,0,0,0,0.040673,0,8.3e-05,0.868953,0,0.025182,0.017478,0,0,0.047465
80524,104.598432,37.222871,Alces alces,56003281,Cervidae,LC,0,0,7.799797,12.418839,30.646389,1026.135359,26.842497,-13.677229,40.519727,202.426568,54.417007,0.534956,98.089254,124.828359,3.681727,120.265938,3.681727,1701.818128,1032.389796,78.767304,-0.787675,18.179342,-1.439384,5497.072853,42.110631,10.185191,40.432976,58.007538,1.559486,103.180313,4.603203,162.409989,206.880434,22.241192,37.806356,4.944222,0,0,0,0,0,0,0.116165,0,0,0.864612,0,0.007374,0.001574,0,0,0.010274
158435,104.599521,28.370325,Alces alces,56003281,Cervidae,LC,0,0,16.889053,7.191114,26.863468,717.24192,29.389467,2.62248,26.766988,1084.961388,195.002253,17.844381,75.664113,556.638384,57.839086,556.638384,57.839086,577.175429,1114.008028,38.136096,-0.041949,137.084085,101.919769,4348.391364,67.698324,9.329502,49.591917,13.779605,36.628477,20.257433,18.836834,38.683625,322.054969,34.163247,79.534762,5.722976,0,0.000166,0,0.03014,0.057879,0,0,0.551213,0.230604,8.3e-05,0,0,0.003726,0.12619,0,0
80606,104.6235,37.694572,Alces alces,56003281,Cervidae,LC,0,0,8.327371,13.713985,32.00032,1072.73974,28.188388,-14.668865,42.857253,183.408662,49.053329,1.416903,94.070036,110.853802,5.709485,107.306002,5.709485,1521.095973,1068.620344,82.176605,-0.821883,15.37835,-1.703919,5773.300794,8.769881,12.397798,39.198439,60.527885,0.273676,106.289367,4.399265,161.409306,208.098599,21.87834,36.525995,4.915505,0,0,0,0,0,0,0.043305,0,0,0.271922,0,0,0,0,0,0.684773
158432,104.63819,25.953828,Alces alces,56003281,Cervidae,LC,0,0,13.704334,7.880364,34.941384,534.157474,24.3313,1.765611,22.565689,1163.847105,236.484785,15.595617,83.287682,626.951479,50.826388,626.951478,50.826388,1845.830633,1076.02429,63.258125,0.120471,178.735583,103.133066,2983.91651,88.651384,8.840168,59.349504,16.813742,23.836755,22.803015,22.604373,13.206556,350.735677,39.374838,92.867999,6.386343,0.007622,0.002568,0,0.051197,0.027173,0,0,0.000249,0.765471,0.001657,0,0.005136,0.003314,0.135614,0,0
80851,104.701523,39.106566,Alces alces,56003281,Cervidae,LC,0,0,8.716535,13.761542,29.765664,1188.409609,30.373742,-15.860161,46.233904,133.744343,34.593432,1.253182,91.0491,80.661591,5.012136,79.23015,5.012136,1333.980154,1083.724312,88.048636,-0.879935,9.834619,-22.249157,6280.075532,7.210126,13.294092,23.958312,76.032659,0.009029,152.983934,2.981296,160.111739,210.31974,15.262735,23.211762,4.29536,0,0,0,0,0,0,0,0,0,0.005962,0,0,0,0,0,0.994038
158434,104.708224,27.443192,Alces alces,56003281,Cervidae,LC,0,0,12.316102,8.083971,30.684946,655.956529,24.823385,-1.535145,26.358531,971.257472,180.706758,14.413298,76.711348,487.968314,45.00749,487.968315,45.00749,1731.982903,1005.563096,48.005174,-0.068874,126.590837,67.701526,3529.024754,88.976144,8.937377,48.551421,13.538892,37.909688,17.203708,17.736784,30.379849,328.254625,34.32001,79.656889,5.716158,8.3e-05,0,0,0.155644,0.050058,0,0,0.334742,0.342616,0.000663,0,0.019062,0.001492,0.095641,0,0
80933,104.728513,39.576228,Alces alces,56003281,Cervidae,LC,0,0,8.602524,13.645274,29.176642,1208.674904,30.661894,-16.093198,46.755093,118.605122,29.994822,1.451038,88.0282,70.48803,5.921605,69.741777,5.924666,1266.765916,1084.08624,90.035418,-0.899736,8.050325,-28.79205,6419.012048,6.671943,12.965128,34.281479,65.693263,0.025258,162.038517,2.794754,159.68963,210.995323,14.194523,21.165884,4.218805,0,0,0,0,0,0,8.3e-05,0,0,0.015809,0,0,0,0,0,0.984109
79788,104.765162,32.171288,Alces alces,56003281,Cervidae,LC,0,0,13.104083,9.18988,32.23737,699.776977,26.636007,-1.85368,28.489687,845.445561,189.657119,4.330596,91.41034,484.230895,18.337171,463.883243,18.337171,1315.75324,1035.636111,46.424145,-0.161375,104.722023,75.759166,4127.80639,160.696418,7.683862,33.515458,12.395353,54.089188,26.724239,15.485118,100.215063,252.7166,38.220636,85.665699,5.842673,0,8.3e-05,0,0.341698,0.304431,0,0,0.332422,0.012505,0.000911,8.3e-05,0.003975,0.001739,0.002153,0,0
81096,104.784043,40.514115,Alces alces,56003281,Cervidae,LC,0,0,7.823893,14.188065,28.981751,1263.797509,31.165786,-17.800918,48.966705,98.649361,26.218443,0.753928,99.117372,64.141828,2.985998,64.141828,2.985998,1308.724996,1023.293551,91.332426,-0.913753,6.597903,-47.24209,6328.62363,7.639025,12.64001,21.004494,78.994657,0.000849,165.591812,2.718191,160.202203,210.295137,13.638464,20.194769,4.141343,0,0,0,0,0,0,0,0,0,0.000166,0,0,0,0,0,0.999834
79787,104.810645,31.264003,Alces alces,56003281,Cervidae,LC,0,0,16.596748,7.547471,26.969166,748.754183,29.571059,1.586382,27.984677,953.069254,230.561267,6.508587,99.028218,588.6612,25.302145,554.281462,25.302145,478.888163,1029.094787,47.840247,-0.096139,117.177631,92.663096,4096.071918,14.399726,12.19015,60.958842,17.655489,21.385669,24.143307,16.119864,80.448129,276.940336,34.60232,78.047906,5.667524,0,0,0,0,0,0,0,0,0.092651,0.000581,0.001078,0.050265,0.045537,0.809887,0,0
158510,104.828285,23.306118,Alces alces,56003281,Cervidae,LC,0,0,17.294396,7.614851,37.174133,484.329642,26.621429,6.139444,20.481985,1470.304472,324.098036,12.127297,89.006782,842.868526,56.779588,842.868525,56.78355,1268.000868,1184.097828,50.971014,0.113522,219.330016,137.933262,2931.609749,79.925851,9.097387,44.862045,6.904917,48.233038,21.660193,33.396303,3.134885,361.938911,52.645658,122.899566,7.503704,0,0.045481,0,0.000994,0.129567,0,0,0.040593,0.758678,0.001408,0,0.000331,0.003479,0.019468,0,0
81259,104.841737,41.450153,Alces alces,56003281,Cervidae,LC,0,0,9.381013,13.65497,27.072088,1343.315761,33.1983,-17.248468,50.446768,67.754162,20.082703,0.088007,107.474042,47.886781,0.383299,47.886781,0.383299,846.962947,1101.023074,94.176957,-0.941687,4.570554,-38.618894,6821.634173,8.912351,13.225951,20.400253,79.569612,0.030135,174.004377,2.578209,165.672556,204.024388,12.223898,17.985799,3.813839,0,0,0,0,0,0,0,0,0,0,0,0,0,0,0,1
158599,104.884247,30.355279,Alces alces,56003281,Cervidae,LC,0,0,16.991457,6.844533,25.119087,743.46753,29.560554,2.313569,27.246985,1030.306688,230.358477,10.103128,90.853146,589.089951,35.419505,579.187458,35.419505,424.479187,1019.298672,39.228696,-0.062857,123.710532,92.212051,4120.352154,11.769982,12.101647,60.732648,14.101053,25.166299,20.886615,15.657993,45.703171,313.447109,31.020104,69.335471,5.308684,0,0,0,0,0,0,0,0,0.132202,0,0,0.000745,0.006705,0.860348,0,0
158514,104.968093,26.310677,Alces alces,56003281,Cervidae,LC,0,0,14.240972,7.584872,32.099762,575.75528,25.210805,1.570955,23.63985,1145.86188,229.050383,17.210027,79.917016,598.196595,54.225413,598.196595,54.225413,1596.82141,1083.793017,58.514433,0.077094,165.444063,96.279292,3313.417404,131.718558,8.191149,55.668648,14.770615,29.560737,19.980421,20.151507,21.681112,340.8126,37.904939,88.831574,6.17974,0.002236,0.001739,0,0.057401,0.023606,0,0,0.001077,0.741241,0.002236,0.000166,0.005301,0,0.164996,0,0
80197,105.032526,34.53728,Alces alces,56003281,Cervidae,LC,0,0,6.135643,10.259383,30.171571,853.217415,22.09413,-11.918539,34.012669,616.72577,112.034526,3.153149,81.020307,315.930979,13.512862,300.805315,13.512862,2069.258871,894.47685,38.029676,-0.315679,66.244021,12.535123,4238.329446,81.02614,8.937424,54.236261,22.779786,22.983952,53.530884,8.975013,143.790248,217.936292,31.685842,64.778458,5.673182,0,0,0,0.069014,0.015742,0,0,0.008451,0.061475,0.102486,0,0.700994,0.002817,0.039022,0,0
80278,105.044882,35.001,Alces alces,56003281,Cervidae,LC,0,0,6.918506,11.002336,30.928482,879.250468,23.519434,-12.019176,35.53861,556.410986,104.264964,3.164016,82.018009,291.37565,12.921618,276.750192,12.921618,1857.217483,921.51083,43.632687,-0.414104,56.066658,7.508421,4526.736051,60.294467,9.626805,50.863923,45.770382,3.365694,55.959109,7.028482,150.067382,213.943532,30.736753,61.445797,5.591404,0,0,0,0,0,0,0,0,0,0.701209,0,0.296471,0.002319,0,0,0
79869,105.054747,31.782113,Alces alces,56003281,Cervidae,LC,0,0,16.019928,7.829183,27.627064,749.020193,29.177366,0.839547,28.337818,933.042039,228.287001,4.785892,99.377233,575.381183,19.160596,541.620995,19.160596,603.52631,1078.850946,49.944111,-0.142705,112.102849,95.115636,4335.92115,33.735993,10.533814,58.612929,14.967583,26.419487,26.512648,15.327254,90.551733,263.838376,37.991971,84.38474,5.910446,0.001905,0,0,0.000248,0.025178,0,0,0.079593,0.376346,0.000745,0.000248,0.049114,0.004058,0.462564,0,0
80523,105.106615,36.404128,Alces alces,56003281,Cervidae,LC,0,0,6.968779,12.252166,31.198894,978.018464,25.474634,-13.824417,39.299051,316.789069,75.33457,2.046885,90.830612,184.387148,8.311606,174.423769,8.311606,1915.291123,949.838403,66.18821,-0.661838,29.008109,-7.844721,4973.613322,37.608594,10.142686,40.210524,57.53917,2.250305,80.645207,5.982655,152.616619,213.88425,26.605689,49.111226,5.307797,0,0,0,0,0,0,0,0,0,0.99329,0,0.001491,0.005219,0,0,0
80687,105.163794,37.349123,Alces alces,56003281,Cervidae,LC,0,0,8.13208,12.271997,29.811273,1050.066522,27.436676,-13.708549,41.145225,216.951673,58.469093,0.748536,97.656553,133.842242,3.989839,127.030018,3.989839,1606.703603,1037.72981,77.625698,-0.776483,19.211439,-3.632542,5532.331618,29.935729,10.911962,40.139227,58.25823,1.602543,101.950112,4.171823,154.284608,215.253293,23.012124,37.487706,5.038198,0,0,0,0,0,0,0.005964,0,8.3e-05,0.792595,0.000248,0.117287,0.007123,0,0,0.0767
158592,105.183685,24.425717,Alces alces,56003281,Cervidae,LC,0,0,17.840228,7.79387,34.680901,541.35852,28.19856,5.724957,22.473603,1206.231278,232.115181,13.899506,83.200214,666.138626,55.741705,666.138626,55.741705,1066.077925,1284.744188,53.192089,-0.044616,176.371346,149.730776,3269.616707,71.350588,9.294672,49.18246,5.789273,45.028267,20.486662,25.767223,8.651865,356.228451,44.844376,105.966494,6.84677,8.3e-05,0.036445,8.3e-05,0.0082,0.175184,0,0,0.357161,0.421105,0.001242,0,0.000497,0,0,0,0
80768,105.193171,37.820821,Alces alces,56003281,Cervidae,LC,0,0,8.779498,13.44915,30.987267,1096.475537,28.848275,-14.549006,43.397281,191.489406,51.716218,1.255098,95.049279,116.757638,5.21384,111.339583,5.21384,1389.674594,1083.595302,81.808592,-0.818158,15.842443,-2.407855,5840.947284,8.618968,12.693383,39.864972,59.691004,0.444023,104.286051,4.281837,155.434401,213.954868,22.713863,37.705247,5.031866,0,0,0,0,0,0,0.13688,0,0,0.333748,0,0.014086,0.00058,0,0,0.514707
158593,105.221749,25.175085,Alces alces,56003281,Cervidae,LC,0,0,16.125099,7.76828,33.265234,567.989675,26.928161,3.577754,23.350407,1303.02186,250.817733,18.6049,80.419387,698.650913,66.379316,698.650912,66.379316,1338.983713,1163.791672,55.393523,0.118476,191.734393,121.15849,3231.743557,43.72594,10.187092,57.605843,21.970289,20.423868,19.242914,24.15239,9.252455,355.984213,43.206658,103.146923,6.747724,8.3e-05,0.02237,0,0.003645,0.039022,0,0,0.011268,0.717896,0.024275,0,0.050456,0.008202,0.122784,0,0
158595,105.302343,26.663331,Alces alces,56003281,Cervidae,LC,0,0,12.923834,7.465758,30.071151,618.82122,24.449876,-0.381146,24.831023,1113.057517,216.140448,16.774458,76.778095,559.961091,53.117284,559.961091,53.117284,1724.561752,1020.130496,51.197321,0.096814,157.486738,76.217142,3387.348227,79.497575,9.031014,52.080001,14.904426,33.015574,19.122845,19.524819,22.593258,338.818357,37.367019,87.244322,6.11448,0.001988,0.000166,0,0.095751,0.027168,0,0,0.011348,0.401309,0.000331,0.000663,0.050112,0.000663,0.410503,0,0
79951,105.304348,32.301332,Alces alces,56003281,Cervidae,LC,0,0,14.353804,8.316799,29.047096,736.075043,27.973802,-0.662678,28.63648,869.268356,204.168069,3.944732,94.104796,510.571509,15.972937,484.916586,15.972937,978.709072,1088.978914,50.638602,-0.204971,101.528273,86.695368,4456.34666,116.42833,8.373962,33.319139,10.961706,55.719155,26.260459,15.129907,88.976101,262.191738,40.266207,89.069368,5.924396,8.3e-05,0,0,0.190946,0.275267,0,0,0.489014,0.042617,0.00058,0,0.000415,0.001078,0,0,0
79950,105.345529,31.392941,Alces alces,56003281,Cervidae,LC,0,0,16.459586,7.580048,26.874345,754.890665,29.607986,1.403727,28.204258,983.033592,231.697055,7.001685,94.941849,585.181039,24.620268,554.87408,24.620267,509.18794,1052.144662,42.471617,-0.082074,119.794179,93.17588,4266.791731,32.800372,10.533782,55.38917,12.33623,32.274599,24.369876,15.493746,74.231643,280.4747,37.281922,82.868458,5.874555,0.000414,0,0,0,0.001656,0,0,8.3e-05,0.583023,0.000166,0.000497,0.006377,0.00207,0.405714,0,0
81258,105.381329,40.6405,Alces alces,56003281,Cervidae,LC,0,0,7.177609,13.58576,27.973222,1268.458502,30.293298,-18.261726,48.555024,108.073446,27.804679,1.143479,95.085785,68.253627,4.032135,68.253627,4.032135,1344.648879,1008.494856,90.028666,-0.900892,7.526292,-48.57668,6249.213407,9.631948,12.214427,26.288202,73.6996,0.012197,155.830063,2.911875,160.75958,209.103507,15.245861,22.911219,4.302173,0,0,0,0,0,0,0,0,0,0.004307,0,0,0,0,0,0.995693
79949,105.397935,30.489015,Alces alces,56003281,Cervidae,LC,0,0,17.323817,6.864028,24.895057,751.116064,30.161536,2.590526,27.57101,1039.004074,224.06064,11.858315,86.670256,574.059567,38.207301,561.733191,38.207301,336.951881,1031.968539,34.087002,-0.049379,124.516833,93.542476,4261.013126,11.249227,11.992281,61.879514,16.430104,21.690382,19.791862,16.005599,43.039984,314.039319,34.255618,76.50479,5.655394,0,0,0,0,0,0,0,0,0.299081,8.3e-05,0.000248,0.002898,0.03842,0.65927,0,0
81422,105.448954,41.57665,Alces alces,56003281,Cervidae,LC,0,0,8.706134,13.344131,26.576046,1345.500864,32.32069,-17.887955,50.208645,79.011544,22.495077,0.449639,103.721959,53.708271,1.742579,53.708271,1.742579,940.260529,1058.941238,93.087009,-0.931149,5.310807,-45.339019,6625.043924,7.207353,13.256365,21.465706,78.511369,0.022925,152.134194,2.838264,166.610461,202.362331,13.676313,20.416896,3.969323,0,0,0,0,0,0,0,0,0,0,0,0,0,0,0,1
158677,105.498982,27.199316,Alces alces,56003281,Cervidae,LC,0,0,13.156851,7.503063,28.73197,665.82501,25.357011,-0.759614,26.116625,1059.625497,198.310277,15.869626,73.539858,512.539461,50.349342,510.930373,50.349342,1577.005742,1007.468602,44.742795,0.03263,140.603053,66.889507,3702.086205,53.460168,9.573203,51.984505,16.222501,31.792994,18.140501,17.619687,24.532148,335.068969,36.253218,84.079101,6.015956,8.3e-05,8.3e-05,0,0.079573,0.01242,0,0,0.111617,0.239049,0.000662,0,0.105407,0.005631,0.445475,0,0
158675,105.552213,25.531127,Alces alces,56003281,Cervidae,LC,0,0,16.577937,7.739589,32.024392,594.633509,27.852849,3.689675,24.163174,1282.391116,251.018955,17.750617,78.997182,673.554066,63.8099,673.554064,63.8099,1148.3812,1176.076852,50.078583,0.09249,183.228525,119.811879,3474.955921,66.919612,9.436535,61.857545,18.370709,19.771745,21.100197,23.981221,10.524703,353.340518,42.380856,100.309762,6.696226,0,0.006378,8.3e-05,0.003728,0.001574,0,0,8.3e-05,0.439861,0.010106,0.000746,0.048873,0.003976,0.484592,0,0
80196,105.565026,33.742999,Alces alces,56003281,Cervidae,LC,0,0,10.327915,9.503062,30.987692,767.56333,25.049548,-5.61051,30.660058,659.568112,124.649731,3.353325,80.996931,344.065897,13.819924,320.131853,13.819924,1456.921362,1006.361718,41.936148,-0.362955,70.282674,45.331941,4525.27358,95.702588,8.68962,46.474053,16.606316,36.919631,41.383828,11.436571,115.372255,241.446743,35.703868,75.470016,5.887611,0,0,0,0.193971,0.052841,0,0,0.145436,0.058473,0.003147,0,0.193722,0.004058,0.348352,0,0
80277,105.573354,34.205329,Alces alces,56003281,Cervidae,LC,0,0,7.901801,10.088274,30.460887,829.370001,23.675799,-9.439,33.114799,651.135701,119.199849,4.01303,79.503131,334.478708,15.876517,311.513016,15.876517,1710.103878,947.39732,39.59727,-0.334845,68.102959,23.89552,4443.32564,62.680172,9.503615,53.800745,19.91814,26.281114,48.106062,10.223883,129.953026,228.901886,34.733436,72.234164,5.926714,0,0,0,0.260088,0.008617,0,0,0.037866,0.016737,0.005303,0,0.639158,0.001657,0.030574,0,0
80359,105.585308,34.668647,Alces alces,56003281,Cervidae,LC,0,0,9.129206,10.24679,29.993599,861.764174,25.193301,-8.961799,34.1551,606.727788,112.548429,3.642881,80.534228,316.602508,14.933128,293.938123,14.933128,1514.908143,991.281538,46.422412,-0.420629,58.51199,21.783354,4794.045206,67.607207,9.524302,58.723037,32.236166,9.040797,54.033694,8.966138,140.750259,220.655657,31.88824,65.025068,5.697722,0,0,0,0.004389,0,0,0,0,0.000331,0.007535,0,0.957771,0.025172,0.004803,0,0
80441,105.600689,35.132859,Alces alces,56003281,Cervidae,LC,0,0,7.118802,10.213443,28.915959,894.661883,23.729364,-11.580016,35.30938,551.020361,103.283802,3.264138,81.41491,292.796473,13.864996,270.75782,13.864996,1716.636855,945.079646,46.875264,-0.434825,53.846617,5.939225,4719.007404,59.751873,9.584776,49.412019,46.884839,3.703142,55.950515,8.527398,143.026515,219.18597,31.32172,63.318672,5.666557,0,0,0,0,0,0,0,0,0,0.049217,0,0.949872,0.000911,0,0,0
80522,105.619312,35.597879,Alces alces,56003281,Cervidae,LC,0,0,6.219511,10.629493,29.962068,889.476586,22.923205,-12.537366,35.46057,472.885639,94.864329,3.200905,82.932683,258.300147,12.95971,237.615781,12.95971,1877.598902,912.20745,48.255351,-0.478138,47.226208,-5.958283,4674.713749,45.565152,10.315967,39.166138,57.755126,3.078736,60.910949,7.485898,139.958357,222.970449,30.865341,60.684201,5.621723,0,0,0,0,0,0,0,0,0,0.269677,0.000249,0.726263,0.003811,0,0,0
80767,105.69811,37.00278,Alces alces,56003281,Cervidae,LC,0,0,8.58234,12.672112,30.557965,1040.133329,27.930621,-13.532854,41.463474,265.308519,68.111977,0.928825,94.953637,160.686687,4.736858,149.159201,4.736858,1531.035479,1039.126694,73.17677,-0.731723,23.75419,0.136332,5451.007583,20.583092,11.467581,41.664899,57.292309,1.042792,96.984291,4.800059,155.37278,213.22368,23.955574,41.76572,5.16587,0,0,0,0,0,0,0.008036,0,0,0.858409,0,0.128086,0.004474,0,0,0.000994
158842,105.70686,30.096238,Alces alces,56003281,Cervidae,LC,0,0,17.605322,6.602372,24.268261,744.02583,30.30907,3.103981,27.205088,1071.654094,211.279822,15.402885,79.262522,550.124644,48.077242,548.670269,48.077241,307.453741,1046.686397,29.512197,-0.02395,128.325997,96.685148,4379.198289,14.901257,11.609734,60.136638,15.022711,24.840651,19.542009,15.900496,39.639026,317.519445,34.336435,76.641131,5.686583,0,0,0,0,0,0,0,0,0.303173,0,0,0.001574,0.008203,0.687049,0,0
80849,105.731224,37.474997,Alces alces,56003281,Cervidae,LC,0,0,9.078135,12.692398,29.979524,1072.171258,28.758526,-13.57157,42.330097,223.802195,60.680594,0.481062,97.77761,138.408507,3.175122,128.518948,3.175122,1311.564324,1088.423754,78.561567,-0.785833,19.115575,2.114637,5742.97852,14.180499,12.01679,40.279195,58.350778,1.370027,100.450114,4.562697,155.127834,213.790001,23.449398,40.081747,5.124432,0,0,0,0,0,0,0.12059,0,0,0.59566,0.000828,0.269505,0.008531,0,0,0.004887
80931,105.764946,37.946692,Alces alces,56003281,Cervidae,LC,0,0,8.772998,12.532466,29.319949,1094.949048,28.623164,-14.110053,42.733217,203.82023,55.475412,0.558599,97.54878,126.045611,3.41462,118.605854,3.41462,1338.077048,1064.705999,79.810152,-0.797706,17.463709,-7.830109,5762.865509,12.802913,12.000701,40.170652,58.735281,1.094067,105.68643,4.262073,153.07044,215.805274,23.175326,38.840804,5.111887,0,0,0,0,0,0,0.256608,0,0,0.50783,0.000746,0.141602,0.010523,0,0,0.082691
158755,105.79648,24.395685,Alces alces,56003281,Cervidae,LC,0,0,19.057167,7.504304,32.675161,564.989775,29.678067,6.715028,22.963039,1221.584361,256.336292,8.230667,89.033014,707.83201,45.302441,707.83201,45.302441,773.922282,1311.63513,50.692843,-0.098912,168.473154,156.023983,3449.042169,81.799893,8.970515,44.744595,4.571053,50.684352,21.68326,25.573506,8.482971,355.783622,43.539605,102.771122,6.79904,0,0.060641,0,0.000663,0.128076,0,0,0.749565,0.055671,0.004474,0,0.000911,0,0,0,0
158841,105.806041,29.179154,Alces alces,56003281,Cervidae,LC,0,0,17.825725,6.520699,24.600992,718.790025,30.096831,3.591003,26.505828,1102.797321,186.981393,21.366016,69.336535,520.266226,67.095748,520.266226,67.095748,349.419288,1063.645656,35.736169,0.024377,138.371626,99.44499,4458.257067,25.340912,10.866533,61.104146,17.361824,21.53403,19.298287,16.131438,30.976953,325.701407,36.491218,81.970204,5.969712,0.000746,0.000249,0,0.000332,0.011692,0,0,0,0.212023,0.001907,0.013599,0.000415,0.020978,0.737479,0,0.000415
81094,105.834277,38.888559,Alces alces,56003281,Cervidae,LC,0,0,6.074932,11.368331,27.769608,1074.621251,25.474714,-15.305218,40.779932,210.532177,53.584008,1.113078,95.152276,127.731852,4.853271,125.246579,4.853271,1793.335543,955.307205,76.077457,-0.760593,18.076169,-39.177135,5561.248822,61.707148,9.287612,38.163464,54.983784,6.852752,127.832687,3.493115,157.919093,211.689649,19.399353,30.582237,4.761323,0.003479,0,0,0,0,0,0.009278,0,0.027421,0.829177,0.040925,0.004474,0.003976,0,0,0.081269
158756,105.840909,25.141119,Alces alces,56003281,Cervidae,LC,0,0,17.870101,7.735252,32.372184,587.209074,29.060974,5.157576,23.903398,1276.56071,246.579011,13.827553,81.529933,690.436167,59.128065,690.436166,59.128065,882.781676,1261.378178,48.49622,0.002731,176.489711,139.802497,3577.697317,75.587419,9.242117,60.2554,13.477498,26.267102,21.228772,24.53513,9.525735,354.484017,42.938384,101.649091,6.756726,0,0.044961,0,0.004471,0.036267,0,0,0.036598,0.733792,0.001573,0,0.003892,0.000911,0.137534,0,0
158757,105.887049,25.882828,Alces alces,56003281,Cervidae,LC,0,0,16.0632,7.398838,29.776362,626.352757,27.710099,2.868551,24.841548,1222.32701,238.378465,17.810137,76.084992,617.978548,62.373391,617.727963,62.373391,1145.455372,1155.1782,46.018106,0.10104,176.504758,111.33726,3588.46833,59.492277,9.746898,58.529636,14.183407,27.286957,21.434523,21.963716,12.149984,350.486703,42.058788,98.60333,6.689035,0,0.022195,0,0.014741,0.002153,0,0,0.000248,0.544845,0.001491,0,0.007371,0.007288,0.399669,0,0
81257,105.906234,39.828469,Alces alces,56003281,Cervidae,LC,0,0,9.195384,14.037096,28.93122,1250.313471,32.14836,-16.362282,48.510642,115.257236,32.081667,0.732395,97.692026,72.718169,3.357298,72.478359,3.357298,1045.706029,1120.389089,89.83851,-0.898532,8.366102,-23.35875,6582.693632,3.452031,13.518297,19.980184,80.006088,0.013728,148.043057,3.041011,159.778446,210.082222,16.500528,24.940149,4.464696,0,0,0,0,0,0,0,0,0,0.001408,0,0,0.001325,0,0,0.997266
80111,105.929679,30.614446,Alces alces,56003281,Cervidae,LC,0,0,17.384056,6.849598,24.640225,755.136372,30.385957,2.58798,27.797976,1074.286717,218.50394,13.359984,80.999306,563.059741,42.00838,549.471739,42.00838,338.727028,1037.871413,25.408577,-0.003643,128.09418,92.602554,4382.034758,20.06247,11.135207,62.784512,17.584562,19.630926,19.205241,16.161692,46.817662,307.741578,37.872808,84.590147,6.04001,0,0,0,0,0,0,0,0,0.251763,0.000581,0.001411,0.000747,0.035433,0.709817,0,0.000249
81339,105.943241,40.297718,Alces alces,56003281,Cervidae,LC,0,0,8.3295,13.127054,28.286524,1213.032412,30.560552,-15.804945,46.365498,114.39524,30.882661,0.865689,97.198386,72.343364,3.620905,72.084429,3.620905,1212.718658,1053.135611,89.410582,-0.894632,8.29691,-38.016965,6375.649527,12.32836,11.931336,27.314729,72.664458,0.020813,149.210918,2.926865,159.269611,210.311454,16.167575,24.090533,4.407135,0,0,0,0,0,0,0,0,0,0.00232,0,0,0.000331,0,0,0.997349
81421,105.980959,40.766511,Alces alces,56003281,Cervidae,LC,0,0,6.332152,12.882412,27.414868,1242.660189,28.82971,-18.134925,46.964635,117.820487,30.891511,1.08327,98.418631,75.227462,3.885498,75.218663,3.885498,1463.638733,966.348592,87.96424,-0.87972,8.875017,-55.512216,6057.333182,14.187221,11.80669,33.11214,66.761473,0.126388,148.586046,2.934955,160.161403,209.148091,16.006943,23.89843,4.353994,0,0,0,0,0,0,8.3e-05,0,0,0.024352,0,0,0,0,0,0.975565
158839,105.995405,27.340427,Alces alces,56003281,Cervidae,LC,0,0,13.461023,7.071926,26.819616,692.159005,25.944263,-0.429767,26.37403,1072.721764,196.43413,16.027806,70.892248,513.774496,52.194344,498.263399,52.194344,1415.805179,1013.491475,34.238102,0.077114,144.44585,67.319893,3830.259976,57.236066,9.552995,49.961895,14.149668,35.888438,18.803458,18.033948,23.013275,337.106664,37.188716,86.447571,6.18557,0,0.001491,0,0.118651,0.0464,0,0,0.356202,0.141851,0.000166,0,0.028254,0.00348,0.303505,0,0
81502,106.019406,41.234858,Alces alces,56003281,Cervidae,LC,0,0,7.049617,13.337022,27.080106,1300.230475,30.139861,-19.098103,49.237964,104.948525,28.086368,1.074431,97.854958,67.66138,3.663001,67.66138,3.663001,1289.97608,980.365349,89.74281,-0.897319,7.554668,-56.064998,6199.032676,9.776215,12.163319,32.26574,67.719452,0.014808,149.013071,2.87132,163.658512,205.4852,14.92036,22.034891,4.155889,0,0,0,0,0,0,0,0,0,0.029653,0,0,0,0,0,0.970347
158834,106.035683,23.256821,Alces alces,56003281,Cervidae,LC,0,0,19.157577,7.277737,34.17343,519.792696,28.997487,7.699435,21.298052,1442.398381,292.182985,15.698478,87.463993,824.43355,62.303661,824.433549,62.303661,955.375678,1195.697486,47.03378,0.177215,231.08191,143.01072,3017.543561,56.927476,9.708642,47.098543,7.692359,45.209098,23.269123,30.530042,1.68964,363.739104,50.478091,117.710924,7.302483,0,0.081193,0,8.3e-05,0.04623,0,0,0.453935,0.412925,0.002568,0.000746,0.001491,0.000414,0,0,0
81584,106.058604,41.702771,Alces alces,56003281,Cervidae,LC,0,0,7.548426,12.588564,25.642831,1335.264764,30.680306,-18.392022,49.072329,95.465757,25.811315,1.078944,97.19903,61.556827,3.771621,61.556827,3.771868,1096.896259,1002.818831,91.122812,-0.911154,6.592804,-55.28005,6374.430254,6.463107,12.69123,28.962869,71.033879,0.003251,146.782953,2.915514,166.936455,201.871797,14.186925,21.209549,4.006263,0,0,0,0,0,0,0,0,0,0.00058,0,0,0,0,0,0.99942
158835,106.080668,24.005756,Alces alces,56003281,Cervidae,LC,0,0,20.57701,7.557165,33.568332,550.87943,30.851475,8.348397,22.503077,1260.788549,251.610386,11.118207,86.483814,716.675976,50.284649,716.675976,50.284649,545.974738,1344.650757,48.967354,-0.127761,169.278261,167.525439,3494.227549,79.548397,9.111842,44.342769,5.47952,50.177711,22.076532,26.805447,5.016708,358.866085,44.72549,104.626667,6.887575,0.000166,0.142964,0,0.000663,0.082747,0,0,0.660896,0.097573,0.013501,0.000663,0.000663,0.000166,0,0,0
158838,106.086534,26.417844,Alces alces,56003281,Cervidae,LC,0,0,14.411745,7.253665,28.350613,657.11183,26.376455,0.793797,25.582658,1158.882826,222.209483,17.535669,73.34758,572.33488,59.300246,561.158862,59.300246,1368.520328,1075.920289,39.46206,0.145212,169.653923,89.746167,3580.040632,37.002562,10.436219,56.781746,16.471373,26.74688,20.625253,18.656041,13.731616,347.262681,39.140009,91.033376,6.425026,0,0.026926,0,0.022535,0.029246,0,0,0.005302,0.406048,0.000249,0,0.113007,0.023364,0.373322,0,0
80195,106.10294,32.948571,Alces alces,56003281,Cervidae,LC,0,0,13.378479,8.683463,29.203654,766.211022,27.544563,-2.196648,29.741211,824.409361,175.188881,4.765609,85.359015,453.517766,17.691662,418.65689,17.691662,1032.765419,1057.916372,47.000199,-0.219474,93.048332,68.731833,4558.331149,106.873248,8.36264,35.991882,12.346312,51.661807,32.453397,12.891184,91.947669,261.382896,38.194984,82.533665,6.014103,0,0,0,0.181442,0.166363,0,0,0.534631,0.021044,8.3e-05,0,0.002817,0.002154,0.091466,0,0
80521,106.139135,34.797445,Alces alces,56003281,Cervidae,LC,0,0,7.424658,10.259197,30.113491,856.364311,23.566489,-10.511384,34.077872,612.975655,111.070022,4.218847,79.187858,321.949903,16.706003,290.529983,16.706003,1726.599531,925.302203,41.624303,-0.336902,63.312574,5.724725,4575.464956,58.587225,9.58283,56.413474,22.248706,21.33782,50.947015,9.546641,130.25688,229.556479,34.176761,70.169622,5.926751,0,0,0,0.106628,0.001988,0,0,0.004308,0.039105,0.003065,0,0.804805,0.001988,0.038111,0,0
80603,106.157587,35.262129,Alces alces,56003281,Cervidae,LC,0,0,5.703168,10.283267,29.930079,863.10294,22.041391,-12.33633,34.37772,565.221566,106.233852,3.774689,80.92539,302.841575,15.309443,276.180314,15.309443,2000.640338,875.885981,42.991376,-0.332309,59.661661,-9.476702,4464.45258,61.559853,9.490657,52.240541,28.691221,19.068238,59.108112,7.765129,135.21531,226.864772,31.674502,62.672343,5.694137,0,0,0,0.112206,0.018466,0,0,0.000745,0.012173,0.079331,0,0.775257,0.000662,0.001159,0,0
80193,106.171311,31.128468,Alces alces,56003281,Cervidae,LC,0,0,17.145006,7.151344,25.391106,762.838756,30.312909,2.148999,28.16391,1075.859835,224.152463,11.148684,82.324938,572.941671,36.843154,549.238823,36.843154,365.046917,1067.430803,26.887661,-0.01236,127.923973,94.121548,4479.156401,18.830335,11.202004,67.097665,21.535274,11.367061,19.848822,16.324868,51.612772,301.357073,39.467206,88.33819,6.189586,8.3e-05,0,0,0,0.000166,0,0,0.000331,0.343828,0.001823,0.004308,0.000746,0.018807,0.629909,0,0
80192,106.22259,30.225052,Alces alces,56003281,Cervidae,LC,0,0,17.755888,6.60827,24.13204,747.521386,30.591049,3.208535,27.382514,1109.47695,205.512874,15.951336,74.264293,538.675141,51.162138,536.567482,51.162138,297.236306,1057.962738,25.857347,0.002284,130.043567,97.164486,4475.425516,17.231283,11.317928,66.525865,16.644367,16.829768,18.752978,16.078292,42.591743,312.232474,37.983985,84.825678,6.085925,0,0,0,0,0,0,0,0,0.096552,0.001575,0.00489,0.031493,0.014421,0.851069,0,0
80848,106.232422,36.660658,Alces alces,56003281,Cervidae,LC,0,0,8.073749,12.367916,30.695761,1011.30888,26.945665,-13.348991,40.294655,345.567333,80.415856,1.691289,90.512282,203.111802,7.226922,185.435468,7.226922,1650.922687,985.754812,63.046925,-0.630511,32.523383,-4.837242,5166.391996,37.053604,10.449818,48.336046,49.769514,1.894439,83.21894,5.449369,151.236,216.348255,26.428854,47.796395,5.423214,0,0,0,0,0,0,0,0,0,0.932146,0,0.060232,0.007622,0,0,0
80930,106.263295,37.128076,Alces alces,56003281,Cervidae,LC,0,0,7.929922,12.36608,30.281803,1031.147928,27.087314,-13.743207,40.830521,300.708845,74.677332,1.449381,93.141379,180.271426,6.09131,166.395918,6.09131,1663.395071,982.150931,67.730932,-0.677336,27.628043,-11.266771,5240.882489,28.369138,10.334554,40.71391,57.03566,2.25043,86.389901,5.206598,151.643066,216.284393,25.905618,46.150094,5.391326,0,0,0,0,0,0,0.003479,0,0,0.944836,0.000497,0.049201,0.001408,0,0,0.00058
158920,106.289446,26.949057,Alces alces,56003281,Cervidae,LC,0,0,14.746599,7.083297,26.886556,692.598264,27.136293,0.790374,26.345919,1091.199018,204.098427,16.133089,70.946627,531.705999,55.095169,506.776234,55.095169,1226.324787,1069.399618,31.168893,0.067624,149.095657,83.102929,3852.520848,50.889751,10.087676,56.758276,14.937743,28.303981,20.096525,18.128078,14.303057,345.812425,38.839744,89.969876,6.406966,0,0.009361,8.3e-05,0.008201,0.014912,0,0,0.005633,0.243062,0.000249,0.000746,0.016403,0.002734,0.698617,0,0
81011,106.300712,37.60028,Alces alces,56003281,Cervidae,LC,0,0,8.871841,12.977504,30.28567,1076.648365,28.720697,-14.122842,42.843539,250.889649,66.783582,1.012162,96.795335,154.526582,4.63513,142.52888,4.63513,1326.974127,1055.29828,75.625616,-0.75629,21.342249,-5.134941,5648.147464,13.700034,11.963415,42.019632,56.611982,1.368386,100.327615,4.477355,151.911801,216.540324,24.164577,41.323839,5.231121,0,0,0,0,0,0,0.007371,0,0,0.889183,0,0.101955,0.001077,0,0,0.000414
158915,106.31565,22.86688,Alces alces,56003281,Cervidae,LC,0,0,20.663309,7.595841,35.021912,522.537415,30.730318,9.044543,21.685775,1543.237314,307.610329,18.545509,88.167598,888.022804,76.401017,888.022804,82.156594,653.999846,1263.967774,48.183896,0.166922,237.004963,158.894996,3133.092637,46.454783,10.015987,48.399826,5.146026,46.454148,23.61477,30.755076,1.422783,363.950668,50.738785,118.084393,7.310407,0,0.118578,0,0,0.008452,0,0,0.57466,0.256298,0.008038,0,0.020799,8.3e-05,0.013092,0,0
81093,106.338816,38.071968,Alces alces,56003281,Cervidae,LC,0,0,8.902328,12.38193,28.995614,1089.128629,28.823835,-13.836825,42.66066,218.263121,59.591971,0.958467,97.345784,134.920695,4.638073,125.683256,4.638073,1200.77695,1062.252166,79.000751,-0.789972,18.114217,-10.721421,5789.591408,7.373123,12.595357,42.187289,55.482663,2.330048,103.817894,4.365368,152.513273,216.105302,23.67899,40.166707,5.193733,0,0,0,0,0,0,0.00058,0,0.000248,0.482484,0,0.489193,0.022277,0,0,0.005217
158916,106.362807,23.615683,Alces alces,56003281,Cervidae,LC,0,0,19.743122,7.187738,32.729145,542.345168,29.915936,7.959553,21.956384,1368.064729,270.335413,15.335809,86.161022,776.40764,61.488516,776.407639,61.488516,792.970946,1252.772406,49.068373,0.044347,198.769244,152.236517,3184.698533,69.027383,9.327719,39.781011,3.951741,56.267248,23.602762,29.766995,1.86817,363.494503,49.738001,116.284197,7.266776,8.3e-05,0.241531,0,0,0.134515,0,0,0.445871,0.175516,0.001491,0,0.000994,0,0,0,0
80275,106.385296,32.553974,Alces alces,56003281,Cervidae,LC,0,0,11.597449,8.70771,30.132559,738.626856,25.46883,-3.421887,28.890718,917.30959,186.118231,6.846049,81.037785,482.956053,24.624515,448.696699,24.624515,1365.733274,965.27629,35.038316,0.007674,115.830768,52.035065,4134.110767,125.955964,8.18943,32.072226,12.813294,55.11448,30.339418,13.436902,74.920917,275.977756,40.202793,87.020604,6.222738,0,0,0,0.218864,0.469526,0,0,0.31045,0.000745,8.3e-05,0,0,0.000166,0.000166,0,0
159003,106.407473,28.394239,Alces alces,56003281,Cervidae,LC,0,0,14.233812,6.172913,23.224847,734.207471,26.968821,0.41108,26.557741,1074.863945,175.66844,16.979465,66.551255,489.787953,55.224166,473.73389,55.224166,1108.539755,1013.176934,30.938553,0.085017,141.145218,69.241609,4177.157075,96.082519,8.626298,43.503189,12.892495,43.604316,17.907359,17.824287,23.144556,335.799578,38.433513,88.379633,6.372109,0.000662,0,0,0.025091,0.391024,0,0,0.364856,0.075108,0,0,0.001739,0.002319,0.139202,0,0
158917,106.411846,24.360671,Alces alces,56003281,Cervidae,LC,0,0,18.235397,7.396425,31.782618,579.537402,29.046792,5.764968,23.281825,1275.532065,247.33444,12.66478,84.029661,710.473818,56.582766,710.473818,56.582766,882.860197,1253.383412,46.802929,-0.019742,176.604957,144.726724,3318.591309,97.640143,8.754666,43.909464,6.305604,49.784932,22.064226,26.219646,5.22779,358.420101,44.504452,104.399337,6.895492,0,0.133637,0,0.003231,0.075808,0,0,0.706131,0.07763,0.002568,0,8.3e-05,0.000911,0,0,0
80274,106.417706,31.643461,Alces alces,56003281,Cervidae,LC,0,0,16.408034,7.516961,26.218586,774.480995,29.880602,1.212247,28.668355,1056.960963,223.005536,9.116774,82.60827,564.63711,32.3707,533.912815,32.3707,485.994039,1094.068822,31.224805,0.000593,130.406479,91.286117,4560.221444,46.79133,10.046291,58.686297,13.545583,27.76812,26.099559,15.061189,69.609735,282.866201,39.827043,87.758056,6.209127,0,0,0,0,0.004062,0,0,0.430703,0.456648,0,0,0,0.001658,0.10693,0,0
81338,106.457436,39.484052,Alces alces,56003281,Cervidae,LC,0,0,8.150577,13.126846,29.017203,1161.841178,29.553905,-15.633356,45.187261,162.210185,46.093201,0.925808,99.899199,102.373134,4.367563,99.742826,4.367563,1299.432764,1042.327293,83.883559,-0.838803,12.916344,-30.776767,6090.538583,22.815425,11.086853,29.671769,69.767227,0.561005,128.236627,3.42663,157.783735,211.652909,19.478482,30.282924,4.800279,0,0,0,0,0,0,0.00414,0,0,0.286164,0,0.000166,0.003643,0,0,0.705887
159085,106.527753,29.831162,Alces alces,56003281,Cervidae,LC,0,0,17.591328,6.558661,24.028321,746.498302,30.445288,3.153832,27.291456,1141.480657,193.162863,17.642517,69.051026,523.318623,57.765739,523.317471,57.765739,389.739722,1060.359813,23.614411,0.034106,134.411935,96.498976,4467.987665,51.132581,9.538241,60.75466,18.911422,20.333918,18.439058,15.756591,29.190257,325.591686,39.341183,87.554727,6.251735,0,0.000662,0,0,0.076172,0,0,0.00149,0.282497,0.000911,0.001904,0.001904,0.164266,0.469117,0,0.001076
159001,106.581165,26.557548,Alces alces,56003281,Cervidae,LC,0,0,14.725046,7.303883,27.561258,687.735176,27.207202,0.711243,26.495959,1125.699812,212.08215,17.571843,70.752134,553.366456,60.247408,522.016594,60.247408,1249.073114,1081.323654,29.604924,0.10491,158.276783,90.49586,3668.362575,26.970277,10.761404,55.663201,22.059786,22.277013,20.503328,18.683824,13.175286,347.391773,39.679217,92.245494,6.52059,0,0.020298,0,0.024275,0.023778,0,0,0.033554,0.478045,0.003065,0.013422,0.036123,0.102237,0.263297,0,0
81583,106.582922,40.891898,Alces alces,56003281,Cervidae,LC,0,0,6.291903,11.896573,26.270008,1212.653848,27.750592,-17.453379,45.203971,130.704928,35.35642,0.833826,102.293654,85.099872,3.402704,84.343451,3.402704,1447.246967,952.687674,85.922413,-0.859133,10.220136,-58.320767,5997.562301,38.925073,11.114247,37.824453,61.383711,0.791837,142.345664,3.022758,160.38335,208.642793,16.746897,25.049485,4.421998,0,0,0,0,0,0,0,0,0,0.406809,0.000166,0.094599,0.00058,0,0,0.497846
158996,106.593685,22.476795,Alces alces,56003281,Cervidae,LC,0,0,21.76692,8.213719,36.857148,520.319996,32.006635,9.727012,22.279623,1445.860786,276.033037,21.741532,80.84562,780.898468,80.99456,780.898468,89.04214,348.427772,1342.232439,49.406743,0.051001,214.376042,176.71717,3217.523969,47.83172,9.976882,52.495484,5.461113,42.043403,23.256212,32.034466,1.015321,364.202747,51.634424,119.844317,7.355071,0,0.18544,0,0,0.001656,0,0,0.609906,0.119265,0.01085,0,0.052013,0.003396,0.017476,0,0
80357,106.646673,33.072923,Alces alces,56003281,Cervidae,LC,0,0,13.11304,8.970889,29.480902,789.824737,27.625164,-2.826513,30.451676,843.443831,168.532558,5.495443,80.583013,447.527935,21.260212,403.161198,21.260212,942.467146,1011.617002,41.377934,-0.142183,97.863557,56.004115,4443.945999,83.302365,9.085688,42.350882,14.080689,43.568428,33.370405,12.636738,88.692952,264.11374,38.378852,82.71896,6.079652,0,0,0,0.173596,0.185771,0,0,0.367401,0.059715,0.000414,0,0.090608,0.005301,0.117028,0,0.000166
80520,106.662116,33.996129,Alces alces,56003281,Cervidae,LC,0,0,8.679264,9.388663,30.554217,781.53809,23.278962,-7.441776,30.720737,717.640626,129.734336,4.37902,77.589192,370.419947,17.83825,326.322507,17.83825,1568.940475,903.444537,37.799917,-0.157,83.917793,16.931452,4277.362317,108.809427,8.416276,30.349405,11.511008,58.139588,46.957893,10.468698,120.051704,237.203993,36.006898,75.014686,6.042135,0,0,0,0.796537,0.059896,0,0,0.097755,0.016651,0.004225,0,0.011764,0.00116,0.012012,0,0
159000,106.66496,25.635809,Alces alces,56003281,Cervidae,LC,0,0,16.714639,7.561462,29.4997,651.800259,28.782111,3.151643,25.630467,1215.40273,225.746651,18.88097,72.864352,607.216585,66.447311,584.365609,66.447311,903.285644,1210.860396,35.394138,0.03263,168.73321,123.658305,3648.865192,61.56523,9.646304,58.283496,12.907041,28.809464,21.74576,22.640075,10.392871,352.187371,43.060154,101.170871,6.832538,0,0.046546,0,0.002816,0.001242,0,0,0.230412,0.674342,0.001739,0,0.006212,0.001325,0.035365,0,0
80356,106.669411,32.159475,Alces alces,56003281,Cervidae,LC,0,0,14.94765,7.946311,27.009666,785.104915,28.918963,-0.497774,29.416737,1005.216335,207.728501,8.00997,80.892162,529.371112,29.226662,492.6016,29.226662,788.710233,1058.350538,34.171635,0.001962,124.625817,74.470786,4473.872573,98.89194,8.647937,45.062935,10.455088,44.481977,29.716285,13.499249,69.410338,280.928528,40.402258,87.527469,6.259391,0,0,0,0.003893,0.198459,0,0,0.781165,0.011679,0.00116,0.000166,0,0.003479,0,0,0
80602,106.676112,34.459409,Alces alces,56003281,Cervidae,LC,0,0,8.981725,9.641185,29.917676,823.169782,24.23063,-7.979968,32.210598,660.609036,119.740545,4.096954,78.554114,347.12475,16.551478,302.237212,16.551478,1466.299656,940.443765,39.351812,-0.264579,72.343047,15.638097,4562.154031,98.794195,8.488448,32.526401,14.098252,53.375347,49.359984,9.869651,124.179117,234.519437,35.118553,72.435296,6.005129,0,0,0,0.711315,0.040424,0,0,0.081842,0.064612,0.006875,0,0.060885,0.000249,0.033797,0,0
80765,106.715563,35.388802,Alces alces,56003281,Cervidae,LC,0,0,7.881874,10.957547,30.702178,890.451608,24.83066,-10.854491,35.685151,547.933421,103.287457,3.071469,81.816861,299.436224,13.026196,264.021851,13.026196,1573.812729,981.793534,46.789898,-0.412321,55.803194,8.777883,4937.257764,47.91542,10.169391,55.19413,27.089525,17.716345,55.75939,8.251298,125.918225,234.894837,33.918086,67.701727,5.931662,0,0,0,0.050112,0.002319,0,0,0,0.011182,0.047544,0,0.863911,0.009525,0.015406,0,0
80847,106.740621,35.854728,Alces alces,56003281,Cervidae,LC,0,0,8.055149,11.8775,31.23292,941.744854,25.9436,-12.082206,38.025806,493.350452,99.182869,3.01267,84.077961,276.465399,12.420685,246.099388,12.420685,1574.649046,981.033158,49.035844,-0.485354,47.784092,4.905465,4999.395641,42.630006,10.210083,57.421432,38.750849,3.827718,61.735819,7.483407,134.916141,227.781897,31.328735,61.233899,5.71239,0,0,0,0,0,0,0,0,0,0.580613,0,0.418144,0.001243,0,0,0
80929,106.768985,36.321361,Alces alces,56003281,Cervidae,LC,0,0,7.618394,12.258215,31.373354,965.549881,26.019496,-13.05247,39.071966,445.776058,95.856998,3.017468,86.729498,255.34851,11.21642,230.741715,11.21642,1687.900248,951.74544,53.2001,-0.532053,41.55113,-5.649063,4962.397328,38.428347,10.45792,56.203483,40.553915,3.242602,70.418364,6.404681,141.92516,223.048881,29.21899,54.931801,5.64615,0,0,0,0,0,0,0,0,0,1,0,0,0,0,0,0
159082,106.788638,27.084713,Alces alces,56003281,Cervidae,LC,0,0,14.527168,7.066134,26.124433,717.783564,27.328,0.283679,27.04432,1088.269317,197.296982,17.10023,68.279117,521.41972,58.386999,484.919598,58.386999,1149.991158,1063.61125,29.120958,0.076509,146.620793,79.662773,3930.739606,48.960027,9.833159,55.558963,15.099448,29.34159,18.703625,18.248321,14.527758,343.746012,40.843161,94.301784,6.70902,8.3e-05,0.006709,0,0.048865,0.025841,0,0,0.162001,0.476313,0.000497,0.000497,0.004141,0.003561,0.271492,0,0
159076,106.869834,22.086572,Alces alces,56003281,Cervidae,LC,0,0,21.893813,8.416547,37.428306,520.095383,32.296352,9.812432,22.483921,1300.720405,248.505821,20.134784,77.006624,671.09602,73.747575,670.579073,84.673993,276.757716,1319.090664,46.639484,0.001906,205.520138,178.47386,3113.938181,39.008849,10.123899,53.730067,5.08806,41.181873,23.806895,32.031857,0.869453,364.335024,51.741155,120.020828,7.355114,0,0.252982,0,0,0,0,0,0.32505,0.311133,0.003728,0,0.055086,0.006461,0.04556,0,0
159081,106.870618,26.165908,Alces alces,56003281,Cervidae,LC,0,0,14.724211,7.350936,27.975211,679.869837,27.196686,0.920357,26.276329,1179.847368,218.684269,19.817235,70.105931,578.338861,67.195442,545.176438,67.195442,1234.543286,1083.336428,31.025444,0.143593,169.020947,92.982746,3508.240497,46.987582,9.888673,54.082838,14.177649,31.739513,20.1452,21.659765,8.735527,352.30973,43.380066,101.154591,6.873934,8.3e-05,0.03496,0,0.030983,0.014332,0,0,0.33974,0.534753,0.004805,0,0.013338,0.002237,0.02477,0,0
81255,106.91477,38.196443,Alces alces,56003281,Cervidae,LC,0,0,8.140407,13.526813,30.770549,1095.353483,28.615365,-15.343215,43.958579,268.827517,72.04725,1.960616,96.401916,164.40814,7.723937,154.364078,7.723937,1401.635998,1017.091052,75.283422,-0.752984,20.583206,-19.639371,5649.09144,5.795306,12.634889,46.34005,52.188859,1.471091,101.306628,4.432927,151.940341,216.509727,24.216456,41.325515,5.273519,0,0,0,0,0,0,0,0,0,0.992627,0,0.002651,0.000166,0,0,0.004556
159077,106.921139,22.835135,Alces alces,56003281,Cervidae,LC,0,0,21.450986,7.833442,34.614092,544.763342,31.894337,9.273763,22.620574,1491.903957,275.917069,25.972701,80.747679,813.187966,92.016158,813.187965,100.48161,436.247888,1307.24025,44.863934,0.092278,217.044703,169.368641,3172.843077,49.470902,10.003105,49.05973,4.87035,46.06992,23.754945,31.421889,1.016313,364.161495,50.352592,116.770044,7.251942,0,0.251387,0,0,0.001739,0,0,0.452414,0.257517,0.005135,0,0.027499,0.002651,0.001657,0,0
80437,106.95498,31.765032,Alces alces,56003281,Cervidae,LC,0,0,16.069314,7.534149,26.022736,783.327246,29.693627,0.742909,28.950718,1079.921875,208.730533,10.717876,75.711297,539.049252,38.495231,506.038319,38.495231,551.8269,1088.004363,27.006806,0.036669,132.544118,84.096683,4586.943872,66.552783,9.359357,53.728277,12.305709,33.966014,28.984081,13.543098,65.571225,285.256506,40.36804,87.419575,6.287137,0,0,0,0.000166,0.04224,0,0,0.858208,0.072553,0.001325,0.000166,0.000331,0.012009,0.013003,0,0
159078,106.974523,23.579695,Alces alces,56003281,Cervidae,LC,0,0,21.626274,7.844457,33.900696,563.609194,32.253471,9.132913,23.120558,1442.126312,269.22165,24.415928,80.569975,785.209306,90.480184,785.209307,91.701794,382.855179,1327.400865,41.268443,-0.001804,192.121702,169.903753,3374.412386,41.219572,10.18296,54.23779,7.935677,37.826534,22.537663,29.610565,2.348946,362.049573,49.834024,116.577242,7.323378,8.3e-05,0.106436,0,0,0.010602,0,0,0.264806,0.422927,0.00555,0,0.042326,0.011513,0.135757,0,0
80436,106.995407,30.858025,Alces alces,56003281,Cervidae,LC,0,0,17.181671,6.823555,24.33765,766.937861,30.348933,2.314047,28.034886,1176.354276,206.953683,15.195265,70.444922,546.452809,51.206581,529.616543,51.206581,401.371007,1079.938803,30.17706,0.035537,133.105713,92.61249,4585.040591,35.355537,10.324829,61.136997,15.048312,23.814691,21.222968,15.238504,39.395041,313.56749,40.189831,88.811672,6.286514,0.002737,0.000498,0,0.008376,0.079781,0,0,0.00423,0.196218,0.000581,0.00282,0.008625,0.010035,0.686101,0,0
81419,107.002201,39.138308,Alces alces,56003281,Cervidae,LC,0,0,8.294716,13.456976,29.864464,1142.741975,29.466712,-15.584131,45.050842,199.551963,59.588417,0.939083,104.587925,129.105041,4.332939,122.132401,4.332939,1188.650204,1055.586021,81.172121,-0.811515,15.480532,-23.366922,6036.281609,8.043516,12.511327,40.690896,57.822005,1.487098,121.411238,3.581777,157.099799,212.134453,20.603835,32.436022,4.9188,0,0,0,0,0,0,0.003479,0,0,0.825547,0,0.107522,0.017478,0,0,0.045974
80435,107.045321,29.955112,Alces alces,56003281,Cervidae,LC,0,0,17.48763,6.567542,23.917186,755.056393,30.357192,2.90079,27.456402,1185.165086,187.392061,17.887366,65.602803,517.647855,60.432538,512.791242,60.432538,396.984775,1075.516273,22.700768,0.043362,135.3317,94.180598,4527.604588,42.729752,9.808526,62.720017,15.910653,21.36933,17.599797,15.566728,23.467184,331.809808,39.582551,88.060367,6.320743,0,0,0,0,0.056412,0,0,0.002651,0.256627,0.005302,0.018887,0.006544,0.02775,0.623923,0,0.000331
81500,107.047151,39.608523,Alces alces,56003281,Cervidae,LC,0,0,7.239558,12.822151,28.982393,1143.160206,28.33639,-15.873545,44.209935,193.312259,57.095791,0.889694,105.137607,125.531223,4.455973,120.222785,4.455973,1444.613338,989.756832,80.101471,-0.800978,15.435231,-39.716974,5867.899785,25.988243,10.91458,37.633525,60.904489,1.461986,122.801841,3.373835,156.404964,212.632705,20.328436,30.976748,4.918625,0,0,0,0,0,0,0.001656,0,0,0.72006,0,0,0.017144,0,0,0.251201
159162,107.157862,25.774144,Alces alces,56003281,Cervidae,LC,0,0,16.20153,7.409284,28.226633,680.541679,28.658116,2.40602,26.252097,1222.928537,221.758967,22.19822,69.678114,599.270068,74.045025,562.614484,74.045025,959.783491,1137.320581,29.531526,0.114852,172.624089,106.54182,3535.778177,57.802846,9.626545,54.499741,13.85511,31.645149,20.097243,23.14867,7.343811,354.246199,44.318266,103.600195,6.9691,0,0.013087,0,0.01756,0.000828,0,0,0.380104,0.580303,0.004556,0,0.001822,0.001242,0.000497,0,0
81745,107.187204,41.016429,Alces alces,56003281,Cervidae,LC,0,0,7.238282,11.640274,25.936821,1199.53387,28.058365,-16.790617,44.848983,138.896086,38.232749,0.821809,101.987753,90.439478,4.055427,87.87807,4.056677,1142.737009,1004.855254,86.407951,-0.864168,10.355747,-50.304832,6247.289832,19.983792,13.147808,37.53864,61.137811,1.323549,137.528118,3.094424,160.683952,208.13875,17.278276,25.893904,4.464399,0,0,0,0,0,0,0,0,0,0.356634,0,0.600712,0.008862,0,0,0.033792
159158,107.19743,22.44467,Alces alces,56003281,Cervidae,LC,0,0,22.307437,8.570309,36.525054,552.658133,33.125032,9.664138,23.460894,1460.315336,259.821617,25.758267,76.383955,766.77956,95.653381,766.77956,99.387195,207.422184,1323.716544,40.926428,0.090705,222.512388,178.993428,3149.753068,31.283333,10.597519,61.026928,7.754028,31.219044,24.707057,31.134138,0.638194,364.556162,48.841505,112.643441,7.082804,0,0.110835,0,0,0.000993,0,0,0.146263,0.576939,0.024253,0.000248,0.079877,0.007781,0.052645,0,0
80601,107.199431,33.656225,Alces alces,56003281,Cervidae,LC,0,0,9.338593,9.220267,30.744444,758.953995,23.59876,-6.386046,29.984805,782.633195,140.208619,5.825043,75.221409,395.699592,22.641402,345.124078,22.641403,1446.695978,898.057624,35.128892,-0.052842,95.909404,21.241896,4184.34405,133.256321,7.996219,25.474934,9.784958,64.740107,38.34021,11.681264,91.578574,262.86158,37.837673,80.18857,6.128574,0,0,0,0.850895,0.11274,0,0,0.03272,0,0.003313,0,0,0.000331,0,0,0
80518,107.209261,32.280311,Alces alces,56003281,Cervidae,LC,0,0,13.655118,8.21114,27.755786,780.128843,27.8085,-1.780343,29.588843,1011.627474,190.091004,9.609051,74.250296,498.52362,35.036893,460.413382,35.036893,1007.466646,1004.352223,29.497047,0.060352,126.604127,58.127417,4316.738692,136.319843,7.939739,30.728118,9.147198,60.124684,30.167492,13.49801,62.186449,284.56876,41.504711,90.242018,6.339327,0.000497,0,0,0.365391,0.271869,0,0,0.361581,0.000414,0.000166,0,0,0,8.3e-05,0,0
80764,107.228963,34.582605,Alces alces,56003281,Cervidae,LC,0,0,11.527927,10.72907,30.546653,888.431438,28.31694,-6.804863,35.121803,651.307773,120.400065,4.06984,77.687784,343.668081,17.356543,288.142879,17.356543,949.429153,1030.144329,41.834988,-0.34984,67.410145,32.445928,5002.572463,38.616926,10.388225,58.70349,22.955504,18.341007,52.492575,8.710126,119.818476,239.637264,35.0615,70.79908,6.017127,0,0,0,0.139568,0.000663,0.000248,0,0.011762,0.213866,0.00497,0.005301,0.389713,0.056655,0.175847,0,0.000331
159161,107.234703,24.853272,Alces alces,56003281,Cervidae,LC,0,0,17.987813,7.566149,29.728504,648.215715,29.977084,4.530338,25.446746,1332.009695,241.333052,23.46396,73.55015,665.234998,82.365323,662.394519,82.365323,690.898273,1235.83763,32.259241,0.077182,185.488266,138.435743,3459.898977,87.376708,8.921328,45.760914,8.036102,46.202984,21.998669,24.711528,4.963721,358.225344,44.888125,106.463776,7.044625,0,0.17669,0,0.001657,0.004887,0,0,0.733267,0.079357,0.003645,0,0,0.000497,0,0,0
81827,107.235702,41.484856,Alces alces,56003281,Cervidae,LC,0,0,5.08391,11.614221,25.297878,1246.505459,26.791687,-19.085135,45.876822,152.423021,39.78748,1.45202,100.09783,97.139524,5.39913,96.531536,5.39913,1544.550976,894.024479,83.185644,-0.8319,11.689181,-73.723395,5816.23028,29.696585,10.813727,37.818536,61.947603,0.233861,137.631557,3.055779,166.510136,202.160069,15.474495,23.128218,4.142138,0,0,0,0,0,0,0.002071,0,0,0.267418,0,0.000746,0.000663,0,0,0.729103
80846,107.249877,35.047303,Alces alces,56003281,Cervidae,LC,0,0,9.334573,10.967056,30.582859,900.42257,26.364428,-9.502307,35.866735,601.374189,109.972276,3.965885,79.198682,323.087339,15.665311,275.65959,15.665311,1271.610957,987.564269,42.838541,-0.368962,62.028309,16.925285,4912.729208,45.413285,10.054278,54.416261,21.979725,23.604014,53.600066,8.296176,122.461759,238.024197,34.341244,68.910832,5.998283,0,0,0,0.157529,8.3e-05,0.003975,0,0,0.154795,0.010601,0,0.585142,0,0.087875,0,0
159159,107.252891,23.189026,Alces alces,56003281,Cervidae,LC,0,0,21.309876,7.928145,33.873464,565.354132,32.166954,8.767437,23.399516,1523.496887,276.507308,29.747323,78.30861,817.176817,102.797978,817.176818,114.852928,455.546735,1283.421342,37.415903,0.119075,216.367433,164.130738,3176.597577,34.115901,10.423888,52.004184,7.127164,40.868652,23.470671,29.568096,1.860085,362.664338,49.728313,115.160928,7.21821,0,0.084278,0,0,0.000662,0,0,0.268731,0.631923,0.001407,0,0.007617,0.002401,0.00298,0,0
80928,107.274605,35.51287,Alces alces,56003281,Cervidae,LC,0,0,9.333132,11.174343,29.956082,945.623987,26.923002,-10.37718,37.300182,556.207691,105.67384,3.607252,81.938414,307.941776,14.381126,265.697319,14.381126,1270.431557,997.706435,47.299267,-0.441936,53.927732,13.972439,5028.893287,47.258728,9.966423,62.138153,31.386729,6.475118,55.7499,8.203357,124.480945,236.40202,34.059057,67.882292,5.969943,0,0,0,0.000249,0,0,0,0,0.001905,0.132704,0,0.859924,0.00116,0.004059,0,0
81909,107.285148,41.952866,Alces alces,56003281,Cervidae,LC,0,0,5.70841,11.987263,25.291919,1290.928363,28.191109,-19.200723,47.391832,138.171289,35.452839,1.825176,95.833519,86.09352,6.351496,86.027699,6.351496,1327.741472,921.377236,85.679031,-0.856891,10.01752,-72.640959,6019.3354,8.344619,12.197897,27.022509,72.977305,0.000186,130.409003,3.155914,169.110989,199.061412,15.335615,23.086135,4.031808,0,0,0,0,0,0,0,0,0,0.002071,0,0,0,0,0,0.997929
81009,107.302951,35.979217,Alces alces,56003281,Cervidae,LC,0,0,8.895734,11.494431,30.078637,966.372424,26.785088,-11.421288,38.206376,508.218878,102.529934,3.072622,85.020511,289.247426,12.642823,253.901279,12.642823,1376.641669,981.079098,49.178071,-0.491293,47.444874,5.411145,5032.477636,39.266176,10.320959,59.153714,36.336854,4.509432,63.65684,7.316504,131.803535,230.930135,31.648972,61.169602,5.804509,0,0,0,0,0,0,0,0,0,0.943009,0,0.056991,0,0,0,0
159160,107.310559,23.929177,Alces alces,56003281,Cervidae,LC,0,0,20.532228,7.764969,32.175616,601.990669,31.842071,7.717114,24.124957,1463.238385,267.443343,28.183933,76.42299,768.442818,102.872522,768.442818,105.771165,424.216533,1296.586352,34.862605,0.053167,195.198688,161.895174,3381.390008,56.921667,9.603906,40.855093,5.987719,53.157188,22.329128,26.321784,4.970838,358.201156,46.699801,109.12205,7.10183,0,0.241196,0,0,0.003397,0,0,0.275251,0.457039,0.001243,0.013009,0.000829,0.000331,0.00754,0,0
81091,107.334729,36.446259,Alces alces,56003281,Cervidae,LC,0,0,8.785003,12.311068,30.764087,1003.39891,27.549409,-12.464448,40.013857,452.514201,98.643488,2.497551,88.226341,263.669517,10.398,235.385118,10.398,1406.391277,995.347164,56.143669,-0.56144,39.897773,1.023949,5178.865636,53.50805,9.864929,52.150425,43.422572,4.427004,78.578611,5.974871,138.085125,227.049416,28.569294,52.872144,5.616344,0,0,0,0,0,0,0,0,0,0.999171,0,0.000249,0.00058,0,0,0
159328,107.346809,29.560103,Alces alces,56003281,Cervidae,LC,0,0,16.400315,6.497208,23.711261,754.712879,29.232224,1.838156,27.394068,1206.255788,182.434098,18.917099,62.925182,524.129493,64.548586,500.88393,64.548586,628.480229,1040.224705,23.293274,0.111862,144.542281,82.033922,4361.523915,79.162185,8.97952,53.410657,14.028073,32.56127,17.662048,15.690543,23.759906,331.335306,40.081251,89.297963,6.40256,0.013859,0.001245,0,0.005726,0.084647,0,0,0.50805,0.115021,0.009959,0.002988,0.013776,0.013278,0.231203,0,0.000166
81173,107.369762,36.913918,Alces alces,56003281,Cervidae,LC,0,0,8.127737,12.825753,31.419814,1017.70204,27.37539,-13.446369,40.821759,399.212543,93.441484,2.19574,91.333699,237.469631,8.577423,214.698951,8.577423,1537.013655,981.114662,60.474775,-0.604769,34.481408,-8.130222,5217.723638,52.376353,9.772227,42.635769,54.434332,2.9299,83.626686,5.169214,146.633195,220.737589,27.195759,48.474843,5.562857,0,0,0,0,0,0,0,0,0,1,0,0,0,0,0,0
81254,107.407887,37.382125,Alces alces,56003281,Cervidae,LC,0,0,7.872786,12.846639,30.928585,1041.171186,27.459813,-14.079618,41.539432,352.229578,87.388213,2.167997,93.888082,213.40775,8.12159,194.773675,8.12159,1564.065363,987.288278,65.348269,-0.653454,29.395272,-13.758131,5356.672042,30.787826,10.615196,42.571165,55.640311,1.788524,82.903309,4.883571,147.948115,219.700449,26.987513,47.866753,5.644794,0,0,0,0,0,0,0,0,0,0.998426,0,0.000746,0.000414,0,0,0.000414
159327,107.427751,28.648591,Alces alces,56003281,Cervidae,LC,0,0,14.327324,6.457339,23.664317,747.819848,27.406611,0.129336,27.277275,1186.866691,188.325579,20.186082,62.456641,525.815764,67.447591,492.549554,67.447591,968.837032,1013.20724,24.611698,0.143946,147.816693,69.720435,4202.930837,102.230175,8.327229,55.212219,14.278554,30.509226,18.550835,17.081758,13.395344,342.610671,41.479754,93.973479,6.706225,0.000663,0.000166,0,0.043907,0.054345,0,0,0.574186,0.198492,0,0,0.002651,0.001325,0.124265,0,0
159243,107.442952,25.382265,Alces alces,56003281,Cervidae,LC,0,0,16.593364,7.494831,28.576318,678.971441,29.072155,2.842431,26.229724,1293.928922,231.817613,24.210359,69.778305,629.951522,83.644822,605.099306,83.644822,899.848271,1145.205431,27.164176,0.154308,184.68646,112.258582,3420.566267,38.893821,10.278277,49.012404,11.466795,39.520801,21.950544,24.135146,5.749835,356.995223,44.714623,105.59941,7.032139,0,0.079791,0,0.009777,0.003729,0,0,0.489684,0.405667,0.007789,0,0.002817,0.000663,8.3e-05,0,0
81336,107.448946,37.850812,Alces alces,56003281,Cervidae,LC,0,0,8.261974,13.226668,30.587856,1084.632278,28.459327,-14.777619,43.236946,314.047797,82.963473,2.130527,96.695274,193.661481,8.143214,178.533195,8.143214,1391.582546,1034.543148,71.679092,-0.716816,24.094605,-11.649042,5671.836389,8.852694,12.55874,48.170251,49.96973,1.860019,86.31273,4.880644,148.348903,219.422205,26.61717,46.776136,5.556764,0,0,0,0,0,0,0,0,0,0.965797,0.000994,0.006625,0.00472,0,0,0.021781
80600,107.469607,32.796647,Alces alces,56003281,Cervidae,LC,0,0,11.337726,9.090489,29.782282,785.274244,25.98313,-4.569472,30.552602,931.926963,169.686713,8.629399,72.888894,455.479184,32.162032,411.80653,32.162032,1199.574699,953.692916,34.645036,0.012906,113.326659,40.62546,4222.330917,113.157749,8.541816,33.489989,12.205715,54.304297,31.099644,13.33005,63.7858,282.647734,41.630746,90.397468,6.358092,0,0,0,0.327699,0.278399,0,0,0.345596,0.01102,0.000166,0,0.009529,0.000414,0.027177,0,0
159239,107.471868,22.054086,Alces alces,56003281,Cervidae,LC,0,0,21.73869,8.316458,35.830082,544.845949,32.491308,9.294818,23.196491,1672.875232,318.885016,27.478134,80.80533,913.510226,100.635132,913.510226,106.710488,278.154327,1262.511327,33.671412,0.252967,271.217438,174.883012,2907.085462,40.139719,10.246427,55.695278,5.990821,38.313901,24.472055,30.865693,0.691992,364.479699,51.657225,119.342157,7.266898,0,0.234787,0,0,0.001409,0,0,0.190267,0.372078,0.004726,0,0.103134,0.000497,0.093102,0,0
80599,107.49303,31.884136,Alces alces,56003281,Cervidae,LC,0,0,14.962635,7.901185,26.656811,795.105862,29.116934,-0.520716,29.63765,1092.210431,196.575147,11.949521,70.874904,515.445435,43.072012,481.624735,43.072012,802.712612,1050.653448,31.558177,0.092682,136.489525,71.763566,4450.325111,101.138306,8.588847,40.007124,11.360572,48.632305,29.449728,13.497206,63.542218,285.887565,41.136124,89.131486,6.366466,0,0,0,0.055169,0.1723,0,0,0.760852,0.006875,0.001325,0,0.000331,0.002485,0.000663,0,0
159326,107.50576,27.736253,Alces alces,56003281,Cervidae,LC,0,0,14.588476,6.949896,24.853334,756.021024,27.938388,-0.008456,27.946845,1118.006542,186.290583,20.146592,63.555798,508.577644,65.998338,466.730189,65.998338,948.55006,1063.040133,18.932998,0.079881,141.058999,75.888796,4301.119541,52.284304,9.660159,55.204751,14.154816,30.640432,17.405692,17.836332,12.812799,343.250224,42.543903,98.339528,7.029483,0.000331,0.002816,0,0.05724,0.059145,0,0,0.516899,0.238154,0.000497,0,0.007041,0.002651,0.115225,0,0
159242,107.516453,24.461833,Alces alces,56003281,Cervidae,LC,0,0,18.736184,7.199331,28.965346,642.149791,30.277057,5.437625,24.839431,1436.710667,257.901504,27.700902,73.472095,725.233718,101.185398,725.233719,101.790222,606.762816,1231.78187,28.163597,0.128677,198.899149,143.997708,3347.149167,79.963699,9.055206,43.361623,7.035775,49.602601,21.963475,25.655605,5.073295,357.942787,46.325573,109.163664,7.135008,0,0.143768,0,0,0.006046,0,0,0.738385,0.104348,0.005714,0.001325,0.000414,0,0,0,0
159240,107.529345,22.798243,Alces alces,56003281,Cervidae,LC,0,0,21.786948,8.175286,34.326349,572.756153,32.798499,8.99951,23.798989,1541.731631,273.457931,31.119204,75.619406,808.985516,109.268807,808.985514,120.581189,298.083581,1285.504537,34.897176,0.147374,227.231165,170.189221,3114.440789,40.059237,10.289177,50.020206,5.52275,44.457043,25.345085,30.158839,0.689304,364.464314,48.222665,110.97992,7.030184,0,0.281382,0,0,0.002154,0,0,0.231336,0.346756,0.012926,0.000414,0.10092,0.00232,0.021709,0,0
80597,107.575554,30.072302,Alces alces,56003281,Cervidae,LC,0,0,17.373155,6.621376,23.885343,763.213689,30.401129,2.682068,27.719062,1235.413151,184.796335,18.257107,63.373614,530.065024,63.16401,509.06363,63.16401,423.52802,1085.749309,24.269723,0.093447,142.42533,90.040719,4586.527686,43.801236,9.924474,62.080167,14.996724,22.923109,15.982984,14.767092,9.971219,347.040594,38.534216,85.038394,6.249289,0.002403,0.00116,0,0.000249,0.041922,0,0,0.019967,0.144076,0.010108,0.010853,0.028832,0.001326,0.735377,0,8.3e-05
159241,107.589126,23.538093,Alces alces,56003281,Cervidae,LC,0,0,21.287421,7.902963,32.602572,600.668711,32.598728,8.365515,24.233213,1565.841872,279.251194,34.571374,74.278644,812.795267,117.863961,812.795268,136.650471,347.037386,1285.712466,28.045251,0.141345,216.829655,164.072455,3285.87872,43.657359,10.06266,51.851673,7.299628,40.848699,23.359501,29.035046,2.171286,362.156417,49.632987,115.264951,7.251516,8.3e-05,0.10603,0,0,0.000249,0,0,0.257538,0.574304,0.00439,0.000331,0.010934,0.011763,0.034377,0,0
81581,107.589386,39.261752,Alces alces,56003281,Cervidae,LC,0,0,7.544811,14.017555,30.439084,1156.231094,29.219513,-16.831037,46.05055,254.940988,76.087583,1.877196,104.695106,163.764676,7.574144,155.972172,7.574144,1344.89282,1012.820466,77.084868,-0.770695,18.208063,-30.824629,5875.539386,7.013061,12.4141,52.436353,46.188683,1.374964,109.980028,3.764455,156.618532,211.998139,22.240527,35.067845,5.07686,0,0,0,0,0,0,0,0,0,0.999171,0,0,0,0,0,0.000829
159409,107.645757,29.164953,Alces alces,56003281,Cervidae,LC,0,0,14.068168,6.671401,24.391931,742.14476,27.249248,-0.095186,27.344434,1260.137316,193.687005,21.184402,61.410202,547.465027,71.433127,513.405885,71.433127,1004.448152,974.227558,20.587712,0.225277,159.528856,62.709873,4051.93605,128.037508,8.020036,45.012719,14.316429,40.670851,18.71479,15.761816,20.457281,333.535086,41.539703,92.542868,6.589552,0.005884,8.3e-05,0,0.07881,0.144361,0,0,0.649954,0.098367,0.0029,0,0.002486,0.000497,0.016657,0,0
159408,107.722803,28.254126,Alces alces,56003281,Cervidae,LC,0,0,14.191343,6.672909,24.153448,753.839675,27.473729,-0.14228,27.616009,1180.063762,192.30847,20.650765,62.406511,527.247937,69.094876,486.058942,69.094876,972.686165,1029.066083,23.737482,0.136134,146.192777,70.399388,4224.713599,67.941844,9.223418,45.591141,12.364335,42.044525,18.555197,17.448702,13.622936,342.304409,42.200565,96.148399,6.840784,0.000829,0.000249,0,0.039884,0.120896,0,0,0.528441,0.30257,0.000249,0,0.000746,0.000663,0.005473,0,0
159323,107.725942,24.990275,Alces alces,56003281,Cervidae,LC,0,0,17.59359,7.632186,29.236928,671.610023,29.99362,3.892381,26.101239,1379.670628,245.664497,27.252602,70.332439,669.638107,96.560161,660.584553,96.560161,705.11947,1179.248354,24.057396,0.169164,195.072157,126.456499,3391.742348,67.422924,9.342804,42.267545,7.826696,49.905759,21.78055,24.899488,4.566363,358.563828,45.412303,108.021468,7.139036,0,0.179205,0,0.00116,0.005882,0,0,0.740099,0.069263,0.00174,0,8.3e-05,0.002568,0,0,0
80682,107.736724,33.314086,Alces alces,56003281,Cervidae,LC,0,0,12.667266,9.067022,29.666883,794.663183,27.231775,-3.3572,30.588975,824.660676,148.060823,6.829301,72.837854,406.372229,26.406688,354.492551,26.406688,887.908076,1010.826328,36.35765,-0.160608,92.260133,45.825158,4583.118099,83.459628,9.177524,36.722446,12.433567,50.843986,34.292473,12.167118,68.850095,282.117375,41.204771,87.16382,6.401488,0,0,0,0.458799,0.033375,0,0,0.33764,0.021698,0.001491,0,0.042567,0.004141,0.10029,0,0
81826,107.741222,40.671013,Alces alces,56003281,Cervidae,LC,0,0,7.627864,13.401028,27.553606,1269.987206,30.289156,-18.292302,48.581458,171.157987,47.938115,1.602145,102.860189,111.69493,6.755742,106.806294,6.755992,1069.169839,1024.089215,83.622443,-0.83614,12.816524,-43.718672,6254.427069,3.100615,13.72308,29.36442,69.718107,0.917473,114.058716,3.612289,158.787339,209.666889,21.05119,32.604274,4.911615,0,0,0,0,0,0,0,0,0,0.293075,0,0.072979,0.008946,0,0,0.625
159319,107.744499,21.663388,Alces alces,56003281,Cervidae,LC,0,0,21.300308,6.9838,33.041157,524.172676,31.120694,9.991794,21.128901,2122.745265,442.304758,31.256649,87.108556,1219.517703,117.511311,1219.517702,122.202191,349.960671,1205.589363,29.635076,0.430611,358.467528,172.709206,2646.162413,86.680911,8.951286,45.738571,5.038417,49.223012,24.405005,31.351153,0.76658,364.388668,54.093775,125.473827,7.473735,0,0.523533,0,0,0,0,0,0.267153,0.113441,0.007043,0.017401,0.005966,0.006132,0.028008,0,8.3e-05
80681,107.749907,32.398661,Alces alces,56003281,Cervidae,LC,0,0,12.616749,8.702529,29.05006,774.508172,27.086065,-2.887822,29.973887,1008.433541,179.02221,10.614803,70.350108,476.124202,38.9851,437.455076,38.9851,1121.236303,985.82751,29.816167,0.103794,129.279857,51.2036,4262.143826,128.647745,8.091674,31.83022,10.413878,57.755902,30.98397,13.166447,54.337519,290.602578,42.551307,91.864996,6.412637,0,0,0,0.49209,0.091858,0,0,0.414561,0.000414,0.000331,0,0.000331,0.000166,0.000248,0,0
80927,107.782779,34.703229,Alces alces,56003281,Cervidae,LC,0,0,9.905357,10.763403,30.985503,873.411475,26.518881,-8.217199,34.73608,641.733282,116.108286,4.302123,76.814825,336.26384,17.876894,285.828285,17.876894,1185.598935,976.854015,39.696216,-0.317448,67.352266,18.752099,4837.434485,42.687081,10.106646,50.866161,19.525777,29.608063,53.354615,8.711234,115.306639,244.208004,36.023054,72.02773,6.120661,0,0,0,0.177723,0.012091,0.031553,0,0.001077,0.244389,0.024845,0.000745,0.344845,0.001905,0.160828,0,0
81908,107.793788,41.139882,Alces alces,56003281,Cervidae,LC,0,0,7.203942,12.199447,26.178172,1239.341328,28.783709,-17.807362,46.591071,157.805633,44.282773,1.065684,107.283768,106.163068,4.968555,102.126432,4.968555,1060.828505,1004.978344,84.277618,-0.842644,11.945587,-52.013591,6262.80159,5.916215,13.88947,39.24391,59.551347,1.204743,113.527318,3.563012,164.648263,203.513647,19.27258,29.888683,4.585974,0,0,0,0,0,0,0,0,0,0.470384,0,0.447436,0.001823,0,0,0.080358
159407,107.797066,27.342444,Alces alces,56003281,Cervidae,LC,0,0,14.923334,7.099821,25.333134,752.969353,28.258344,0.237915,28.02043,1134.24018,187.651728,23.620051,62.059001,512.222274,75.170356,462.68915,75.170356,894.330102,1088.942907,17.850426,0.068742,141.905906,82.274339,4213.598337,71.412815,9.134087,47.217175,12.993434,39.789391,17.895723,18.035278,12.494447,344.041421,42.871801,99.037528,7.049539,0.00116,0.005466,0,0.028243,0.066838,0,0,0.682044,0.200182,0.006543,0.000663,0.002402,0.003644,0.002816,0,0
159320,107.803932,22.407354,Alces alces,56003281,Cervidae,LC,0,0,22.067211,8.632861,35.287376,580.927858,33.44901,8.985135,24.463875,1655.002232,302.506607,30.877589,77.671247,883.189344,111.129528,883.189343,115.566744,184.035091,1270.470241,30.674271,0.225229,254.008671,174.824313,2989.176088,23.239588,11.124439,59.958753,9.639829,30.401418,25.627185,30.303876,0.603014,364.557158,48.364562,111.22697,7.036513,0,0.07993,0,0,0.001739,0,0,0.028079,0.488528,0.013998,0.001242,0.190342,0.00439,0.191088,0,0
81008,107.806765,35.168347,Alces alces,56003281,Cervidae,LC,0,0,9.880052,11.149711,29.838199,948.359415,27.683694,-9.684103,37.367797,597.44139,111.134857,4.173086,78.980878,322.028029,16.565863,274.647163,16.565863,1114.023299,1002.926829,45.014083,-0.404093,58.463368,17.885564,5036.226994,48.734441,9.869882,63.755631,24.369689,11.874679,54.499905,8.432654,117.963688,242.298317,35.405335,70.456873,6.090228,0,0,0,0.000746,0,0.000497,0,0,0.026924,0.003479,0,0.87035,0.006296,0.091707,0,0
80679,107.817698,30.581664,Alces alces,56003281,Cervidae,LC,0,0,16.845633,6.747799,24.096394,769.910034,30.036357,2.036466,27.999891,1266.530286,190.105866,17.495496,63.901623,534.3196,62.268892,515.115149,62.268892,533.008022,1075.126015,28.308092,0.162013,150.16874,83.539607,4590.118268,47.85422,9.924721,60.256163,15.001573,24.742263,19.776502,14.715003,23.338586,329.477356,41.978853,91.606309,6.547417,0.001978,0.000742,0,0,0.066518,0,0,0.01731,0.117788,8.2e-05,0,0.041048,0.006512,0.748022,0,0
81090,107.8347,35.634325,Alces alces,56003281,Cervidae,LC,0,0,9.389273,11.126813,29.583035,957.910253,27.172232,-10.436681,37.608913,560.046707,108.504864,3.936977,82.458348,312.585037,14.90268,269.994292,14.90268,1206.783547,983.592295,45.968203,-0.441088,53.216065,9.696208,5020.123792,40.796177,10.279575,62.539303,29.221276,8.239421,56.907132,8.325011,118.542591,242.149082,35.412791,69.768094,6.094636,0,0,0,0,0,0,0,0,0.000166,0.035309,0,0.958724,0.005305,0.000497,0,0
159321,107.865766,23.146905,Alces alces,56003281,Cervidae,LC,0,0,22.035423,8.365203,33.705766,605.183998,33.633338,8.82307,24.810268,1590.639066,276.496179,38.264782,71.528036,808.318545,127.988351,808.318544,153.304492,182.035274,1290.538894,29.408117,0.165834,226.890668,170.556277,3244.424048,24.164529,11.100352,55.834552,9.925998,34.23945,25.220478,29.818071,1.045896,364.007815,49.321773,114.029673,7.177745,0,0.125704,0,0,0.00348,0,0,0.20111,0.295989,0.019887,0,0.205336,0.007292,0.140786,0,0
80678,107.866018,29.679252,Alces alces,56003281,Cervidae,LC,0,0,13.844526,6.880197,25.058678,737.155435,26.959583,-0.494364,27.453947,1295.933563,189.446755,21.666648,60.686666,551.110105,72.678746,518.036389,72.678746,1064.979015,954.213583,19.102472,0.289331,170.505763,57.818414,3998.943034,111.985565,8.185253,38.271269,14.962165,46.766566,18.586751,14.855631,18.753393,335.511131,41.198269,90.26568,6.523312,0.017313,0.00116,0,0.03885,0.237657,0,0,0.600977,0.039264,0.001905,0,0.000994,0.005053,0.056412,0,0.000166
81172,107.866382,36.101071,Alces alces,56003281,Cervidae,LC,0,0,9.194838,11.636137,30.092949,981.717528,27.267041,-11.39445,38.66149,511.650804,104.445898,3.171456,85.952515,293.783496,12.5021,258.240442,12.5021,1278.1379,991.08619,50.028821,-0.500344,46.436561,4.757872,5115.400382,47.298693,10.259759,56.051059,36.123693,7.825248,67.65121,6.94909,129.625602,234.350171,32.630695,61.434273,5.975954,0,0,0,0,0,0,0,0,0,0.768753,0,0.229425,0.001821,0,0,0
159406,107.868902,26.429529,Alces alces,56003281,Cervidae,LC,0,0,15.550346,7.344125,26.5156,735.998685,28.688846,0.992564,27.696282,1200.461581,204.951321,26.199798,62.95226,554.05216,87.343524,499.726933,87.343524,888.274541,1107.4712,21.014942,0.101422,155.52925,91.19567,3834.345336,58.852547,9.522777,48.487614,14.118268,37.394118,19.924968,20.11739,10.460681,348.519101,44.605495,103.337344,7.136776,0.000166,0.025344,0,0.025675,0.126884,0,0,0.47184,0.32541,0.00323,0,0.003313,0.016068,0.002071,0,0
82071,107.90201,42.076366,Alces alces,56003281,Cervidae,LC,0,0,5.355554,12.294523,25.672663,1297.597239,28.093493,-19.789502,47.882994,157.630676,41.043208,1.927255,99.013205,99.646055,6.96302,99.394967,6.96302,1311.268706,910.860973,83.300493,-0.833368,11.518983,-76.672502,5991.644293,7.069797,12.639066,36.014206,63.982916,0.002878,118.589715,3.304889,170.180236,197.791149,16.225234,24.59721,4.089668,0,0,0,0,0,0,0.000331,0,0,0.047382,0,0,0,0,0,0.952286
81335,107.94024,37.03653,Alces alces,56003281,Cervidae,LC,0,0,7.943311,13.140125,31.880211,1024.143246,27.441723,-13.773214,41.214937,417.187955,98.667056,2.028465,93.282383,251.356759,8.093653,229.221941,8.093653,1524.973143,979.828726,59.085398,-0.590848,35.342834,-10.100726,5247.373824,37.424216,10.437463,43.175071,51.733376,5.091553,82.220146,5.295918,144.368021,222.992199,28.411514,50.821705,5.705981,0,0,0,0,0,0,0,0,0,1,0,0,0,0,0,0
159490,107.94223,28.76967,Alces alces,56003281,Cervidae,LC,0,0,14.243361,6.766229,24.593808,747.739696,27.471284,-0.03433,27.505614,1261.840033,200.927325,21.450904,61.31261,554.924555,73.848623,511.773509,73.848623,966.44164,1003.202149,20.909567,0.203014,155.946425,65.703371,4126.72357,103.017589,8.533832,50.371412,13.99532,35.633268,19.507367,15.841489,17.812611,336.713115,42.572195,94.250971,6.800224,0.00058,0.000745,0,0.036353,0.082974,0,0,0.564011,0.280805,0.000745,0,0.001739,0.001159,0.030888,0,0
81417,107.98207,37.505093,Alces alces,56003281,Cervidae,LC,0,0,7.957054,13.303423,31.401618,1058.853622,27.907466,-14.464736,42.372202,375.751312,93.660029,2.659963,94.575468,228.59762,9.324095,210.320044,9.324095,1489.045985,1000.71621,64.125507,-0.641249,30.399282,-12.674403,5447.143663,19.57665,11.529303,45.101874,53.421884,1.476242,83.432325,5.11063,145.741966,221.84661,27.970957,49.671938,5.693765,0,0,0,0,0,0,0,0,0,0.945563,0,0.053028,0.001409,0,0,0
159489,108.015485,27.859537,Alces alces,56003281,Cervidae,LC,0,0,15.699953,7.064809,25.044936,764.026216,29.028956,0.822648,28.206308,1148.931649,188.523802,22.85813,61.495742,514.099379,74.091167,464.094841,74.091167,727.938347,1085.656955,18.396239,0.064112,138.948503,82.703282,4357.086405,68.90817,9.25328,56.829638,13.922662,29.2477,18.561956,17.799518,12.101286,344.96965,42.909873,98.363747,7.000326,0,0.001077,0,0.010683,0.030725,0,0,0.265342,0.464431,0.001573,0.002402,0.000663,0.002567,0.220538,0,0
81498,108.026954,37.974121,Alces alces,56003281,Cervidae,LC,0,0,8.020953,13.836899,30.745247,1123.158558,29.106746,-15.899264,45.00601,343.676897,91.730297,2.607572,98.105439,214.155247,9.599268,197.71753,9.599268,1357.408171,1034.626197,68.856249,-0.688686,26.266125,-12.259315,5698.932015,2.01809,13.807074,47.295688,51.335081,1.369231,85.891737,5.067141,146.122889,221.610334,27.819522,48.994685,5.66011,0,0,0,0,0,0,0,0,0,0.982279,0,0.00265,0,0,0,0.015071
159401,108.076698,22.016363,Alces alces,56003281,Cervidae,LC,0,0,21.42334,7.700509,33.075665,571.648994,32.24473,8.978368,23.266362,1906.562685,369.197912,31.328124,82.383868,1055.701248,114.154664,1055.701247,116.806267,265.508951,1219.048825,29.005905,0.386185,320.035532,171.693788,2716.607562,55.716269,9.669074,44.721073,6.618595,48.660332,25.764078,30.637701,0.767587,364.363106,50.375367,116.278118,7.233718,8.3e-05,0.410074,0,0,0.000497,0,0,0.188054,0.249938,0.004059,0.00729,0.074227,0.003314,0.062132,0,0
159402,108.140527,22.75562,Alces alces,56003281,Cervidae,LC,0,0,22.014996,8.518536,34.244135,604.528067,33.638945,8.761833,24.877112,1505.902139,254.423976,32.156359,70.676646,751.576967,117.102794,751.576967,127.769062,133.267815,1267.579774,29.970374,0.129361,218.771372,171.85243,3100.162721,14.438081,11.454153,56.572907,15.885507,27.541586,25.683628,30.028096,0.87438,364.208175,49.2347,113.548259,7.153608,0,0.117287,0,0,0.000828,0,0,0.049698,0.26903,0.027334,0.001739,0.224551,0.113725,0.19117,0,8.3e-05
81825,108.233109,39.854163,Alces alces,56003281,Cervidae,LC,0,0,7.128031,13.87379,29.055986,1218.640165,29.41663,-18.332717,47.749347,267.703741,75.336782,3.061844,102.264982,170.632035,10.77628,163.268395,10.77628,1307.686952,987.12524,74.898274,-0.74914,19.432508,-40.762834,5895.541492,8.098764,12.451595,48.669355,49.975678,1.354967,109.043831,3.749066,157.566985,210.948382,22.339986,34.887491,5.081708,0,0,0,0,0,0,0,0,0,0.986169,0,0,0,0,0,0.013831
159570,108.236291,28.37426,Alces alces,56003281,Cervidae,LC,0,0,15.533028,6.930552,24.767373,763.648037,28.82868,0.849054,27.979626,1233.456889,203.142983,22.395101,61.314474,549.313959,76.318518,497.969216,76.318518,784.211386,1056.361998,19.847963,0.134566,146.77929,75.185379,4275.970087,82.714988,8.886547,53.292978,14.357084,32.349938,19.923188,16.803308,12.092189,344.740334,43.228549,96.786496,6.986331,0.00058,0.000414,0,0.013087,0.0246,0,0,0.19175,0.660813,0.001905,0,0.00323,0.004224,0.099395,0,0
159569,108.305858,27.46483,Alces alces,56003281,Cervidae,LC,0,0,14.948728,7.25716,25.52016,762.555485,28.582601,0.155493,28.427108,1161.132695,187.997344,26.677756,59.695254,510.571677,84.931215,457.120356,84.931215,843.535949,1088.750669,14.153396,0.077442,140.583472,80.447925,4214.126004,73.230489,9.160633,42.984407,12.120934,44.894659,19.12377,18.023807,11.895828,345.612137,43.40387,99.514686,7.052887,0.000331,0.001988,0,0.04507,0.107125,0,0,0.739519,0.097017,0.001988,0,0.000331,0.001077,0.005551,0,0
81007,108.31475,34.356706,Alces alces,56003281,Cervidae,LC,0,0,12.998881,11.182041,30.166267,945.843459,30.494445,-6.569989,37.064433,629.691261,112.468342,4.558074,72.897113,314.558852,18.963749,269.55508,18.963749,523.158053,1152.280793,51.549741,-0.48258,55.642875,48.742903,5595.233127,8.974246,12.478819,68.027766,27.645163,4.327071,48.625346,9.709486,103.882591,253.652121,38.805272,78.137798,6.355326,0,0,0,0,0,8.3e-05,0,0,0.033068,0.006796,8.3e-05,0.898724,0.059506,0.00174,0,0
80842,108.315126,31.602925,Alces alces,56003281,Cervidae,LC,0,0,13.70039,8.013725,27.47109,773.637699,27.606345,-1.58421,29.190555,1177.645752,194.077569,15.788381,65.343849,513.946465,55.79317,491.327094,55.79317,1027.382777,1004.408083,39.812969,0.200923,150.076702,62.294328,4244.999753,151.384011,7.878469,37.720721,11.291871,50.987408,28.530995,13.225657,47.838083,302.742569,43.53473,92.068867,6.653262,0.004474,0.00058,0,0.086323,0.341397,0,0,0.512302,0.027007,0.000911,0,8.3e-05,0.000166,0.026758,0,0
80841,108.350811,30.695681,Alces alces,56003281,Cervidae,LC,0,0,16.476659,6.80583,24.102518,775.972084,29.789885,1.558032,28.231853,1290.509512,196.326215,19.111746,62.745137,544.736235,67.122407,523.420601,67.122407,566.578415,1081.891498,28.77257,0.173323,153.312297,82.570237,4586.225539,81.409763,8.86029,52.776929,16.41394,30.809131,22.320656,14.616838,27.634062,324.06275,44.234325,95.255065,6.827209,0.009617,0.000912,0,0.000415,0.08191,0,0,0.229647,0.18264,0.012187,0.008042,0.001741,0.022882,0.446278,0,0.000415
81171,108.364646,35.286791,Alces alces,56003281,Cervidae,LC,0,0,8.976501,10.959453,30.386571,915.324075,26.173216,-9.887813,36.061029,588.714329,110.69968,4.041979,80.08112,320.037124,15.830925,277.895047,15.830925,1305.728975,956.821943,42.958213,-0.372112,58.976606,6.473078,4853.324011,46.907103,10.110679,55.23252,21.581103,23.186376,55.461044,8.576766,115.765713,244.558519,36.163902,71.503559,6.160841,0,0,0,0.179589,0.024934,0.002651,0,0.006461,0.088883,0.020709,0,0.661614,0.001491,0.013668,0,0
159568,108.37293,26.554483,Alces alces,56003281,Cervidae,LC,0,0,14.674962,7.185742,25.713989,747.719544,28.02411,0.080545,27.943565,1212.732873,200.407904,28.558759,59.839507,538.299495,99.186603,484.456795,99.186603,946.441691,1087.549896,14.496827,0.117787,153.111341,82.093208,3850.555802,92.799131,8.710201,35.770884,12.586022,51.643094,20.754514,19.2066,10.716077,348.133176,45.120042,103.994472,7.249155,0.001739,0.060051,0,0.083492,0.301665,0,0,0.531848,0.019299,0.000911,0,0,0.000994,0,0,0
81252,108.395832,35.753159,Alces alces,56003281,Cervidae,LC,0,0,8.304115,10.813288,30.245191,904.607817,25.353403,-10.393296,35.746699,546.47487,107.07639,3.069967,84.608704,309.21035,12.355759,270.677244,12.355759,1388.580272,951.383478,44.398827,-0.418052,53.380143,0.644027,4888.91809,41.536204,10.328812,45.790858,17.995361,36.213781,60.111124,7.891179,121.804079,240.546692,35.378135,68.598236,6.182215,0,0,0,0.432905,0.04053,0.002321,0,0.012681,0.072772,0.091919,0,0.344633,0.000249,0.001989,0,0
159483,108.413457,22.364242,Alces alces,56003281,Cervidae,LC,0,0,21.710278,8.255046,33.283215,609.119954,33.392433,8.597333,24.7951,1623.217097,285.175122,30.382662,74.532165,835.965643,112.651253,835.965644,118.814897,125.890125,1238.288384,27.423371,0.25002,255.763588,172.433711,2871.15939,18.817411,11.395439,49.896721,8.123033,41.980245,26.082262,30.229626,0.829431,364.26038,49.715965,114.584126,7.193709,0.000249,0.099992,0,0,0.000497,0,0,0.045564,0.371386,0.003065,0.015823,0.028995,0.003811,0.430205,0,0
159652,108.459357,28.886853,Alces alces,56003281,Cervidae,LC,0,0,15.065124,6.791602,24.508655,757.653315,28.362768,0.662402,27.700366,1326.091577,214.805139,21.979199,60.862921,584.800176,79.124026,534.071827,79.124026,809.507842,1045.797683,18.942761,0.203014,158.154819,71.020145,4252.786586,100.455737,8.449262,47.45319,11.879412,40.667399,20.471129,15.171327,18.974592,335.095164,43.550339,95.618458,6.924013,0.001491,0.000248,0,0.015655,0.064027,0,0,0.758552,0.134846,0.000497,0.000331,0.001574,0,0.022778,0,0
159566,108.501008,24.729416,Alces alces,56003281,Cervidae,LC,0,0,19.301316,7.797942,29.511173,679.986371,31.842481,5.439197,26.403284,1522.813493,272.437049,35.070717,67.264154,730.89982,129.334216,695.277567,141.05141,354.064054,1217.597225,23.703757,0.184473,200.331631,138.586329,3526.78499,53.732795,9.733469,43.03306,11.951801,45.015139,23.116078,24.107499,5.506117,357.099786,45.667772,106.016307,7.130245,0,0.164761,0,0,0.002237,0,0,0.461067,0.343605,0.003562,0,0.005881,0.003645,0.015242,0,0
159651,108.528003,27.978732,Alces alces,56003281,Cervidae,LC,0,0,14.410156,7.251914,25.767243,752.171287,27.866429,-0.274193,28.140623,1238.408399,201.479091,26.327583,59.840741,545.381025,85.694753,489.408068,85.694753,951.679767,1031.26714,15.221715,0.169428,150.316439,67.726971,4085.685119,107.46271,8.391875,41.442732,12.253656,46.303612,20.318691,17.029511,12.262902,344.748397,43.800261,98.325674,7.073723,0.007952,0.000828,0,0.044976,0.25586,0,0,0.441315,0.233082,0.000248,0,8.3e-05,0.001988,0.013667,0,0
80925,108.557188,33.0293,Alces alces,56003281,Cervidae,LC,0,0,12.329153,9.037189,29.940674,781.530253,26.814104,-3.391385,30.205489,876.073903,154.345527,8.749479,69.252096,412.356303,32.712767,369.680023,32.712767,962.929193,1018.529814,33.000869,-0.110634,98.047253,48.159487,4538.391562,109.264663,8.415746,38.266472,11.889082,49.844446,35.548931,12.354653,72.214559,279.191299,43.770971,91.78404,6.711475,0,0,0,0.422535,0.054598,0,0,0.45377,0.020961,0.000166,0,0.012262,0.00174,0.033969,0,0
80923,108.599467,31.205102,Alces alces,56003281,Cervidae,LC,0,0,16.075338,7.120678,24.87996,779.445604,29.63102,1.019461,28.611559,1244.112888,201.807582,17.668579,64.315873,530.355426,62.438395,518.379159,62.438395,586.541721,1091.776225,34.112689,0.101187,140.611206,83.11041,4594.144697,104.520456,8.372191,52.925437,13.525902,33.548661,23.485481,14.501881,32.089926,318.464999,45.20057,97.013345,6.896704,0.005966,0.004475,0,0.012512,0.098525,0,0,0.290272,0.137305,0.002735,0.006463,0.005469,0.014335,0.420948,0,0
80922,108.638068,30.299438,Alces alces,56003281,Cervidae,LC,0,0,12.554162,8.071872,28.268548,736.485884,26.245393,-2.303194,28.548587,1374.875338,200.152164,23.8636,60.186119,577.887824,79.520083,551.01782,79.520083,1264.293735,926.179062,18.159539,0.37314,184.790637,48.372339,3915.289315,74.670489,9.142759,40.001387,13.960512,46.038101,22.15096,14.748742,26.223099,325.61263,44.81042,96.45463,6.939326,0.000165,0,0,0.051159,0.237231,0,0,0.655417,0.008417,0.005611,0,0.020711,0.000495,0.020794,0,0
159649,108.657602,26.160343,Alces alces,56003281,Cervidae,LC,0,0,15.751365,7.57346,26.861574,746.212981,29.308791,1.116703,28.192089,1252.815928,211.257639,30.429814,60.356276,564.232386,110.133438,506.183777,110.133438,745.403469,1125.73943,17.566139,0.114369,158.450859,93.49685,3797.787367,80.256857,8.954135,37.676676,12.687299,49.636025,22.989331,21.309902,8.25105,352.937797,45.096909,104.31244,7.182079,0.001905,0.065938,0,0.010852,0.175779,0,0,0.72606,0.014993,0.002816,0,0.000331,0.001325,0,0,0
81742,108.658039,38.564415,Alces alces,56003281,Cervidae,LC,0,0,7.608578,14.002257,30.347369,1159.395598,29.400725,-16.738601,46.139325,341.572499,95.102796,2.446375,102.845141,218.935082,9.497719,204.975929,9.497719,1330.127502,1022.800466,66.936151,-0.669395,26.916492,-20.316743,5777.206209,5.385806,12.983114,45.687238,52.597721,1.71504,87.955389,5.035022,148.04143,219.973372,27.985207,48.413839,5.663934,0,0,0,0,0,0,0,0,0,0.976892,0,0,0.001739,0,0,0.021368
159563,108.684602,21.972779,Alces alces,56003281,Cervidae,LC,0,0,21.863834,7.327009,30.760073,608.645747,33.12369,9.331005,23.792686,1753.9971,328.424481,29.954322,77.660038,925.557926,111.706683,925.557926,115.421281,36.184161,1226.025004,31.617752,0.365699,305.741743,177.875649,2682.250361,13.670537,11.813807,52.123637,10.464408,37.411955,27.862188,30.990516,0.376958,364.619958,51.088387,117.471878,7.313473,0.000166,0.0555,0,0,0.001243,0,8.3e-05,0.023443,0.637922,0.004639,0.014579,0.013337,0.023028,0.177353,0,0
159648,108.719205,25.249332,Alces alces,56003281,Cervidae,LC,0,0,16.380572,7.44764,27.894396,700.779472,29.142017,2.449281,26.692736,1474.843504,263.178768,33.960369,65.216977,697.306237,129.442308,638.487709,134.815422,789.791276,1123.510997,17.469729,0.237353,195.310814,106.327734,3434.00608,115.269229,8.162065,32.711827,7.651148,59.637024,23.821128,22.369267,6.564082,355.497055,45.435701,105.360285,7.184252,0.011598,0.46359,0,0.005053,0.063541,0,0,0.417861,0.036948,0.001408,0,0,0,0,0,0
81987,108.829317,39.97495,Alces alces,56003281,Cervidae,LC,0,0,6.08839,13.726296,28.559866,1238.880909,28.53762,-19.520748,48.058368,289.091249,78.608984,3.336575,105.125647,188.150808,11.225519,180.582698,11.225519,1406.909531,939.868036,68.685923,-0.686902,23.523934,-49.945278,5710.871956,10.345978,12.159866,44.311945,53.979516,1.70854,96.754858,4.247689,159.257099,209.05283,24.515573,39.859817,5.213631,0,0,0,0,0,0,0.001656,0,0,0.976315,0,0,0.000745,0,0,0.021284
81006,108.83014,33.54515,Alces alces,56003281,Cervidae,LC,0,0,9.890966,9.405756,30.847856,772.147291,24.435286,-6.043086,30.478372,790.727079,140.290456,7.131927,70.397152,378.888657,27.326474,336.979641,27.326474,1283.065394,939.684099,32.49068,-0.095588,91.396424,25.216551,4359.840754,124.58093,8.126825,30.78529,11.191332,58.023378,37.78527,11.884908,78.089873,275.18541,43.169819,89.640309,6.700817,0,0,0,0.737182,0.104034,0,0,0.156962,0,0.00058,0,0.000248,0,0.000994,0,0
81005,108.833544,32.627881,Alces alces,56003281,Cervidae,LC,0,0,14.718443,8.645709,28.079191,819.197233,29.522679,-1.268116,30.790794,946.078335,166.482528,10.432447,67.704781,435.672274,38.859599,399.098311,38.859599,612.24892,1109.536874,33.829412,-0.197364,95.426525,71.22512,4774.864616,87.040519,8.838336,48.326837,14.712792,36.960371,34.144802,12.628787,69.558998,281.591435,44.807201,94.186117,6.82,0,0,0,0.105377,0.085163,0,0,0.516693,0.031729,0.003894,0.009693,0.008781,0.039433,0.199072,0,0
81088,108.84632,34.007871,Alces alces,56003281,Cervidae,LC,0,0,10.582447,9.987253,29.228316,882.915199,26.81491,-7.317909,34.132819,690.526394,122.530106,6.301317,70.432213,332.996546,23.78198,294.867065,23.78198,1048.982098,1012.607224,41.443134,-0.251834,74.071118,27.825832,4852.343631,87.525405,9.592219,40.485534,25.027399,34.487067,47.124822,10.108573,99.274691,257.518162,40.068006,80.88059,6.464179,0,0,0,0.365044,0.129574,0,0,0.029723,0.038169,0.011012,8.3e-05,0.317685,0.106889,0.001821,0,0
81004,108.852926,31.715389,Alces alces,56003281,Cervidae,LC,0,0,9.4291,9.12076,31.157265,731.34037,23.500255,-5.766742,29.266997,1188.809595,194.145014,16.742215,64.321242,514.347881,59.413445,498.129208,59.413445,1634.261178,864.251945,30.022423,0.319588,159.220605,30.504663,3698.33143,195.722028,7.38844,29.210574,13.231739,57.557686,28.878491,13.185264,49.950105,300.931654,44.500777,93.79939,6.782906,8.3e-05,8.3e-05,0,0.310279,0.346973,0,0,0.338193,0.000414,0.003976,0,0,0,0,0,0
159731,108.879913,26.675085,Alces alces,56003281,Cervidae,LC,0,0,15.156232,7.552418,26.352337,763.727465,28.953943,0.30763,28.646313,1227.263919,203.479311,31.157675,57.284811,535.79618,113.556344,468.910506,113.556344,779.116134,1097.353171,14.05368,0.106981,147.930625,79.735721,3954.029045,96.192808,8.769456,30.765691,14.219378,55.01493,21.378999,18.973458,10.801964,348.120508,45.577493,104.62206,7.313005,0.002486,0.036951,0,0.05261,0.28749,0,0,0.614913,0.003563,0.001823,8.3e-05,8.3e-05,0,0,0,0
81003,108.884614,30.807262,Alces alces,56003281,Cervidae,LC,0,0,15.833202,7.113069,24.813788,780.173644,29.372167,0.716103,28.656063,1318.862592,208.917307,20.229432,63.110328,564.847454,70.519346,547.92561,70.519346,663.02058,1066.32795,26.404107,0.172061,152.092682,78.785659,4499.084021,114.434656,8.33282,51.90101,13.084123,35.014866,23.108018,14.639011,29.816202,321.145084,45.649695,97.892292,7.002552,0.006055,0.003815,0,0.004645,0.117857,0,0,0.524592,0.164801,0.005557,0.017251,0.001161,0.006138,0.145973,0,0
82069,108.889639,40.444642,Alces alces,56003281,Cervidae,LC,0,0,6.921369,13.440403,27.620457,1272.088456,29.49594,-19.132568,48.628508,251.935125,68.640133,2.906466,107.488672,167.289696,10.328249,160.086561,10.328249,1129.222877,984.92806,73.436622,-0.734226,20.245981,-47.466602,6025.796761,11.771711,12.62969,40.372284,58.217236,1.41048,102.738303,3.946152,161.294559,206.857339,22.49705,35.902699,4.970293,0,0,0,0,0,0,0.000829,0,0,0.696445,0,0.073009,0.00116,0,0,0.228557
81251,108.893249,34.936729,Alces alces,56003281,Cervidae,LC,0,0,11.193488,11.13564,30.345684,931.123134,28.462801,-8.221555,36.684355,609.871325,113.070892,4.506098,76.96382,321.682082,17.975392,282.114574,17.975392,917.553884,1067.59489,47.447321,-0.453747,53.852178,23.448295,5312.887843,39.14713,10.427908,61.456115,24.795419,13.748466,53.472636,8.859164,110.724721,249.861148,37.897919,74.620301,6.411454,0,0,0,0.08615,0.009526,0.002816,0,0.002154,0.134112,0.009278,8.3e-05,0.658052,0.030649,0.06718,0,0
159645,108.896011,22.503174,Alces alces,56003281,Cervidae,LC,0,0,21.783987,8.229863,32.994524,614.833103,33.555087,8.615094,24.939993,1568.840646,265.84822,31.073176,71.182503,771.245929,110.501055,771.24593,131.233024,109.872225,1226.897856,32.989322,0.230887,243.005697,169.749897,2861.578427,18.537779,11.452199,50.412791,7.548063,42.039146,29.175559,29.56386,0.567058,364.327078,48.090753,110.112583,7.1355,0,0.068346,0,0,0.002982,0,0,0.005965,0.557203,0.004474,0.01864,0.014415,0.002651,0.308342,0,0
159730,108.940174,25.766104,Alces alces,56003281,Cervidae,LC,0,0,16.979217,7.625864,27.482772,727.482167,30.10412,2.363555,27.740565,1358.616306,237.784884,34.140942,61.809103,624.937498,128.928843,551.978206,128.962924,563.877907,1165.962955,18.245745,0.150365,171.863492,106.392752,3789.420353,93.225795,8.587614,43.123273,13.123418,43.753308,23.74979,21.725069,7.337541,354.314081,45.489615,105.15982,7.213949,0.000497,0.033458,0,0.002484,0.065424,0,0,0.777805,0.113126,0.004638,0,0.000828,0.000911,0.000828,0,0
82151,108.951118,40.9139,Alces alces,56003281,Cervidae,LC,0,0,6.339634,12.482146,25.834057,1288.343363,28.776077,-19.416992,48.193069,235.39941,65.325122,2.484367,109.605329,157.487974,9.225096,153.104924,9.227101,1139.67191,967.499403,74.567626,-0.745677,18.719839,-56.322846,6051.141316,19.628392,12.054934,39.539875,56.935064,3.525061,104.001039,3.887978,162.350633,205.695096,21.719957,34.615729,4.851867,0,0,0,0,0,0,0,0,0.000166,0.671995,0.07289,0.187443,0.00058,0,0,0.041083
159814,108.978962,29.000261,Alces alces,56003281,Cervidae,LC,0,0,15.179545,7.504485,26.069237,769.850299,29.015649,0.227914,28.787735,1389.293136,229.065968,24.761374,60.436162,616.61437,87.698422,562.523399,87.698422,727.405271,1069.602109,15.539894,0.226793,163.402002,72.642467,4322.466495,80.881952,8.989651,44.832481,10.866038,44.301481,21.09047,15.177554,19.752627,333.874089,44.669776,97.700847,7.060664,0.000331,0,0,0.015246,0.098517,0,0,0.803878,0.0464,0.000331,0,0,0.001574,0.033723,0,0
81496,108.996482,36.33684,Alces alces,56003281,Cervidae,LC,0,0,8.589411,11.694144,30.564467,961.273795,26.813297,-11.409467,38.222763,500.075275,108.230592,2.044409,91.06378,297.425975,8.750837,265.350307,8.750837,1303.865498,1009.694759,49.511272,-0.495101,46.085568,2.178577,5217.501133,37.379802,10.379133,47.450696,20.5802,31.969105,70.934821,6.414849,136.419843,229.971351,32.366203,59.224317,6.005325,0,0,0,0.125849,0.011682,0,0,0.042088,0.478459,0.313919,0,0.027755,0.000249,0,0,0
82232,109.013784,41.382735,Alces alces,56003281,Cervidae,LC,0,0,5.114884,12.94378,26.584499,1301.831365,27.87864,-20.802367,48.681008,237.309876,65.582508,2.429607,108.004876,156.226625,8.954523,154.194398,8.954523,1371.639686,904.123327,73.728404,-0.73713,18.175956,-72.741829,5854.224909,15.792363,11.824013,40.613616,57.960523,1.425861,105.509682,3.695383,168.576314,199.458247,19.261435,30.123877,4.470004,0,0,0,0,0,0,8.3e-05,0,0,0.986332,0,0.001077,0,0,0,0.012508
159813,109.043129,28.09397,Alces alces,56003281,Cervidae,LC,0,0,15.87349,7.548836,25.862916,781.846885,29.966054,0.780199,29.185855,1273.811043,212.904428,28.993022,59.187308,564.007949,95.636355,495.85306,95.636355,645.148703,1091.215099,13.350663,0.136401,146.956325,76.665101,4273.947717,65.415951,9.429946,47.231156,12.383645,40.385199,21.091427,16.898467,12.462359,344.713267,44.592511,99.606857,7.166359,0.000911,0.000249,0,0.011929,0.169829,0,0,0.57021,0.220694,0.00058,8.3e-05,0.000331,0.002485,0.022699,0,0
81660,109.084737,37.273672,Alces alces,56003281,Cervidae,LC,0,0,8.415189,13.141496,31.241304,1055.46425,28.247466,-13.811674,42.05914,437.945039,105.727242,2.014317,96.831983,270.623217,7.985707,249.123804,7.985707,1390.699669,1013.001953,56.754896,-0.567547,37.331665,-8.854528,5454.742322,38.98383,10.364844,43.135132,50.443429,6.421439,74.370183,5.96039,140.787992,226.466549,31.639516,56.64711,5.977213,0,0,0,0,0,0,0,0,0,0.998923,0,0.00058,0.000497,0,0,0
81087,109.102175,33.141855,Alces alces,56003281,Cervidae,LC,0,0,11.962816,9.370144,30.864484,775.90201,26.451038,-3.899531,30.35057,854.914032,152.382333,8.896193,68.644438,400.602789,33.126578,362.837698,33.126578,1007.827047,1010.786682,32.835281,-0.15421,91.118135,43.890114,4518.320473,132.32031,8.062397,36.035534,12.679346,51.28512,35.81287,12.289079,74.145386,278.283121,44.508958,92.893503,6.820769,0,0,0,0.430216,0.036279,0,0,0.497722,0.011348,8.3e-05,0,0.002071,0.000166,0.022115,0,0
159727,109.111194,23.028894,Alces alces,56003281,Cervidae,LC,0,0,21.562402,8.08272,32.396048,620.762932,33.336439,8.397117,24.939322,1515.415012,254.404589,34.560124,67.563228,717.212333,115.839154,698.056428,164.395606,158.433837,1229.541301,31.994274,0.187087,221.912642,162.367824,3066.947543,24.270153,11.309207,55.470822,8.924827,35.604351,27.951644,28.49107,1.090098,363.827479,46.956959,107.705798,7.06467,0,0.213173,0,0,0.000331,0,0,0.083016,0.194615,0.015824,0.001574,0.297349,0.028583,0.160978,0,0
81085,109.135573,31.315895,Alces alces,56003281,Cervidae,LC,0,0,13.182944,8.153938,27.867806,765.392433,27.198331,-2.052484,29.250815,1257.74328,205.527516,18.918037,63.590472,535.417073,65.644411,527.199299,65.644411,1093.53343,977.313995,31.71479,0.204069,148.081618,58.441811,4115.961568,145.4252,7.963802,43.985649,10.809228,45.205123,26.432224,13.850788,40.279739,310.849658,45.757771,96.892765,6.974197,0.001656,0,0,0.145116,0.175745,0,0,0.607947,0.044702,0.000166,0,0.001656,0,0.023013,0,0
159811,109.163711,26.280059,Alces alces,56003281,Cervidae,LC,0,0,15.822812,7.800389,27.122388,759.701044,29.718808,0.971882,28.746926,1315.106853,219.554659,35.007354,57.602634,585.320701,132.407723,501.458847,132.407723,661.38626,1124.608952,19.534469,0.146511,160.183372,89.417831,3886.781932,58.066157,9.408099,34.604974,12.6472,52.747826,23.245666,20.158359,9.75544,350.107196,46.169219,105.923777,7.358706,8.3e-05,0.056826,0,0.01897,0.24619,0,0,0.625497,0.038436,0.005716,0,0.002071,0.002237,0.003976,0,0
159726,109.166424,22.111189,Alces alces,56003281,Cervidae,LC,0,0,21.899104,7.997325,32.581278,611.462372,33.425649,8.886753,24.538897,1640.071638,291.520989,28.998654,73.28503,819.750154,106.419349,819.750155,120.619178,78.454422,1216.334627,35.621321,0.267523,260.890978,174.597687,2687.855279,15.289447,11.811814,50.399729,7.74763,41.852641,29.644847,29.744752,0.505767,364.429964,48.106371,109.930775,7.125553,0,0.090503,0,0,0.000911,0,0,0.026,0.608264,0,0.026579,0.00472,0.005796,0.231928,0,0
81084,109.170332,30.409374,Alces alces,56003281,Cervidae,LC,0,0,11.757545,8.643888,29.861766,729.451665,25.713034,-3.238151,28.951185,1423.708872,215.680821,25.259931,60.638287,606.302976,84.885901,587.443153,84.885902,1354.331979,910.152249,11.360693,0.381436,184.243427,43.817727,3835.118938,95.271208,8.62845,42.215555,11.621224,46.163221,23.22679,14.851817,24.299022,327.448416,46.680185,100.256536,7.263279,0.000995,0,0,0.042707,0.172568,0,0,0.763164,0.007132,0.004478,0,0.002239,0.004395,0.002322,0,0
81823,109.186832,38.212499,Alces alces,56003281,Cervidae,LC,0,0,8.357314,14.10222,30.460051,1157.406353,30.015082,-16.281212,46.296295,374.892942,99.050582,1.806203,101.919085,239.528338,7.839899,223.406339,7.839899,1176.47177,1066.157597,63.39393,-0.634016,30.785756,-9.74945,5908.460173,8.807967,13.089322,46.280871,51.171389,2.54774,84.019564,5.243932,146.646388,221.301073,28.950621,50.741383,5.748009,0,0,0,0,0,0,0,0,8.3e-05,0.988819,0.000166,0.008531,0.001325,0,0,0.001077
159810,109.220702,25.371771,Alces alces,56003281,Cervidae,LC,0,0,17.710925,7.549026,27.726104,721.314429,30.653485,3.431765,27.221721,1542.205041,280.144477,39.054056,64.841641,730.141981,145.373076,625.247727,158.202863,471.703353,1190.368564,20.530005,0.216205,191.321987,115.239351,3771.398021,97.519571,8.598943,32.12719,9.806241,58.06657,26.05749,22.662743,4.94415,357.693831,46.420343,107.30246,7.338991,0.011929,0.351338,0,0.00174,0.090299,0,0,0.499793,0.029575,0.007373,0.000994,0.001408,0.005468,8.3e-05,0,0
159895,109.270979,28.602876,Alces alces,56003281,Cervidae,LC,0,0,16.441723,7.418052,25.394825,790.376012,30.516897,1.311009,29.205888,1354.68958,230.913629,28.007207,59.914759,606.416351,95.818208,539.355721,95.818208,542.83934,1113.575552,13.193329,0.167909,153.812323,79.696195,4415.015012,67.299168,9.255253,46.551693,11.794511,41.653796,21.490985,16.780585,16.856728,338.968584,46.723636,103.766027,7.386508,0.001574,0,0,0.019302,0.080358,0,0,0.623975,0.169249,0.00058,0,0.000331,0.002568,0.102063,0,0
159894,109.331583,27.697363,Alces alces,56003281,Cervidae,LC,0,0,16.280177,7.690786,26.019186,791.686165,30.569107,1.014493,29.554614,1248.603171,208.243413,30.113032,57.984489,556.393591,109.949936,470.449538,109.949936,519.0509,1107.3694,15.528326,0.11545,144.57324,79.516583,4234.916196,55.13333,9.787315,44.833081,12.894712,42.272207,22.389235,17.351415,12.613917,345.268402,46.335533,103.928113,7.429499,0.00207,0.00472,0,0.038341,0.081981,0,0,0.582643,0.229215,0.001077,0,0.000828,0.007122,0.052004,0,0
82068,109.363208,39.623364,Alces alces,56003281,Cervidae,LC,0,0,6.133416,14.06013,29.322408,1217.556696,28.468734,-19.485171,47.953904,339.395618,89.96079,3.325872,106.150088,221.106356,10.882414,213.131998,10.882414,1422.566226,930.617486,62.100436,-0.621258,28.826358,-47.650224,5593.147026,10.81366,11.988526,49.357885,48.207343,2.434773,91.680892,4.458902,159.440289,208.812136,25.679998,42.317078,5.304919,0,0,0,0,0,0,0,0,0,0.99677,0,0,0.000414,0,0,0.002816
81169,109.378077,33.65688,Alces alces,56003281,Cervidae,LC,0,0,9.951312,9.643835,30.959062,788.17398,24.724671,-6.411041,31.135712,779.043045,142.356485,7.552907,70.458325,375.060674,28.113864,340.077028,28.113864,1280.070047,936.026489,32.396771,-0.115261,87.990079,22.908198,4328.267735,108.810898,8.361253,35.403728,13.417335,51.178938,41.77462,11.233841,87.454997,267.197113,43.202161,88.366169,6.760608,0,0,0,0.549453,0.050282,0,0,0.374669,0.009029,0.008366,0,0.004473,0,0.003728,0,0
159893,109.389642,26.791488,Alces alces,56003281,Cervidae,LC,0,0,16.196419,7.926164,26.867011,784.065112,30.444592,0.948992,29.4956,1263.309931,210.118886,34.570781,55.799923,562.652909,131.907714,461.446987,131.907714,493.905586,1132.225601,18.570448,0.104178,148.03847,86.417332,4113.143141,53.104463,9.641305,31.801087,12.825804,55.373109,22.83177,17.995737,11.422924,347.099301,46.294341,104.372379,7.406577,8.3e-05,0.060393,0,0.016651,0.163532,0,0,0.7127,0.03322,0.006959,0.000249,0.003065,0.002485,0.000663,0,0
81250,109.396994,34.119985,Alces alces,56003281,Cervidae,LC,0,0,11.130016,10.17709,29.49884,886.362752,27.361903,-7.107395,34.469298,682.551244,123.709265,6.619049,70.768752,333.245997,24.268671,298.172392,24.268671,1021.04986,1010.159466,40.347377,-0.286344,70.753071,25.787513,4804.139114,76.652332,9.279544,47.734801,17.760693,34.504505,47.893949,9.985575,99.943471,257.71589,40.144644,80.529526,6.507237,0,0,0,0.286294,0.096702,0,0,0.126782,0.03066,0.006795,8.3e-05,0.391366,0.01533,0.045989,0,0
159806,109.435112,21.719132,Alces alces,56003281,Cervidae,LC,0,0,22.449162,7.158332,31.794259,569.25729,33.116595,10.612281,22.504314,1653.120047,300.645868,26.784751,73.484982,820.779792,102.149632,820.779792,108.992508,32.313853,1210.134102,36.218297,0.239779,260.370118,181.494188,2598.280195,8.242228,12.491635,60.529012,11.973288,27.4977,29.150429,31.378822,0.32744,364.680914,49.774124,114.171628,7.175491,0,0.029814,0,0,0,0,0,0.05234,0.282236,0.036687,0.018551,0.325217,0.019379,0.167039,0,8.3e-05
81165,109.456406,30.011408,Alces alces,56003281,Cervidae,LC,0,0,13.983362,7.533848,26.162711,767.404676,27.722493,-1.077602,28.800096,1467.109805,226.341962,26.50602,60.663315,642.332735,91.997135,614.361784,91.997135,936.54392,1006.801163,11.316376,0.316353,177.458588,62.278471,4196.743303,100.887199,8.541419,42.342679,12.581481,45.07584,23.010087,15.173767,23.251508,327.501243,48.322376,103.808444,7.512439,8.3e-05,0,0,0.043623,0.172497,0,0,0.7656,0.011217,0.002077,0,0,0.004902,0,0,0
82231,109.492887,40.56377,Alces alces,56003281,Cervidae,LC,0,0,6.225516,12.887825,26.541721,1281.542866,28.681187,-19.80392,48.485107,281.715561,80.56459,3.389279,109.430858,187.440728,12.143333,181.399168,12.143333,1158.596491,956.819634,68.921371,-0.689254,23.006704,-54.8713,5951.065459,23.935105,12.002241,40.410652,57.001059,2.588289,93.016451,4.347322,161.140082,207.011463,24.732075,40.439001,5.168112,0,0,0,0,0,0,0,0,0.001159,0.796059,0,0.11998,0.046866,0,0,0.035936
81164,109.500885,29.110009,Alces alces,56003281,Cervidae,LC,0,0,15.590858,7.52701,25.94505,778.327196,29.480462,0.474566,29.005897,1426.849588,241.954058,26.924531,60.616411,641.575067,94.775487,585.231827,94.775487,633.430975,1084.94156,12.914506,0.241402,166.385358,74.860993,4365.243835,78.252689,8.971416,40.032112,10.483872,49.484017,22.558126,15.700269,19.033109,334.527483,46.848358,102.277944,7.344552,0.000249,0.000166,0,0.034228,0.157799,0,0,0.775651,0.030416,0.001077,0,0.000249,0.000166,0,0,0
159976,109.560689,28.205381,Alces alces,56003281,Cervidae,LC,0,0,16.077341,7.739413,26.367515,783.264669,30.264515,0.905688,29.358827,1341.077937,228.727973,31.606719,58.923021,598.137846,109.194913,516.673279,109.194912,573.291587,1095.50699,9.192461,0.185401,154.90796,75.323787,4261.21962,53.987304,9.782578,42.317745,11.605128,46.077127,22.424732,17.140894,12.756989,344.636254,46.47586,103.691938,7.42706,0.000166,0.000331,0,0.012097,0.095037,0,0,0.742481,0.093048,0.001906,0,0.000994,0.011517,0.042423,0,0
81659,109.563122,36.450739,Alces alces,56003281,Cervidae,LC,0,0,9.204869,12.164585,30.779401,992.870252,27.890824,-11.611716,39.50254,510.953034,111.530927,2.137192,92.607353,307.21047,9.00171,276.539899,9.00171,1191.963612,1045.188887,49.585474,-0.49582,46.631056,5.829979,5377.721601,32.644614,10.66042,50.650298,24.845021,24.504681,68.909927,6.883854,131.495476,234.18184,34.168765,63.171777,6.170652,0,0,0,0.101449,0.018137,0.001822,0,0.002153,0.27793,0.473706,0,0.118509,0.006294,0,0,0
159884,109.606069,18.925702,Alces alces,56003281,Cervidae,LC,0,0,22.394802,7.584281,42.882684,364.95624,30.444008,12.756412,17.687596,1602.612491,286.868952,19.844947,75.569096,789.153442,71.663437,596.493664,72.879104,558.667437,1311.351359,59.324362,0.221088,341.138196,216.178481,2201.996669,88.530387,8.660258,35.734591,3.653554,60.611855,25.155525,36.363095,0,365.25,63.744302,148.005159,7.817448,0,0.60601,0,0,0,0,0,0.356569,0.031625,0.004802,0,0,0.000993,0,0,0
81740,109.609043,36.919184,Alces alces,56003281,Cervidae,LC,0,0,9.429461,12.658026,30.533296,1047.950275,28.90657,-12.549006,41.455576,486.75647,111.83445,2.028172,95.710219,298.72256,8.174419,272.936791,8.174419,1174.945813,1060.810599,53.236338,-0.532269,42.536924,2.027681,5572.557351,32.895232,10.68136,51.717537,35.272087,13.010376,72.626571,6.1649,139.162895,228.008371,32.387473,58.347665,6.036644,0,0,0,0,0,0,0,0,8.3e-05,0.941922,0,0.057249,0.000746,0,0,0
159975,109.617828,27.300651,Alces alces,56003281,Cervidae,LC,0,0,16.498644,7.826046,26.213646,799.931378,30.964159,1.1154,29.848759,1250.297712,207.507479,32.432352,56.655032,565.045654,128.146672,452.842797,128.146672,394.693579,1123.77087,20.90903,0.115944,146.382254,83.785729,4199.949292,46.806018,9.974515,41.83445,13.141448,45.024102,22.8839,17.355571,12.780212,345.634812,46.767157,105.013624,7.505675,0.000497,0.014826,0,0.014495,0.0685,0,0,0.7342,0.122256,0.00439,0.00323,0.004887,0.00555,0.025097,0,0
81249,109.64794,33.251886,Alces alces,56003281,Cervidae,LC,0,0,12.136102,9.634704,30.677533,798.537757,27.184097,-4.219696,31.403793,842.608217,154.836834,9.383043,68.857624,398.246202,34.208781,366.428468,34.208781,992.700429,1017.67295,32.778551,-0.187034,86.507482,42.498367,4531.963141,131.515517,8.129854,42.028663,13.330717,44.64062,34.609595,12.510672,67.814044,284.851483,46.127108,95.514834,6.994707,0,0,0,0.307348,0.046061,0,0,0.515367,0.063209,0.000911,0,0.011184,0,0.055919,0,0
159888,109.652357,22.243773,Alces alces,56003281,Cervidae,LC,0,0,21.667849,7.917629,33.006062,592.511786,32.867394,8.882269,23.985126,1618.426116,275.368712,29.050723,70.061582,769.592662,107.237901,769.592662,130.229981,177.868484,1209.004946,38.277302,0.174685,227.609617,169.764888,2697.955821,36.365224,10.473538,40.081146,7.010989,52.907865,30.648555,29.028537,0.411012,364.577654,46.261518,104.616831,6.950297,0,0.278579,0,0,8.3e-05,0,0,0.239977,0.37881,0.000497,0.017893,0.00381,0.009609,0.061216,0,0
159974,109.67255,26.395539,Alces alces,56003281,Cervidae,LC,0,0,16.395331,7.873978,27.154458,769.220674,30.370013,1.381374,28.988639,1373.221345,229.847322,40.047129,55.361859,617.785009,154.766712,491.462607,154.766712,498.200949,1139.329733,16.56049,0.16821,162.39546,90.608145,4023.603729,51.711051,9.620296,27.189063,12.191782,60.619155,23.616933,19.352923,9.67353,349.749426,46.031461,104.770857,7.363251,0.000249,0.122608,0,0.020794,0.173805,0,0,0.634413,0.026924,0.011101,0,0.004556,0.005385,0.000166,0,0
159885,109.677599,19.668558,Alces alces,56003281,Cervidae,LC,0,0,24.255283,7.484034,40.415817,401.50753,32.632832,14.11681,18.516021,1696.35239,288.527376,18.019549,75.188789,814.107158,71.354128,747.168682,71.354128,94.447464,1379.340375,45.477292,-0.192479,202.077515,216.808276,3025.412157,11.157943,11.785603,54.385789,7.040972,38.573238,27.022291,36.01892,0.004858,365.25,57.89543,132.4971,7.536169,0,0.005304,0,8.3e-05,0,0,0,0.3135,0.615646,0.004061,0.00174,0.009862,0.012679,0.034143,0,0
82476,109.696247,41.970125,Alces alces,56003281,Cervidae,LC,0,0,4.462351,12.690113,26.647538,1276.802984,26.893247,-20.729553,47.6228,225.111137,61.16144,2.289921,105.350563,146.185403,8.830899,144.736036,8.830899,1451.264737,873.981876,74.183107,-0.741894,17.142268,-81.495976,5802.117444,10.986827,12.020018,40.967258,58.34159,0.691153,93.976946,3.812665,172.017108,195.447634,18.964098,29.985913,4.314775,0,0,0,0,0,0,0,0,0,0.995861,0,0,0.001325,0,0,0.002815
81245,109.742636,29.613333,Alces alces,56003281,Cervidae,LC,0,0,14.033239,7.794096,27.014944,760.193749,27.770005,-1.080313,28.850319,1467.791542,235.665212,27.283484,60.181405,650.555997,95.589019,612.934149,95.589019,916.170087,1009.985132,7.03159,0.319827,177.788496,61.672611,4123.723413,104.255179,8.502399,38.809128,10.238419,50.952453,23.091358,15.255611,22.66134,328.161832,48.69597,104.638249,7.576797,0.000414,0.001408,0,0.111811,0.277456,0,0,0.583154,0.020374,0.003396,0,0.001491,0.000331,0.000166,0,0
82558,109.766701,42.438105,Alces alces,56003281,Cervidae,LC,0,0,5.615174,12.625784,25.782348,1323.237708,28.974886,-19.995254,48.97014,167.212039,47.721552,1.236106,110.498587,113.237835,4.987632,111.907373,4.987632,1167.267112,922.419576,80.70085,-0.806898,13.225144,-75.716529,6073.415484,7.90028,12.999824,42.078086,57.661897,0.260017,90.793273,3.701781,172.343883,194.848693,17.98333,28.185556,4.157085,0,0,0,0,0,0,0,0,0,0.992378,0,0,0,0,0,0.007622
81985,109.76867,38.327546,Alces alces,56003281,Cervidae,LC,0,0,8.193588,13.912441,30.202442,1160.739743,29.601733,-16.462571,46.064304,402.292566,103.872814,1.84269,102.403166,256.928353,8.078855,242.200725,8.078855,1176.274312,1045.588105,59.968617,-0.599403,33.078288,-19.316483,5894.288199,13.288863,12.766044,41.885296,54.641163,3.47354,75.783533,5.837004,143.7933,223.702731,31.471154,55.705043,5.951406,0,0,0,0,0,0,0,0,0,0.968116,0,0.014244,0.01764,0,0,0
159972,109.775832,24.582845,Alces alces,56003281,Cervidae,LC,0,0,19.889508,8.136411,30.287201,693.294796,32.765735,5.924819,26.840916,1724.82622,333.947574,42.606105,69.015806,841.859756,146.92503,691.425721,196.498803,199.335575,1256.41767,28.954401,0.218838,205.546194,138.127602,3778.082483,35.343178,10.539406,49.608796,13.26298,37.128224,27.286578,23.098052,3.803168,359.178888,47.001917,108.317126,7.387443,0,0.141402,0,0,0.00671,0,0,0.169649,0.52394,0.001988,0,0.024354,0.018058,0.1139,0,0
82067,109.828615,38.797779,Alces alces,56003281,Cervidae,LC,0,0,7.309606,14.415431,30.114723,1203.608782,29.497903,-18.374498,47.872401,386.856721,101.47374,2.345561,104.444663,250.655806,9.406607,236.949282,9.406607,1256.177445,1006.267633,59.220593,-0.592664,32.669275,-29.980658,5810.737872,5.486619,13.129491,48.200816,49.385578,2.413606,86.342205,4.95719,151.96273,216.334937,27.90734,47.768385,5.603209,0,0,0,0,0,0,0,0,0,0.99155,0,0.006959,0.000911,0,0,0.00058
160056,109.848151,27.80778,Alces alces,56003281,Cervidae,LC,0,0,16.927283,7.758414,25.733209,812.664329,31.541735,1.395806,30.14593,1294.995012,220.493907,32.223816,57.928471,589.473269,123.734588,476.588988,123.734588,304.850224,1137.867299,20.153455,0.134881,148.770838,84.927442,4334.571464,36.268274,10.394432,43.574193,11.829461,44.596346,22.931452,17.074806,13.268368,344.949832,46.978367,105.150213,7.53744,0.000166,0.00754,0,0.016654,0.049217,0,0,0.670892,0.244179,0.000746,8.3e-05,8.3e-05,0.006131,0.004309,0,0
159970,109.873039,22.764087,Alces alces,56003281,Cervidae,LC,0,0,21.733463,8.097493,33.408527,598.590242,33.122809,8.88771,24.2351,1528.514176,251.610523,32.364472,66.955781,699.076932,113.042664,685.675571,149.553806,173.491705,1229.889016,33.745126,0.122921,208.003896,164.334182,2944.845959,31.971617,10.877981,48.238388,9.48234,42.279272,31.043166,28.422729,0.398166,364.587571,45.157778,101.551416,6.856629,0,0.156395,0,0,0,0,0,0.095759,0.362078,0.00116,0.000663,0.081842,0.069168,0.23219,0,0
82149,109.891678,39.268302,Alces alces,56003281,Cervidae,LC,0,0,6.856296,14.061757,29.713228,1194.284778,28.726979,-18.60128,47.328259,374.844782,98.433614,2.817152,106.748061,245.27257,9.734763,235.178127,9.734763,1311.435301,964.482311,58.404959,-0.584156,32.454899,-40.882029,5702.659789,13.6559,11.829884,45.9145,49.501815,4.583685,89.391263,4.612078,158.773738,209.451649,26.279874,43.875778,5.361818,0,0,0,0,0,0,0,0,0,0.982934,0.001408,0,0.002817,0,0,0.003894
81330,109.920221,32.847087,Alces alces,56003281,Cervidae,LC,0,0,14.309875,9.063557,28.790239,829.293257,29.602282,-1.888931,31.491213,906.760911,164.603623,10.772829,67.632905,421.284707,39.537837,392.638693,39.537837,685.71475,1103.28796,33.956626,-0.266463,83.656,63.086076,4739.338763,108.358654,8.496522,43.54708,13.519686,42.933234,31.259385,13.04309,66.270242,285.177256,48.717898,102.134769,7.223352,0,0,0,0.213333,0.079834,0,0,0.672298,0.022195,0.00265,0.000828,0.001159,0.001739,0.005963,0,0
81329,109.930665,31.932897,Alces alces,56003281,Cervidae,LC,0,0,12.743998,9.135409,29.644881,782.828978,27.706494,-3.126938,30.833432,1107.525099,192.10951,14.493572,65.697193,493.383559,53.043674,477.655215,53.043674,1004.092189,1018.302105,26.338893,-0.022216,112.953766,57.275932,4242.491167,150.085509,7.880418,42.332132,12.388768,45.2791,30.893268,13.179992,59.956051,291.37991,48.105337,100.504896,7.187664,0,0,0,0.408199,0.18882,0,0,0.393872,0.004141,0.001988,0.002319,0.000166,8.3e-05,0.000414,0,0
159966,109.938868,19.276989,Alces alces,56003281,Cervidae,LC,0,0,24.008565,7.492751,42.404567,370.751034,32.028949,14.357078,17.671872,1695.51977,290.626671,20.873687,73.663292,800.173158,78.578535,689.638227,79.506163,214.261133,1389.413792,56.020978,0.163705,312.692957,223.85341,2738.015875,37.384631,10.468918,46.773195,8.319209,44.907596,27.062151,35.914077,0,365.25,59.41671,137.379444,7.587338,0,0.144502,0,0,0,0,0,0.707598,0.070428,0.0029,0.00174,0.002651,0.003149,0.066451,0,0
81413,109.948501,34.229537,Alces alces,56003281,Cervidae,LC,0,0,9.51863,9.993632,29.868498,853.872747,25.391065,-8.001078,33.392143,700.817613,134.355616,6.752817,73.506122,351.944418,24.536325,321.629099,24.536325,1324.230382,911.72739,34.289966,-0.154924,79.908745,12.05793,4285.918913,81.167442,9.05349,42.230922,15.364166,42.404912,51.324877,9.421866,104.53172,255.290169,39.713884,78.40226,6.570368,8.3e-05,0,0,0.393588,0.099577,0,0,0.264767,0.062298,0.035374,0,0.11275,0.003231,0.028332,0,0
160054,109.953398,25.999498,Alces alces,56003281,Cervidae,LC,0,0,15.432258,7.547766,27.201028,733.778232,28.785469,1.039465,27.746004,1556.42778,267.889404,44.419819,57.758347,713.341317,170.970664,564.21895,175.925862,786.121286,1084.405929,15.428579,0.293537,189.580708,83.071884,3718.98717,111.681378,8.220268,30.590274,12.440877,56.968849,26.497738,21.324221,6.843165,354.132886,47.063291,107.500025,7.471265,0.007537,0.153234,0,0.030481,0.300505,0,0,0.482979,0.014495,0.010271,0,0,0.000497,0,0,0
81328,109.954249,31.0231,Alces alces,56003281,Cervidae,LC,0,0,13.630621,8.080829,27.303583,779.053825,27.873121,-1.718585,29.591706,1294.104323,215.355212,21.728015,62.931562,558.42047,74.27275,558.124302,74.27275,989.961517,995.926752,18.601403,0.125785,137.853841,60.275688,4113.905062,154.995429,7.751941,51.228711,15.234829,33.536461,26.57123,14.336279,35.203436,316.561191,47.994686,102.066423,7.413418,0.001243,0,0,0.082422,0.07331,0,0,0.623675,0.161531,0.011183,0.009112,0.002319,0.002816,0.030484,0,0.000166
81327,109.987825,30.117303,Alces alces,56003281,Cervidae,LC,0,0,11.956208,8.554345,29.365675,739.184678,25.983621,-3.158054,29.141674,1453.783601,221.033418,27.687035,59.6574,628.493434,94.628954,611.633576,94.628954,1273.098368,922.051423,3.266574,0.363087,179.735718,44.596145,3792.607525,126.848635,8.343128,40.43035,11.917339,47.652311,22.394743,15.856549,22.98212,324.275649,52.364555,112.444372,8.080522,0.000165,0.00066,0,0.144048,0.202624,0,0,0.646564,0.002888,0.002723,8.3e-05,0.000248,0,0,0,0
81658,110.044099,35.626449,Alces alces,56003281,Cervidae,LC,0,0,8.687689,10.387148,29.640307,895.219819,25.534708,-9.477559,35.012266,539.549179,109.290306,2.836951,86.106727,307.530808,11.300906,274.815493,11.300906,1307.87599,955.705827,42.702143,-0.403251,54.388804,0.130764,4801.198504,59.424593,9.478489,42.098152,16.061713,41.840135,55.542486,8.812704,109.15551,252.712174,38.309454,73.760966,6.485131,0,0,0,0.456556,0.185372,8.3e-05,0,0.094177,0.099147,0.029819,0.00058,0.125984,0.000911,0.007372,0,0
160052,110.050538,24.18826,Alces alces,56003281,Cervidae,LC,0,0,18.988032,7.74856,30.350292,654.799486,31.155419,5.675888,25.479531,1634.599503,308.423213,39.134462,66.263091,772.080343,138.403909,656.822909,184.781889,473.829492,1189.972492,29.179848,0.228955,207.611662,131.31447,3374.770122,72.063522,9.547939,46.454826,10.628682,42.916492,28.194175,24.041917,3.476153,359.631619,46.389333,106.083677,7.267485,0.001243,0.394464,0,0,0.015,0,0,0.101268,0.255656,0.000994,8.3e-05,0.013508,0.006961,0.210823,0,0
160138,110.080517,28.313085,Alces alces,56003281,Cervidae,LC,0,0,16.871624,7.660664,25.460106,814.447233,31.453212,1.369703,30.083509,1377.157592,239.689965,33.662161,59.118047,626.098477,121.282001,520.484005,121.282001,308.995785,1144.74461,14.498282,0.177489,155.466662,83.760109,4424.312933,44.892015,9.891261,37.830368,11.700102,50.469529,23.525766,16.963921,15.256446,341.860995,47.917317,106.256459,7.578806,0.000331,0.008366,0,0.010437,0.123675,0,0,0.769798,0.056329,0.009361,0.005964,0.002319,0.003976,0.008946,0,0
160051,110.096816,23.280555,Alces alces,56003281,Cervidae,LC,0,0,21.768925,8.032261,32.923489,611.92448,33.331676,8.942818,24.388858,1427.732309,259.496203,32.389259,65.228452,660.103976,119.409156,592.543956,162.013898,100.09037,1257.292645,27.421707,0.219221,230.918792,165.300505,3228.53434,20.486263,11.463021,51.872581,12.206224,35.921195,30.549433,27.218061,1.504288,362.917955,46.930484,106.948224,7.147031,8.3e-05,0.103031,0,0,0.000248,0,0,0.027414,0.287477,0.005466,0.007123,0.102783,0.015571,0.440368,0,0
81821,110.130799,36.561971,Alces alces,56003281,Cervidae,LC,0,0,10.21616,12.73785,30.82156,1038.523381,29.482055,-11.843194,41.325249,499.412968,109.765274,2.324239,93.596923,303.085752,9.212258,274.014168,9.212258,991.347137,1083.839181,52.163812,-0.52163,45.090309,9.071823,5579.206672,42.411129,10.158726,56.424397,32.545946,11.029657,68.981418,6.783485,134.39446,231.916259,34.734359,63.09261,6.223538,0,0,0,0,0,0,0,0,0.003976,0.890987,0,0.104705,0.000249,8.3e-05,0,0
82475,110.169808,41.150221,Alces alces,56003281,Cervidae,LC,0,0,3.966034,13.625184,28.136143,1259.224318,26.900583,-21.513173,48.413756,304.916199,84.385671,4.020389,106.626825,197.017151,13.600069,195.829561,13.600069,1592.473435,847.701898,64.16705,-0.640683,23.602717,-85.757034,5628.026528,17.632376,11.46232,42.47181,55.398115,2.130075,85.310638,4.598249,166.337662,201.05378,24.884818,41.103102,5.033117,0,0,0,0,0,0,0,0,0,0.995857,0,0.000249,0.003148,0,0,0.000746
81903,110.180378,37.030705,Alces alces,56003281,Cervidae,LC,0,0,9.999435,13.139868,30.796169,1073.650267,29.814867,-12.850466,42.665333,482.801798,110.829355,2.005451,96.523606,298.936154,8.268642,272.70672,8.268642,958.131611,1101.020942,54.609818,-0.546159,42.19822,4.512939,5796.870178,38.220655,10.49014,42.488829,50.280642,7.230528,70.116706,6.441645,136.982939,229.90713,34.08398,61.531611,6.181591,0,0,0,0,0,0,0,0,0,0.99942,0,8.3e-05,0.000497,0,0,0
160136,110.183922,26.506935,Alces alces,56003281,Cervidae,LC,0,0,15.437488,7.645454,26.778486,755.354334,29.232862,0.69386,28.539002,1448.903341,241.614193,42.205618,54.577814,654.576293,167.632869,499.013741,168.107652,695.013126,1074.140065,14.394214,0.257355,172.581047,76.443701,3894.862378,84.270826,8.8078,32.843004,12.307592,54.849404,24.936358,18.857371,9.25243,350.436144,47.02375,105.646005,7.484614,0.006545,0.07489,0,0.059481,0.277359,0,0,0.525557,0.039351,0.008864,0.000166,0.003894,0.003894,0,0,0
160049,110.186689,21.458386,Alces alces,56003281,Cervidae,LC,0,0,23.045176,7.596409,35.061493,529.59751,33.27958,11.62284,21.656739,1724.984663,298.374145,24.898029,71.233135,818.924629,102.729085,818.924629,107.77913,30.690772,1194.687123,41.839761,0.174093,246.148308,189.584561,2502.075415,5.482038,12.562335,68.613248,13.045015,18.341738,30.43556,30.640838,0.435931,364.519606,49.718258,113.840871,7.213368,0,0.00058,0,0,0,0,0,0,0.222692,0.019725,0.003729,0.233715,0.042765,0.469998,0,0
160046,110.198662,18.885353,Alces alces,56003281,Cervidae,LC,0,0,24.225535,6.72575,41.079269,349.969496,31.606027,15.244488,16.361539,1650.898718,287.019149,24.111448,72.592447,793.892408,80.99014,638.543772,89.89876,184.354981,1356.134727,58.341093,0.232298,357.045974,232.003981,2417.856503,49.997355,10.079858,49.579808,7.833981,42.586211,26.728311,35.972278,0,365.25,61.229829,142.091521,7.688129,0,0.199834,0,0,0,0,0,0.517598,0.089358,0.023685,0.005135,0.013582,0.004555,0.120911,0,0
81410,110.209852,31.530102,Alces alces,56003281,Cervidae,LC,0,0,8.969174,9.127233,30.784516,736.5289,23.368273,-6.274456,29.642729,1246.149287,207.783644,19.098479,63.549259,538.968449,67.216346,537.50516,67.216346,1697.217609,842.186946,14.138052,0.29801,151.229669,22.724072,3535.190997,182.703967,7.483748,30.892717,11.808316,57.298967,31.309405,13.255866,51.882443,300.628642,47.622868,98.956649,7.272355,0.000166,0,0,0.440587,0.402469,0,0,0.150398,0.002983,0.003232,0,0.000166,0,0,0,0
160048,110.231274,20.542568,Alces alces,56003281,Cervidae,LC,0,0,23.815081,7.188082,36.942573,465.164102,32.638143,13.200143,19.438,1741.821429,295.338655,23.894376,70.82544,817.33152,91.52311,817.331185,91.52311,64.842741,1218.718725,38.438746,0.027125,229.890026,194.882686,2805.242311,8.928523,11.872114,69.043101,11.303572,19.653327,28.62507,34.636814,0.085263,365.050699,55.233823,126.315515,7.410399,0,0,0,0,0,0,0,0,0.482104,0.038277,0.026678,0.091964,0.008451,0.26106,0,0.000497
160135,110.232242,25.603367,Alces alces,56003281,Cervidae,LC,0,0,16.750801,7.387959,26.784663,739.984281,29.914454,2.339997,27.574457,1695.308369,307.156892,46.995552,61.726966,806.233459,176.215372,613.922549,188.821349,550.474064,1144.670877,18.105007,0.311803,203.95066,100.025998,3843.150004,97.591431,8.759842,41.022165,14.541502,44.436333,27.973609,21.790271,4.696247,357.824484,47.102691,107.818118,7.450507,0.027101,0.285596,0,0.001326,0.196088,0,0,0.223023,0.240013,0.004227,0.002072,0.000746,0.012763,0.005138,0,0
81409,110.236826,30.62196,Alces alces,56003281,Cervidae,LC,0,0,12.743224,8.597287,28.764238,762.440318,27.230204,-2.654525,29.884729,1359.518781,219.465661,24.709545,61.252025,586.84505,84.00524,585.70618,84.00524,1131.524205,952.801981,9.697874,0.255841,155.30569,50.849705,3911.309772,110.016487,8.516083,49.366806,11.857634,38.77556,24.686931,14.982841,27.178226,323.907516,49.053629,104.373301,7.581211,0,0,0,0.066634,0.034643,0,0,0.890933,0.002818,0.003149,0.000829,0.000995,0,0,0,0
82557,110.242729,41.618919,Alces alces,56003281,Cervidae,LC,0,0,4.16977,13.435284,27.739997,1278.004701,27.000581,-21.431283,48.431864,269.312667,73.115614,2.46005,107.657338,175.522921,9.577747,174.763438,9.577747,1494.311647,872.922545,69.882654,-0.698865,19.908816,-81.744496,5798.590311,10.0782,12.555953,41.577016,57.006277,1.416706,86.29576,4.091814,172.680125,194.853058,20.787358,33.436781,4.516187,0,0,0,0,0,0,0,0,0,0.992958,0,0,0.006048,0,0,0.000994
160047,110.276478,19.622443,Alces alces,56003281,Cervidae,LC,0,0,24.419677,7.703982,41.140258,398.707533,32.848379,14.1234,18.72498,1718.868183,273.510478,22.221247,70.711897,782.986572,86.909329,746.978608,86.909329,64.140923,1336.772605,45.794843,0.150682,295.657555,215.55203,2950.503846,9.339803,11.993439,57.177467,10.932121,31.890411,28.492561,35.937081,0,365.25,57.023335,130.586153,7.484702,0,0.015079,0,0,0,0,0,0.114167,0.645816,0.010191,0.000497,0.019553,0.010936,0.17821,0,0.000166
82639,110.317074,42.087214,Alces alces,56003281,Cervidae,LC,0,0,5.142731,12.920227,26.771202,1294.002892,27.881989,-20.381837,48.263826,214.992817,58.893145,1.776045,107.768503,141.570787,7.244545,140.003809,7.244545,1266.90467,914.715814,76.181686,-0.761978,16.131798,-76.718471,6032.836012,8.276911,12.594148,42.236146,57.437956,0.325899,86.170045,3.973007,173.328323,194.063542,19.738629,31.564307,4.364604,0,0,0,0,0,0,0,0,0,0.998923,0,0,0,0,0,0.001077
160133,110.323405,23.793599,Alces alces,56003281,Cervidae,LC,0,0,20.281858,7.78311,31.151266,640.565833,32.135534,7.161362,24.974172,1530.647059,283.110228,35.798194,65.190703,710.410748,129.90175,619.094136,170.898955,276.835821,1231.412112,30.854354,0.214859,215.426558,148.670131,3327.377612,59.27057,9.792579,40.508685,11.884151,47.607164,30.070774,25.261872,2.487508,361.480084,46.618194,106.184564,7.216614,0,0.407588,0,0,0.00116,0,0,0.243062,0.163781,0.002237,0.003148,0.018723,0.006379,0.149615,0,0
160219,110.366964,27.914468,Alces alces,56003281,Cervidae,LC,0,0,16.582709,7.616929,25.419999,809.330416,31.106191,1.14797,29.958221,1366.612175,228.507694,36.468026,56.286019,621.684608,139.571478,488.103846,139.571478,349.669265,1117.330248,18.407276,0.19762,156.545192,80.769877,4265.758388,62.652857,9.342617,42.204411,13.670792,44.124796,24.206571,17.002808,12.177268,346.382949,47.876156,106.78509,7.614048,0.000248,0.008364,0,0.056977,0.087702,0,0,0.535818,0.22501,0.007785,0.002981,0.011677,0.020538,0.042899,0,0
82720,110.39288,42.555118,Alces alces,56003281,Cervidae,LC,0,0,5.593603,13.040857,26.301322,1331.861075,29.316526,-20.261209,49.577735,164.610201,46.891416,1.007591,112.496574,112.593437,4.13022,111.553769,4.13022,1125.121919,931.821888,81.189354,-0.812305,12.790385,-78.927751,6181.190285,6.840348,12.903502,41.78613,57.765049,0.448821,85.961076,3.885874,173.641919,193.6421,19.002939,30.232451,4.259355,0,0,0,0,0,0,0,0,0,0.982103,0,0,0.000829,0,0,0.017069
160131,110.409373,21.977452,Alces alces,56003281,Cervidae,LC,0,0,22.620924,8.279639,35.612178,559.362601,33.466862,10.21458,23.252281,1726.116596,287.780738,24.594901,70.487971,797.14638,105.024209,797.138099,122.921978,82.622121,1254.394758,42.203811,0.197511,248.230959,187.623701,2617.859525,16.266886,11.581637,58.732957,9.280661,31.986382,32.516584,28.806103,0.438514,364.512343,47.400881,107.663984,7.080205,0,0.046377,0,0,0,0,0,0.062112,0.468406,0.001988,0.013085,0.001159,0.001491,0.387329,0,0
82229,110.415858,38.91026,Alces alces,56003281,Cervidae,LC,0,0,7.69711,13.811065,29.963477,1172.699326,29.029074,-17.059249,46.088323,412.276258,107.651052,2.107269,106.474751,270.34097,8.432105,255.118844,8.432105,1175.886621,1018.436558,56.762548,-0.567773,34.634329,-32.72181,5923.09592,25.868813,11.046339,36.451872,57.546368,6.00176,76.472381,5.813309,149.02735,218.084077,32.325044,56.381356,5.976745,0,0,0,0,0,0,0,0,0,0.993955,0,8.3e-05,0.005382,0,0,0.00058
160217,110.463883,26.109938,Alces alces,56003281,Cervidae,LC,0,0,14.47447,7.554614,27.209486,727.939421,27.967179,0.200972,27.766207,1590.766128,269.660614,46.540883,55.461772,721.874036,179.562441,549.543816,187.160167,944.434767,1026.020308,12.771944,0.344419,193.487952,70.656242,3608.922313,105.091822,8.332773,35.909634,13.01998,51.070386,27.407687,20.188629,7.225362,353.728154,47.293159,107.479467,7.534097,0.016407,0.064468,0,0.052536,0.32524,0,0,0.527262,0.012181,0.001326,0,0,0.00058,0,0,0
81491,110.47058,32.037931,Alces alces,56003281,Cervidae,LC,0,0,12.95203,9.346113,29.733316,795.788363,28.31762,-3.115605,31.433225,1073.918512,187.896722,14.440812,65.598133,481.518394,52.694294,467.172199,52.694294,927.431031,1044.535973,25.307813,-0.073871,105.048587,57.688471,4322.416304,102.269345,8.57476,39.270473,11.717159,49.012368,32.231211,12.979222,58.749922,293.243771,47.593325,98.0011,7.207467,0,0,0,0.548633,0.112925,0,0,0.289395,0.002651,0.009611,0,0.027589,0.003148,0.006048,0,0
81493,110.476336,33.872702,Alces alces,56003281,Cervidae,LC,0,0,11.298276,10.072314,29.866659,861.349013,27.248613,-6.452791,33.701404,743.285863,145.600455,7.428671,72.314655,367.643143,27.984625,338.981112,27.984625,1045.534967,1006.775721,36.302966,-0.238666,77.485658,30.628007,4579.50098,69.080658,9.212355,45.571059,14.777909,39.651032,46.241011,10.799741,88.909631,268.227712,43.248329,85.742576,6.867518,0,0,0,0.319221,0.055261,0,0,0.440182,0.109942,0.013339,0,0.053024,0.003811,0.00522,0,0
81490,110.490061,31.127346,Alces alces,56003281,Cervidae,LC,0,0,13.817002,8.187677,27.230378,791.214009,28.285988,-1.787152,30.073139,1220.644686,210.630023,19.931595,63.885816,538.530134,69.254239,538.530134,69.254239,854.81114,1025.855085,20.539913,0.025129,122.148664,62.292183,4170.355104,166.163889,7.633927,48.673058,13.580735,37.746207,28.040547,14.011475,36.792053,315.77142,47.850471,100.344633,7.385998,0.001077,0,0,0.098798,0.187484,0,0,0.596933,0.083547,0.013262,0.010941,0.000497,0.000829,0.004227,0,0.000166
81489,110.519874,30.220779,Alces alces,56003281,Cervidae,LC,0,0,11.982326,8.68975,29.355988,746.994743,26.339864,-3.272236,29.612099,1405.401608,213.854823,27.209562,59.079367,601.948043,93.864461,596.094741,93.864461,1256.400603,912.272966,3.684117,0.341516,171.946109,42.1262,3698.170851,166.426877,7.811075,38.106044,14.900761,46.993195,24.485229,15.113172,25.33541,325.568362,49.559931,105.413213,7.672203,0.00058,0.00058,0,0.252818,0.145971,0,0,0.590517,0.001741,0.00431,0.000166,0.001658,0.000414,0.001243,0,0
81657,110.530745,34.8015,Alces alces,56003281,Cervidae,LC,0,0,13.101211,11.810635,30.873761,963.030095,31.053722,-7.163883,38.217605,578.327328,114.120514,5.828417,75.108809,298.464721,19.969764,266.421422,19.969764,540.228248,1118.064341,52.078821,-0.511914,49.704972,35.598053,5312.054805,35.943831,10.829259,62.497223,29.321765,8.181012,53.606321,9.177859,105.016595,256.292819,39.196959,75.811418,6.555692,0,0,0,0.026418,0.018385,0,0,0.00058,0.009441,0.137971,0.002567,0.713126,0.087453,0.000248,0,0.00323
82393,110.553654,39.851891,Alces alces,56003281,Cervidae,LC,0,0,6.402056,13.845056,29.059403,1228.141925,28.385583,-19.27382,47.659403,370.829483,104.908247,3.766645,109.239849,244.211982,12.098807,237.990388,12.098807,1250.97867,948.111733,57.449743,-0.574547,31.621778,-57.622302,5827.524279,18.788743,11.582417,42.358387,54.027235,3.614378,81.948958,5.015163,160.236767,207.436504,28.568293,48.060531,5.53402,0,0,0,0,0,0,0,0,0,1,0,0,0,0,0,0
81488,110.5574,29.317851,Alces alces,56003281,Cervidae,LC,0,0,15.853118,7.71102,25.718998,802.916451,30.28562,0.30777,29.97785,1395.624833,229.466309,29.850715,57.783426,613.661855,107.228519,570.00901,107.228519,484.0347,1079.617238,5.714528,0.240674,162.063203,76.316133,4270.528738,86.361746,8.83805,45.06125,13.695125,41.243625,24.666153,15.077469,23.485869,329.222918,48.392283,103.315839,7.547645,0,8.3e-05,0,0.040414,0.125714,0,0,0.669648,0.139545,0.002981,0.001408,0.00207,0.007039,0.0106,0,0
81738,110.565823,35.267507,Alces alces,56003281,Cervidae,LC,0,0,12.848937,12.36004,31.306854,986.767412,31.343697,-8.134135,39.477832,543.092987,111.696038,4.455761,80.108818,294.952003,15.795322,262.360802,15.795322,508.296018,1124.635606,53.723652,-0.537208,46.800473,31.888059,5441.774064,17.054183,11.676788,68.031117,27.154702,4.814181,54.714517,9.035495,106.970515,254.738292,38.937308,74.966982,6.534348,0,0,0,0,0.001325,0,0,0.000166,0.003562,0.03893,0.000166,0.847511,0.104531,0,0,0.00381
160300,110.602462,28.4172,Alces alces,56003281,Cervidae,LC,0,0,16.109614,7.647908,25.537256,804.526398,30.644725,0.705534,29.93919,1422.619315,239.475088,37.378366,56.44111,638.798215,136.088769,523.023374,136.088769,409.613825,1095.89465,14.152229,0.24763,163.534611,77.229809,4221.748465,77.570671,9.098407,32.253501,12.911042,54.835457,24.631415,16.156977,15.841735,341.248447,48.601496,106.879081,7.621687,0.000497,0.002651,0,0.115474,0.236746,0,0,0.592362,0.024437,0.010106,0.013088,0.000249,0.000911,0,0,0.000414
81820,110.605799,35.734419,Alces alces,56003281,Cervidae,LC,0,0,11.65435,11.875774,30.320693,991.19545,30.03869,-9.097383,39.136074,527.459034,112.786881,3.611603,85.750156,301.075627,13.378736,270.315025,13.378736,752.703836,1088.696562,51.187179,-0.511927,47.743416,20.801539,5385.300489,50.762965,10.072791,54.611884,31.05603,14.332086,57.615155,8.72773,111.689182,251.321094,39.448143,74.309185,6.582415,0,0,0,0.043071,0.052431,8.3e-05,0,0.039427,0.109915,0.234739,0.000497,0.433944,0.073718,0.007123,0,0.005053
81983,110.699498,36.670526,Alces alces,56003281,Cervidae,LC,0,0,9.944266,13.006487,30.895227,1053.542349,29.496048,-12.60055,42.096598,494.530162,111.894621,2.575592,94.958467,302.335953,9.697523,277.508373,9.697523,996.447421,1071.317825,51.894789,-0.518939,44.955718,4.95265,5551.42825,44.352776,10.077986,51.865294,41.729549,6.405157,65.645921,7.30619,130.14994,235.626749,36.210357,65.838651,6.307058,0,0,0,0,0,0,0,0.000166,0.002402,0.781543,0,0.214315,0.001574,0,0,0
81574,110.741749,33.464356,Alces alces,56003281,Cervidae,LC,0,0,13.360337,9.497275,29.394383,836.805509,28.967608,-3.345636,32.313245,801.122957,152.39651,8.578397,69.957459,385.181407,32.670537,356.337688,32.670537,805.768274,1081.428773,34.741443,-0.259625,79.893117,47.965989,4762.927579,73.202678,9.222915,43.418622,13.111645,43.469733,39.759958,11.938795,70.860871,283.400416,45.308675,90.081473,7.007639,0,0,0,0.396637,0.058141,0,0,0.500745,0.013334,0.00911,0,0.013417,0.001325,0.007288,0,0
160297,110.741861,25.712855,Alces alces,56003281,Cervidae,LC,0,0,17.006198,7.454796,26.411626,757.681276,30.594307,2.372546,28.221762,1612.668741,284.224513,47.745852,57.862427,752.0236,182.558644,544.650983,192.895714,462.136999,1134.717628,18.227362,0.281064,189.880346,97.498897,3930.066963,72.979884,9.295021,41.494819,12.158287,46.346894,28.690886,20.392328,5.722739,356.753116,47.266181,107.719078,7.494246,0.001822,0.092761,0,0.030147,0.209458,0,0,0.234388,0.382143,0.002071,8.3e-05,0.002402,0.004472,0.040252,0,0
82065,110.752782,37.139525,Alces alces,56003281,Cervidae,LC,0,0,9.438819,13.08101,30.547201,1078.236961,29.257652,-13.554035,42.811687,490.677836,113.535072,2.187191,97.436197,304.928596,9.049054,281.772779,9.049055,1025.487393,1073.800506,52.659482,-0.526324,43.191696,-2.320089,5698.088185,40.472454,10.245067,43.030414,49.043131,7.926455,70.01224,6.640063,136.833764,229.877202,34.758805,62.777767,6.226887,0,0,0,0.010273,0.000828,0,0,0,0.002817,0.973076,0,0.012675,0.000331,0,0,0
160210,110.754226,19.757907,Alces alces,56003281,Cervidae,LC,0,0,24.399404,6.78759,38.288597,400.536255,32.312432,14.604867,17.707564,1755.328801,276.15048,24.517602,69.482883,783.067918,93.935114,775.735354,93.935114,29.103056,1288.381846,39.109021,0.286214,343.603563,213.231917,2778.100625,5.197239,12.574199,63.298789,12.900433,23.800778,29.515473,35.218907,0,365.25,57.792309,132.808963,7.581085,0,0.000746,0,0,0,0,0,0,0.70483,0.005716,0.01574,0.001574,0.004722,0.209842,0,0
81571,110.771037,30.724599,Alces alces,56003281,Cervidae,LC,0,0,13.253214,8.627215,28.403576,778.184577,27.9594,-2.414465,30.373865,1278.569286,212.602832,23.280322,61.914599,561.807053,80.159008,561.807053,80.159008,972.762865,977.343803,11.334552,0.181821,143.583987,53.774191,3942.371965,147.911245,7.815721,44.750913,16.404782,38.844305,26.693178,14.427455,29.811926,322.022637,48.114184,100.355698,7.428643,0.000248,0,0,0.165079,0.056324,0,0,0.700986,0.014826,0.009111,0.012259,0.018305,0.007372,0.007786,0,0.000828
82638,110.782386,41.265491,Alces alces,56003281,Cervidae,LC,0,0,3.143238,13.451978,28.274203,1237.466347,25.981795,-21.589184,47.570979,301.7841,82.137588,3.494292,108.223555,196.660499,11.871267,196.267985,11.871267,1736.599252,815.74534,62.20858,-0.618438,24.012947,-97.832791,5552.575344,16.143329,11.368853,46.140999,51.906408,1.952593,83.37521,4.688566,167.052018,200.250511,25.098006,41.73338,5.0339,0,0,0,0,0,0,0,0,0,0.996604,0,0.000166,0.002733,0,0,0.000497
81570,110.803181,29.819529,Alces alces,56003281,Cervidae,LC,0,0,14.786464,8.119213,26.83922,792.668334,29.34981,-0.90082,30.25063,1353.641205,205.357854,27.924508,57.276718,581.257319,98.833404,567.430544,98.833404,689.489994,1019.895862,5.659778,0.255932,160.376515,65.411924,4054.017594,120.24837,8.383527,39.252003,13.127382,47.620615,24.993754,14.925613,24.457099,327.737523,48.789643,103.454957,7.572998,8.3e-05,0.00033,0,0.147234,0.135343,0,0,0.69711,0.017258,0.001156,0.000743,0,8.3e-05,0,0,0
160295,110.824686,23.908056,Alces alces,56003281,Cervidae,LC,0,0,20.131483,7.692821,30.454357,656.340905,32.068637,6.81392,25.254717,1543.363985,280.788391,38.394971,65.842097,715.222541,128.340432,625.79956,165.056815,240.664158,1260.162547,34.960549,0.164884,201.654098,149.931714,3450.562916,58.742469,9.407171,32.998855,11.672253,55.328892,30.270905,23.851383,2.751365,361.185947,46.129478,104.591952,7.223702,0,0.484301,0,0,0.000331,0,0,0.374783,0.123685,0.004391,0.003728,0.000166,0.003065,0.004142,0,0
81569,110.842045,28.917926,Alces alces,56003281,Cervidae,LC,0,0,16.130614,7.852355,25.832269,811.815979,30.827081,0.432053,30.395029,1395.331575,228.113588,35.717956,54.817856,602.067855,127.191321,532.589983,127.191321,377.373117,1085.548883,10.688771,0.242424,160.324157,77.177197,4231.962944,61.488309,9.454671,33.775924,12.393122,53.830954,25.296571,14.995692,20.860157,334.637218,48.335654,103.542815,7.560266,0.000497,0.000745,0,0.052178,0.169869,0,0,0.762879,0.003975,0.001242,0.005052,0,0.000414,0,0,0
82719,110.86049,41.734075,Alces alces,56003281,Cervidae,LC,0,0,3.823877,13.403444,27.121091,1307.479047,26.798844,-22.584143,49.382986,243.804092,70.801969,1.771109,111.945681,162.944882,7.254757,162.468282,7.254757,1469.135571,875.028768,71.649613,-0.715594,18.486002,-89.816657,5907.567217,9.965182,12.19199,41.412031,57.219072,1.368896,83.385198,4.503324,171.127912,195.975256,23.223518,38.249532,4.760837,0,0,0,0,0,0,0,0,0,1,0,0,0,0,0,0
160294,110.863816,23.004064,Alces alces,56003281,Cervidae,LC,0,0,21.648977,8.009316,33.672628,584.545587,32.785862,9.009404,23.776458,1631.279747,286.041573,30.312737,68.883565,747.601171,113.598507,698.123547,147.014106,215.619951,1306.930718,32.024996,0.165292,224.60736,174.716398,3104.097257,47.449327,9.703412,40.363491,8.15999,51.476519,33.293208,26.526679,0.753358,364.050759,46.491223,105.096935,7.098976,0,0.218698,0,0,0,0,0,0.481534,0.267638,0.001242,8.3e-05,0.005714,0.015899,0.008447,0,0
82228,110.871238,38.078989,Alces alces,56003281,Cervidae,LC,0,0,8.272933,13.633636,30.19811,1145.533631,29.092581,-16.048497,45.141078,479.08505,116.750748,2.833879,100.524284,304.421917,11.330314,282.400467,11.330314,1105.652203,1053.347518,53.597351,-0.535686,39.239371,-21.065091,5900.874435,28.744137,10.798301,27.058124,66.791854,6.150022,72.454143,6.586453,141.138599,225.736828,35.421244,63.210771,6.286551,0,0,0,0.007372,0.001242,8.3e-05,0,8.3e-05,0.000248,0.917336,0,0.072724,0.000828,0,0,8.3e-05
160381,110.887869,28.017546,Alces alces,56003281,Cervidae,LC,0,0,15.875742,7.664829,25.651976,799.683707,30.363547,0.483406,29.880141,1414.837672,224.870215,40.177717,52.719869,627.265609,155.394429,488.797415,155.394429,468.69,1069.267414,13.12106,0.260504,163.616611,73.034032,4086.038238,78.425415,9.018198,35.722227,11.996393,52.28138,25.319293,16.310461,12.783419,345.647345,47.719705,104.971408,7.573391,0.011101,0.009196,8.3e-05,0.018225,0.272637,0,0,0.531439,0.07721,0.003728,0.007042,0.02419,0.017894,0.02709,0,8.3e-05
81655,111.009831,33.056236,Alces alces,56003281,Cervidae,LC,0,0,15.14431,9.758242,29.128583,873.992848,31.33307,-2.171039,33.504108,869.911632,157.432858,10.57347,67.054092,403.366611,39.51095,374.937494,39.51095,464.286325,1158.987781,33.192017,-0.287007,82.040166,66.83411,4948.827036,55.027287,9.598301,57.169607,16.925452,25.904941,38.419272,12.194576,67.117799,286.50932,45.991848,91.564569,7.071102,0,0,0,0.065513,0.018304,0,0,0.355889,0.443184,0.036856,0.006543,0.051764,0.006377,0.011015,0,8.3e-05
81654,111.011176,32.140479,Alces alces,56003281,Cervidae,LC,0,0,13.761306,9.401231,29.186446,821.765891,29.492029,-2.718088,32.210117,1034.838706,182.342097,13.999002,65.459996,466.428922,51.797853,450.892669,51.797853,747.135092,1077.34925,27.991631,-0.117405,99.475115,60.2156,4445.47072,100.824897,8.562365,38.609456,11.666694,49.72385,32.664501,13.158183,52.047255,300.631479,47.048295,95.39644,7.198304,0,0,0,0.489816,0.145388,0,0,0.346167,0.009853,0.003229,0.00058,0.003643,0.001325,0,0,0
160378,111.017908,25.315687,Alces alces,56003281,Cervidae,LC,0,0,16.381669,7.296973,26.795521,724.109831,29.441418,2.217237,27.224181,1667.097067,295.867684,47.502766,58.862846,776.098886,173.536575,580.190654,196.465025,672.997645,1108.893951,15.523234,0.307462,199.173157,96.628867,3653.703093,104.688406,8.588223,38.889828,9.920187,51.189985,29.271684,20.527654,5.187952,357.555567,47.177779,107.353551,7.479682,0.011099,0.226207,0,0.023192,0.259256,0,0,0.227201,0.181065,0.00116,8.3e-05,0.007869,0.003644,0.059223,0,0
82883,111.021317,42.670053,Alces alces,56003281,Cervidae,LC,0,0,5.566802,13.914153,26.993782,1363.84559,30.06651,-21.480307,51.546816,163.090788,47.636477,1.033567,111.75608,110.668933,4.387872,110.2614,4.387872,1018.385061,951.983004,82.691065,-0.827369,11.598494,-86.190629,6424.332433,6.011593,12.770561,38.400969,61.40714,0.19189,79.914862,4.197383,177.260621,190.19239,19.937581,32.648752,4.300757,0,0,0,0,0,0,0,0,0,0.754287,0,0,0,0,0,0.245713
81656,111.026627,33.976784,Alces alces,56003281,Cervidae,LC,0,0,11.532936,10.332795,29.842211,879.247725,27.927405,-6.672159,34.599565,724.125652,143.419578,7.29728,73.015594,361.347307,27.271183,332.88196,27.271183,1040.528839,1021.86483,37.571792,-0.269216,74.094057,30.064403,4651.189306,71.981644,9.110512,48.137748,15.69719,36.165062,48.004065,10.631697,90.340175,267.488292,42.24302,81.946404,6.739279,8.3e-05,0,0,0.387254,0.009862,0,0,0.198227,0.181652,0.058921,0,0.15215,0.003729,0.008121,0,0
81652,111.052543,30.321831,Alces alces,56003281,Cervidae,LC,0,0,14.850851,8.26229,26.926436,802.682965,29.655264,-1.027908,30.683172,1251.912625,199.87458,23.522876,60.019,547.710795,83.824135,547.445959,83.824135,640.257284,1026.662807,10.073501,0.185145,147.024301,65.952165,4074.397404,106.00453,8.628013,41.944805,14.705732,43.349462,26.810504,14.375108,27.763054,324.612753,48.070284,99.911346,7.434825,8.3e-05,0,0,0.132809,0.067026,0,0,0.777382,0.016819,0.00174,0.00232,0,0.001574,0,0,0
160376,111.095028,23.51245,Alces alces,56003281,Cervidae,LC,0,0,21.325418,8.180442,33.09178,618.606625,33.036104,8.330858,24.705246,1562.956654,282.625716,35.432962,67.368014,723.365783,119.94942,646.993044,156.044348,135.336841,1323.534445,39.373005,0.057425,190.805389,167.826412,3461.326354,35.92603,10.296583,37.9776,12.430948,49.591453,33.326662,25.865137,0.931141,363.762851,47.037624,106.595666,7.1982,0,0.277133,0,0,0,0,0,0.358078,0.281939,0.020298,0.010605,0.001326,0.027589,0.002817,0,0.001243
81901,111.125114,35.372546,Alces alces,56003281,Cervidae,LC,0,0,12.741218,12.494376,31.484316,994.135585,31.358264,-8.320839,39.679103,548.278594,121.018868,4.492722,83.434104,305.139379,15.786731,277.166972,15.786731,572.802351,1111.784537,52.237868,-0.522299,48.145399,30.183154,5373.589012,23.186446,10.866855,63.623356,31.380579,4.996065,56.810502,9.138462,108.508024,254.045534,40.680663,76.459695,6.662359,0,0,0,0.006129,0.003064,0,0,0.000497,0.010518,0.020706,0,0.845453,0.11355,8.3e-05,0,0
82555,111.150975,39.961839,Alces alces,56003281,Cervidae,LC,0,0,6.244009,14.114891,28.77157,1264.91971,28.621651,-20.441291,49.062942,370.430426,102.018826,3.244591,110.234006,245.311735,10.740743,239.941466,10.740743,1177.604953,970.9475,57.066761,-0.570695,31.979518,-55.505417,5957.874993,21.256247,11.518322,43.150352,53.085605,3.764043,80.906898,5.239398,160.24755,207.187638,28.953057,49.432173,5.563507,0,0,0,0,0,0,0,0,0,0.99329,0,0.001822,0.003479,0,0,0.001408
160374,111.16687,21.704252,Alces alces,56003281,Cervidae,LC,0,0,22.697416,7.283662,35.478885,499.556588,32.391401,11.881818,20.509583,1946.316461,329.517786,22.784487,73.903988,903.544113,101.893741,902.708417,113.145423,112.02293,1240.531868,39.795389,0.325336,305.906794,194.23956,2396.789944,38.390082,11.002796,57.450273,11.612419,30.937308,34.681153,29.200196,0.31937,364.692406,49.833286,114.009551,7.317075,0,0.120195,0,0,0.000497,0,0,0.048376,0.466451,0.010934,0.00381,0.023608,0.038519,0.227137,0,0.000331
160462,111.17113,27.617796,Alces alces,56003281,Cervidae,LC,0,0,16.11199,7.872595,26.104421,800.787093,30.795976,0.638686,30.15729,1404.456651,215.031121,42.845179,49.992654,615.606657,171.387306,459.174341,171.387306,452.411458,1067.879707,18.119086,0.248193,160.786028,74.113068,4051.10321,65.16479,9.34588,45.975496,13.641526,40.382978,25.810767,16.386069,12.273072,346.708907,47.662132,105.167975,7.56547,0.0169,0.027918,0,0.010024,0.093364,0,0,0.385966,0.240577,0.000911,0,0.013421,0.016486,0.194433,0,0
160461,111.213538,26.718042,Alces alces,56003281,Cervidae,LC,0,0,16.440013,7.79424,26.275786,788.667803,30.934986,1.29191,29.643076,1424.805062,227.001255,45.195706,49.954068,627.620382,184.897875,442.639932,187.550138,462.638268,1078.837886,24.108633,0.236968,162.720051,78.963139,4066.066627,59.463064,9.558317,48.309709,12.412917,39.277374,27.161173,17.536834,9.802015,350.393427,48.552814,108.572219,7.659669,0.012922,0.094185,0,0.014993,0.115888,0,0,0.220179,0.336647,0.00058,0,0.007952,0.007869,0.188784,0,0
82064,111.216519,36.307738,Alces alces,56003281,Cervidae,LC,0,0,9.099247,11.939948,30.586047,981.424967,27.554382,-11.442231,38.996613,519.63544,120.033335,2.915132,94.111981,314.260189,11.619981,292.112431,11.619981,1181.331793,1007.700862,45.839087,-0.457385,49.734218,-0.216863,5174.773121,51.823956,9.728475,50.660027,25.713079,23.626895,64.571493,7.709418,127.014793,238.322767,37.324982,67.948222,6.380819,0.000414,0,0,0.116867,0.050642,0.001077,0,0.023622,0.241194,0.253295,0.000829,0.259428,0.016411,0.03622,0,0
82146,111.269199,36.776397,Alces alces,56003281,Cervidae,LC,0,0,8.219985,12.348783,30.988971,997.557927,27.100467,-12.681358,39.781825,505.805152,119.090874,2.415543,97.774698,313.177739,10.346449,294.043665,10.346449,1297.049617,995.804829,46.528781,-0.463327,47.74758,-8.944413,5250.11154,44.244218,9.883577,45.819106,34.104812,20.076082,65.684662,7.467909,130.060549,235.654194,36.87902,66.982939,6.353636,0.001159,0,0,0.122848,0.05505,0.003477,0,0.002732,0.096689,0.424669,0.000331,0.289487,0.001987,0.001573,0,0
81734,111.286808,31.734437,Alces alces,56003281,Cervidae,LC,0,0,13.193762,9.55091,29.759788,809.682787,28.733959,-3.370238,32.104197,1100.458656,192.673064,16.681113,64.233708,487.318349,60.167361,482.629132,60.167361,901.439611,1012.057974,19.892626,0.021953,114.061359,51.127472,4132.155345,110.530085,8.367511,41.754065,11.974025,46.27191,32.739982,13.166271,48.286036,304.648578,46.669795,93.974944,7.185522,0,0,0,0.288521,0.138168,0,0,0.560464,0.006962,0.00431,0,0.000166,0.001409,0,0,0
81736,111.289763,33.566785,Alces alces,56003281,Cervidae,LC,0,0,12.8689,9.597527,29.395821,840.734649,28.596949,-4.038174,32.635124,799.022209,151.128383,8.443586,69.853985,384.726331,33.231263,355.550583,33.231263,846.055347,1070.045005,35.155086,-0.246175,79.65583,42.883929,4737.492376,88.638436,8.782142,43.013115,13.554987,43.431898,40.971086,11.875716,70.364338,284.422738,45.019238,88.418955,6.986391,0,0,0,0.603097,0.001325,0,0,0.334713,0.029232,0.021862,0.000497,0.009026,0.000248,0,0,0
160459,111.292076,24.918439,Alces alces,56003281,Cervidae,LC,0,0,18.108149,7.851704,28.413843,724.273663,31.407504,3.804329,27.603175,1614.987922,289.865843,45.461757,60.014565,754.068801,160.418496,571.441492,189.983154,448.378291,1176.432017,18.951455,0.239751,192.526982,116.002365,3709.199578,53.3634,10.177634,50.569223,13.860759,35.570018,31.817405,21.010762,4.062271,359.543967,47.643724,107.874387,7.473555,0.003895,0.139306,0,0.001326,0.086848,0,0,0.043507,0.493826,0.067042,0.003978,0.070274,0.005967,0.077733,0,0.000663
81733,111.305877,30.824798,Alces alces,56003281,Cervidae,LC,0,0,15.660293,8.369995,26.646491,830.744009,30.674788,-0.725443,31.400231,1120.340697,200.613417,18.559108,64.575713,512.944838,68.233161,512.944838,68.233161,394.252909,1084.912819,14.486443,0.04215,126.514265,74.66771,4292.908074,66.755337,9.53426,48.953506,15.719563,35.326931,27.673656,14.121653,30.100565,322.59174,47.551241,98.103487,7.346657,0.000248,0,0,0.072801,0.068826,0,0,0.644525,0.159765,0.007206,0.002899,0.000828,0.031887,0.000497,0,0.000663
160458,111.328617,24.018031,Alces alces,56003281,Cervidae,LC,0,0,19.41499,7.54739,29.921797,655.330946,31.316346,6.111778,25.204568,1559.944701,284.486201,40.034066,65.661206,727.086701,127.86248,618.574762,170.339074,368.352338,1245.30354,31.552414,0.14513,193.182754,143.890474,3449.480679,73.125547,9.093115,30.534426,9.177506,60.288068,32.257474,22.657431,2.850128,361.113935,46.483245,105.280403,7.294231,0,0.524437,0,0,0.000331,0,0,0.361166,0.094516,0.001657,8.3e-05,0.003231,0.001822,0.012094,0,0
81732,111.334363,29.919014,Alces alces,56003281,Cervidae,LC,0,0,16.168427,8.003659,25.735933,830.156061,31.194274,0.096221,31.098053,1231.16705,181.466006,26.426081,55.148252,516.916644,95.798465,512.088347,95.798465,326.26764,1068.444374,10.446722,0.165408,144.276713,76.357885,4182.73293,59.002322,9.80755,49.464706,14.006404,36.52889,27.328181,14.209111,24.341004,330.392667,48.374515,100.232074,7.483536,0,0.000249,8.3e-05,0.021494,0.029876,0,0,0.626971,0.192946,0.003071,0.008216,0.000581,0.003237,0.102241,0,0
160457,111.363649,23.116774,Alces alces,56003281,Cervidae,LC,0,0,21.516239,8.280183,34.71236,580.291963,32.793838,8.954117,23.839721,1701.769999,304.147963,32.800855,69.480606,785.213359,115.936154,724.791682,149.244937,218.653097,1314.08896,34.804742,0.12037,211.959524,175.037572,3183.68451,43.910503,9.880786,39.634839,7.359967,53.005194,33.990218,26.102765,0.80849,363.987832,46.809325,106.106349,7.166494,0,0.23778,0,0,0,0,0,0.471417,0.267854,0.006959,0.001823,8.3e-05,0.003728,0.000746,0,0.000166
81731,111.369819,29.016718,Alces alces,56003281,Cervidae,LC,0,0,17.115318,7.679322,24.576429,846.775275,32.442874,1.194442,31.248432,1311.301551,200.47971,38.277933,50.108508,542.391286,135.959057,485.004543,135.959057,95.376663,1109.66834,13.027708,0.175832,145.837253,83.801848,4328.132505,14.4069,11.90156,54.223354,15.45162,30.325026,26.050257,14.732488,20.810797,335.18022,48.253281,102.607479,7.524801,8.3e-05,0.003147,8.3e-05,0.001242,0.030805,0,0,0.411312,0.184995,0.005217,0.008364,0.023766,0.009109,0.309374,0,0.00058
82309,111.387434,37.715367,Alces alces,56003281,Cervidae,LC,0,0,5.843011,11.667134,28.744835,1040.749409,24.973061,-15.447286,40.420347,499.767937,123.028349,2.25184,102.52415,317.967545,9.826706,303.302687,9.826706,1544.229215,940.687254,48.321561,-0.44549,44.41767,-34.35995,5283.490835,67.16837,9.246123,36.21281,29.393398,34.393792,71.45346,6.875744,140.036965,226.729834,36.497664,65.620165,6.37534,0,0,8.3e-05,0.118943,0.195643,0.005881,0,0.046219,0.109086,0.471465,0.001325,0.049284,0.001905,0,0,0.000166
160543,111.410719,28.117129,Alces alces,56003281,Cervidae,LC,0,0,16.036975,7.907817,25.97004,809.584851,30.822879,0.378025,30.444854,1415.237573,211.8697,43.377334,48.775024,607.758692,169.779219,470.323604,169.77922,415.757192,1056.236415,13.281795,0.273124,162.825216,71.255868,4054.22503,70.360456,9.294688,38.18085,12.585885,49.233264,26.007864,16.111335,12.552521,346.165304,47.71794,104.628113,7.550773,0.013667,0.011265,0,0.033794,0.198211,0,0,0.507082,0.075955,0.003893,0.004473,0.00381,0.002568,0.145283,0,0
160542,111.452305,27.217954,Alces alces,56003281,Cervidae,LC,0,0,17.089985,8.206704,26.36374,826.944191,32.299134,1.189323,31.109811,1376.492718,210.638692,43.425931,48.472817,599.070273,180.367695,431.183279,180.735393,320.658231,1098.864357,27.119133,0.19875,153.872343,82.100801,4146.945503,30.53253,10.684105,58.281172,16.940263,24.778565,27.654017,16.507151,11.545808,348.286456,48.281144,106.682227,7.640036,0.009194,0.017808,0,0.007123,0.030481,0,0,0.019382,0.204092,0.000166,0.000166,0.004887,0.058478,0.64814,0,8.3e-05
82391,111.452602,38.185512,Alces alces,56003281,Cervidae,LC,0,0,5.853819,12.546997,29.758756,1069.937011,25.666182,-16.413485,42.079667,487.88065,123.055951,2.675975,103.734455,312.771282,11.285331,299.080165,11.285331,1524.450988,940.994864,49.911364,-0.468049,41.595534,-40.510784,5415.022397,55.142145,9.540836,40.288475,35.882227,23.829297,72.048538,6.801288,141.41346,225.283866,36.261793,64.891599,6.349043,0,0,0,0.08285,0.071997,0.007705,0,0.006048,0.033554,0.664623,0.000331,0.130157,0.002568,0,0,0.000166
82882,111.4804,41.847059,Alces alces,56003281,Cervidae,LC,0,0,3.853815,13.110008,26.744718,1309.073661,26.586543,-22.40211,48.988654,227.284826,69.74264,1.382723,111.75599,151.535115,6.265507,151.529945,6.265507,1408.219953,883.780942,75.404993,-0.752491,15.936372,-97.865102,6057.704934,10.818532,12.256088,40.937686,57.745879,1.316435,80.749678,4.591656,172.039361,195.042119,23.609094,39.139818,4.778112,0,0,0,0,0,0,0,0,0,0.994119,0,0.003893,0.001988,0,0,0
160541,111.491663,26.319053,Alces alces,56003281,Cervidae,LC,0,0,17.995441,7.864044,25.65968,821.629811,33.057816,2.415309,30.642507,1380.023795,222.445084,46.416718,50.003638,606.51798,187.488182,402.669925,195.813625,166.887053,1135.715464,29.903573,0.18052,156.19688,93.103451,4310.693567,19.58899,11.343611,55.532453,16.315281,28.152266,27.745624,17.71142,9.00486,351.620052,48.558646,108.615125,7.654138,0,0.022528,0,0.001077,0.003975,0,0,0.04108,0.551598,0.001574,0.001491,0.005715,0.025261,0.344956,0,0
82472,111.521565,38.655999,Alces alces,56003281,Cervidae,LC,0,0,4.972541,12.653319,29.291504,1105.556151,25.265779,-17.88833,43.154109,481.246645,124.380277,3.257054,105.026485,309.556643,12.631143,299.400688,12.631143,1602.09783,910.359892,51.185329,-0.454278,40.899239,-50.705671,5389.364688,58.097288,9.521675,43.229396,39.254976,17.515628,72.62408,6.713462,143.150181,223.457192,35.910394,63.895571,6.310034,0,0,8.3e-05,0.009361,0.016651,0,0,0.001988,0.029326,0.898848,0.000249,0.042913,0.00058,0,0,0
160540,111.52897,25.420193,Alces alces,56003281,Cervidae,LC,0,0,18.034321,7.629027,26.647013,762.10703,31.868389,3.246433,28.621956,1542.186612,266.114397,46.744911,55.954722,707.414013,173.24836,501.646908,194.390095,355.776561,1158.004504,19.325338,0.225335,178.369055,106.088904,3936.939094,47.097711,10.205087,51.834349,15.037792,33.127859,29.858722,19.963251,5.306576,357.598852,46.999066,106.492242,7.473946,0.008946,0.07273,0,0.005633,0.066849,0,0,0.05169,0.698559,0.006461,0.000249,0.018058,0.009692,0.060968,0,0.000166
160539,111.564417,24.521111,Alces alces,56003281,Cervidae,LC,0,0,18.551269,7.755643,29.122864,691.708256,31.261946,4.66137,26.600576,1599.919601,287.45529,43.700779,61.486057,744.823903,146.542373,587.783375,185.419734,423.525828,1204.229306,24.328732,0.201964,192.5761,128.299055,3574.662373,73.608773,9.244046,46.264471,12.369775,41.365754,32.110572,21.946155,3.152273,360.717791,46.829534,105.887978,7.365492,0.002817,0.221357,0,8.3e-05,0.042996,0,0,0.242565,0.325905,0.01864,0,0.041919,0.037114,0.066606,0,0
81814,111.585824,30.420456,Alces alces,56003281,Cervidae,LC,0,0,16.767999,7.975731,25.278443,854.11808,32.093204,0.542835,31.550369,1098.947555,174.421868,22.241086,57.688746,476.167076,80.149889,476.143917,80.14989,103.032333,1117.203689,13.608094,0.03289,127.396834,84.447853,4352.630649,13.992559,12.221809,58.893932,18.64323,22.462838,27.860589,13.944536,27.432413,326.047598,47.506434,97.295305,7.33726,0,0,0,0.000497,0.000497,0,0,0.121104,0.344496,0.005388,0.012185,0.136107,0.026857,0.310428,0,0.001409
82554,111.594163,39.126764,Alces alces,56003281,Cervidae,LC,0,0,5.865561,14.117762,30.05206,1184.637321,27.454143,-19.503596,46.95774,445.035975,117.938192,2.888917,106.76109,288.769011,11.235522,280.730503,11.235522,1355.451398,962.467727,51.991088,-0.512234,37.417445,-43.845659,5693.477722,31.986849,10.664771,35.321986,60.468568,4.209446,75.180142,5.909889,153.472463,213.450712,32.549036,56.686602,5.926954,0,0,0,0,0,0,0,0,0,0.886128,0,0.112961,0.000911,0,0,0
160538,111.598214,23.621507,Alces alces,56003281,Cervidae,LC,0,0,21.191184,8.153046,33.088618,616.731651,32.880255,8.246975,24.63328,1603.632651,290.639973,36.639924,66.636199,743.274642,121.405465,650.123214,159.298365,138.310249,1316.738388,36.761956,0.072935,190.858149,166.47472,3482.189902,37.890331,10.209438,35.532448,10.485219,53.982334,34.363316,24.791576,1.455755,363.132329,47.252437,106.670573,7.255735,0,0.312743,0,0,0,0,0,0.454914,0.173884,0.017057,0.003974,0.017554,0.00356,0.007949,0,0.000166
81813,111.616297,29.516121,Alces alces,56003281,Cervidae,LC,0,0,17.032369,7.551831,24.137099,853.394593,32.470694,1.184898,31.285796,1234.35545,183.861678,32.835052,50.26331,499.802311,117.889374,474.695252,117.889374,82.018648,1095.617625,15.442915,0.141987,139.645665,82.918625,4264.062108,13.561007,12.174154,59.035601,17.947001,23.017398,26.662336,14.332907,21.322639,334.531313,48.393183,101.305763,7.497008,0.000663,0.000829,0,0.000829,0.021806,0,0,0.006467,0.244093,0.000746,0.002487,0.117901,0.022055,0.571097,0,8.3e-05
160537,111.630596,22.721031,Alces alces,56003281,Cervidae,LC,0,0,22.16879,8.359456,35.721509,559.290256,33.273581,9.871797,23.401785,1858.281681,329.097724,30.632607,71.613235,861.731922,114.278065,814.303611,139.984334,167.444929,1292.312451,37.632744,0.218456,246.294907,184.192267,2869.037351,36.369383,10.48914,51.367322,10.852669,37.780009,35.896643,26.537781,0.537706,364.416192,47.533243,108.005234,7.218222,0,0.144384,0,0,0,0,0,0.173708,0.432737,0.000249,0.000497,0.042495,0.019549,0.186382,0,0
81981,111.643812,35.008362,Alces alces,56003281,Cervidae,LC,0,0,12.15515,10.898688,29.943032,927.745617,29.343555,-7.017342,36.360896,592.687915,133.190762,5.213461,82.577341,327.248518,19.364683,298.844806,19.364683,742.612056,1081.784988,46.443384,-0.458381,54.334105,29.683119,5141.41261,66.853343,9.233454,51.166503,20.306198,28.527299,53.932998,10.160844,99.547917,261.553433,42.932882,80.206238,6.796242,0,0,0,0.276673,0.067346,0.000414,0,0.035454,0.264745,0.12939,0.002071,0.185636,0.006213,0.02833,0,8.3e-05
160623,111.73145,26.818022,Alces alces,56003281,Cervidae,LC,0,0,17.559226,7.930032,25.673233,828.318307,32.742738,1.854773,30.887965,1386.601799,213.31,45.545429,47.759617,599.402382,187.395827,413.248226,192.838844,249.93933,1114.766985,30.044893,0.199547,155.835255,85.341433,4252.677512,32.985335,10.553628,58.838211,16.060798,25.100991,27.706989,17.203668,9.700418,350.753116,48.511254,108.372149,7.646235,0.002071,0.059321,0,0.002734,0.018144,0,0,0.044656,0.408616,0.001326,0.00116,0.051698,0.011268,0.398509,0,0
82145,111.731922,35.942444,Alces alces,56003281,Cervidae,LC,0,0,11.415227,12.496693,31.133913,1005.847137,30.25536,-9.878475,40.133835,529.701984,126.920077,3.778367,92.367118,316.146158,14.600427,294.855763,14.600427,766.961508,1092.615034,49.819614,-0.492436,49.978409,20.974606,5413.927606,29.50835,10.604883,57.718486,34.58994,7.691574,58.384894,9.113317,110.359077,252.497317,41.110187,76.527138,6.682522,0,0,0,0.008532,0.020709,0.001408,0,0.000497,0.03272,0.04498,8.3e-05,0.769964,0.120941,0.000166,0,0
83127,111.740322,43.250017,Alces alces,56003281,Cervidae,LC,0,0,4.528253,14.310907,26.528594,1426.597759,29.955464,-23.988977,53.944441,165.160021,46.855373,1.04994,110.119904,111.562763,4.585393,111.561797,4.585393,1018.857352,924.977155,84.32303,-0.841195,10.012697,-105.571102,6513.451978,5.505865,12.844716,36.102657,63.890426,0.006917,76.845587,4.307034,179.342283,188.177158,20.167727,33.355947,4.298475,0,0,0,0,0,0,0.004887,0,0,0.781348,0,0,0,0,0,0.213765
160622,111.767846,25.919977,Alces alces,56003281,Cervidae,LC,0,0,16.515767,7.3753,26.108965,755.690942,30.154277,1.905287,28.248991,1503.153818,245.658385,48.684424,51.566726,666.274097,183.459976,459.172577,201.181567,527.772865,1082.570054,19.499378,0.26743,174.368977,85.695615,3891.069544,84.972905,8.949167,32.451734,8.796492,58.751774,30.515069,19.083056,5.969268,357.005378,47.43913,106.137945,7.487253,0.025926,0.319722,0,0.010685,0.204423,0,0,0.281206,0.135675,0.00497,0.001574,0.010933,0.001657,0.00323,0,0
82226,111.783543,36.410684,Alces alces,56003281,Cervidae,LC,0,0,10.38257,12.231344,30.541513,1008.135137,29.210465,-10.755927,39.966392,507.736954,124.534224,3.003882,97.557597,313.845055,12.85206,295.232141,12.85206,887.585061,1085.618487,51.473414,-0.500883,47.792017,14.191658,5504.669185,44.930276,10.11493,50.868768,31.903512,17.227721,64.733299,7.8487,126.847748,238.442437,37.964327,68.947768,6.423947,0.000166,0,0,0.069914,0.109095,0.000166,0,0.019384,0.066103,0.18837,0.000414,0.44392,0.101889,0.00058,0,0
160620,111.834981,24.123707,Alces alces,56003281,Cervidae,LC,0,0,19.406125,7.764424,30.732689,648.23807,31.468482,6.213985,25.254496,1612.472304,290.595255,40.152553,63.656086,750.735201,132.159593,615.033223,176.548432,363.877158,1237.820004,29.310844,0.175484,196.953248,142.911248,3458.327026,71.347815,9.329186,39.48809,10.804739,49.707171,33.534116,22.347991,2.899452,361.118501,47.443686,107.393339,7.413072,0,0.382877,0,0,0.00679,0,0,0.349507,0.148464,0.012255,0.001904,0.047942,0.005631,0.043223,0,0
81899,111.838495,33.666668,Alces alces,56003281,Cervidae,LC,0,0,11.975457,9.843029,29.690417,841.340655,27.823892,-5.286435,33.110326,810.545002,156.012409,8.784131,70.443045,393.897655,35.11763,367.540751,35.11763,974.265332,1028.293591,34.912807,-0.196176,82.202343,33.158176,4608.481977,104.773457,8.350079,38.632344,14.723839,46.643817,44.949295,11.307584,77.586312,279.060131,43.87374,84.397928,6.858491,0,0,0,0.743061,0.003894,0,0,0.206894,0.017234,0.015246,0,0.010854,0.002486,0.000331,0,0
82308,111.839884,36.879577,Alces alces,56003281,Cervidae,LC,0,0,8.63984,12.121997,30.415971,1004.519266,27.405284,-12.298524,39.703809,504.866881,125.737082,2.783907,101.127229,317.462861,12.530244,303.791933,12.530508,1180.756071,1028.826378,51.625591,-0.466574,47.726803,-1.998771,5394.056236,58.685818,9.768973,43.778731,32.944755,23.276514,66.834801,7.702304,131.933911,233.909533,38.6271,69.913995,6.508517,0.000248,0,0,0.042233,0.153693,0.001159,0,0.014326,0.08902,0.285691,0.001987,0.322955,0.088109,0.000331,0,0.000248
160619,111.866111,23.224911,Alces alces,56003281,Cervidae,LC,0,0,21.404973,8.147837,34.459644,579.73464,32.642333,9.012522,23.629811,1747.194474,311.661737,34.952221,68.209123,800.510019,119.451535,734.310321,153.43505,224.189861,1281.171146,33.426123,0.169418,218.942789,171.589413,3134.882459,58.556423,9.525675,37.124966,8.48356,54.391474,35.109148,25.147598,1.232604,363.479391,46.859118,106.01335,7.211264,0,0.370849,0,0,0,0,0,0.370186,0.225673,0.009524,0.005217,0.000994,0.006874,8.3e-05,0,0.000248
81895,111.866139,30.016084,Alces alces,56003281,Cervidae,LC,0,0,16.945563,7.768369,24.504064,862.396154,32.578957,0.879904,31.699053,1138.282187,164.695477,26.941045,51.130317,462.682036,98.804959,450.676013,98.804958,51.268942,1097.440012,14.991417,0.074933,130.768239,83.717774,4231.717184,4.187262,13.515469,63.765306,19.238065,16.99663,28.41569,13.592856,23.013669,332.770103,48.052049,97.502651,7.388108,0,0,0,0,0,0,0,0.001326,0.098194,0.004392,0.01359,0.513921,0.010772,0.339161,0,0
160618,111.895914,22.325222,Alces alces,56003281,Cervidae,LC,0,0,21.947235,8.034049,36.136226,535.701684,32.508188,10.280933,22.227256,2049.278324,359.840952,29.637952,73.461449,950.685118,114.063661,917.4387,133.904402,194.783938,1225.72099,39.503962,0.327032,289.381192,184.32317,2496.909357,52.883814,9.727723,41.721442,7.88439,50.394168,36.552275,26.655902,0.439967,364.576927,47.262476,107.767986,7.205335,8.3e-05,0.442005,0,0,0.000166,0,0,0.207291,0.146479,0.00174,0.000746,0.019304,0.010108,0.167854,0,0
81894,111.898164,29.113126,Alces alces,56003281,Cervidae,LC,0,0,17.257099,7.389353,23.486408,863.310375,32.812874,1.353033,31.459841,1276.11091,189.335045,40.934811,47.10592,521.069761,146.582821,451.60513,146.582821,40.914983,1087.210025,15.362877,0.170308,141.293277,80.48314,4239.893572,4.838571,13.439263,58.777876,21.716361,19.505763,27.772878,14.470857,19.889122,337.212626,48.377712,101.599202,7.50328,0,0.00116,0,0,0.013007,0,0,0.000414,0.329246,0.018144,0.047887,0.310356,0.034466,0.199917,0,8.3e-05
82390,111.900725,37.349028,Alces alces,56003281,Cervidae,LC,0,0,9.191436,12.995604,31.413644,1029.695379,28.664167,-12.580869,41.245036,465.366704,118.266094,2.689832,103.914318,297.559711,12.485798,286.592315,12.486326,1000.901886,1079.205275,55.376931,-0.5494,40.998633,2.894128,5693.589738,32.240173,11.273001,45.21903,37.977782,16.803188,67.836931,7.519895,135.800908,230.543745,38.341857,69.667439,6.503225,0,0,0,0.04855,0.124275,0.00232,0,0.029826,0.045236,0.094035,0.001408,0.498757,0.15551,0,0,8.3e-05
82881,111.918039,41.011497,Alces alces,56003281,Cervidae,LC,0,0,3.519519,12.96512,27.557007,1240.47573,25.721267,-21.296516,47.017783,301.161955,88.914576,2.012049,113.710831,202.492006,7.500409,202.248004,7.500409,1555.062815,855.51984,58.160667,-0.580145,28.102825,-85.778648,5626.687179,44.467817,10.117029,41.901373,52.562165,5.536462,78.850871,5.240101,164.704022,202.421713,28.042889,47.929366,5.370209,0,0,0,8.3e-05,0,0,0,0,8.3e-05,0.934051,0.000249,0.036205,0.028998,0,0,0.000331
83290,111.922371,44.183485,Alces alces,56003281,Cervidae,LC,0,0,3.068494,13.720201,24.961796,1497.403832,28.691566,-26.265991,54.957556,156.417991,45.255881,1.021345,114.554625,111.042574,3.522432,111.042574,3.522432,1051.898104,901.387556,84.257774,-0.841302,9.653955,-121.028603,6548.475307,8.038,12.303673,42.166003,57.648733,0.185264,73.733319,4.654683,186.826512,180.241705,19.401126,33.135307,4.178667,0,0,0,0,0,0,0,0,0,0.988152,0,0,0,0,0,0.011848
82962,112.006754,41.482868,Alces alces,56003281,Cervidae,LC,0,0,2.53351,12.73587,26.766563,1269.683791,24.933981,-22.631084,47.565065,277.022727,83.11147,2.007492,111.929719,185.184027,7.916084,185.184027,7.916084,1716.772426,815.977576,64.331299,-0.640292,22.476244,-104.574879,5634.732148,24.442588,10.864243,43.219217,55.283942,1.496841,79.311486,4.809324,171.341544,195.6598,24.854974,41.626511,4.927073,0,0,0,0,0,0,0,0,0,0.993043,0,0.001325,0.005632,0,0,0
81978,112.094353,32.338095,Alces alces,56003281,Cervidae,LC,0,0,15.773128,10.369954,29.388844,909.618167,32.813247,-2.460411,35.273659,967.674781,171.02563,15.509684,62.690203,422.295815,56.357103,416.47893,56.357103,102.87493,1164.683067,35.068096,-0.282757,84.468073,74.464889,4795.04959,4.029878,13.407991,70.558787,24.145939,5.295274,37.767417,12.59118,52.502145,301.19049,45.873636,88.860134,7.146572,0,0,0,0,0,0,0,0,0.026174,0.016317,0.007786,0.854386,0.087054,0.000911,0,0.000166
83044,112.09835,41.954237,Alces alces,56003281,Cervidae,LC,0,0,3.261493,12.759116,26.217897,1313.880759,25.835521,-22.822852,48.658374,233.784765,71.076673,1.321377,112.78541,158.04953,6.057382,158.04953,6.057382,1503.324331,855.8235,72.86181,-0.727049,17.260271,-104.18654,5941.482927,14.152457,11.666906,41.816384,56.687407,1.49621,74.622734,4.746611,175.240221,191.850845,23.656263,39.775771,4.694477,0,0,0,0,0,0,0,0,0,0.999834,0,0,0.000166,0,0,0
81977,112.101342,31.425339,Alces alces,56003281,Cervidae,LC,0,0,15.873836,9.086039,27.262471,880.105532,32.081621,-1.239751,33.321373,1000.129335,179.363041,16.729148,61.642612,436.50786,63.782552,436.50786,63.782552,185.922664,1116.965472,28.199047,-0.161812,99.415969,74.931538,4449.582718,25.47706,11.222572,59.238068,16.653756,24.108175,34.129853,13.101324,45.034403,308.780628,46.664148,92.984198,7.227199,0,0,0,0.021709,0.009611,0,0,0.391499,0.104731,0.005551,0.000746,0.326953,0.011103,0.126854,0,0
81979,112.102256,33.255284,Alces alces,56003281,Cervidae,LC,0,0,14.561452,10.396309,29.94233,887.15671,31.242487,-3.452911,34.695398,865.730155,156.535068,11.310458,65.933007,398.541226,43.564376,374.591545,43.564376,416.208484,1137.952582,38.378643,-0.290049,79.101503,57.928551,4921.665561,52.493852,10.27139,58.945046,19.087214,21.967739,39.412156,12.436858,59.566508,294.900261,45.491046,88.236885,7.064648,0,0,0,0.257765,8.3e-05,0,0,0.117783,0.117535,0.026008,0.002154,0.441812,0.026588,0.010271,0,0
160701,112.103817,23.726227,Alces alces,56003281,Cervidae,LC,0,0,20.821351,8.290267,33.747389,607.019569,32.652324,8.10824,24.544085,1664.205693,296.833729,37.127781,65.262569,766.201275,123.274985,662.529493,165.207973,218.725697,1274.664406,34.087283,0.179237,209.608816,160.691918,3355.435863,47.22716,10.008945,37.459737,10.109006,52.431257,34.60067,23.569407,2.430792,361.816723,47.55886,107.249515,7.353828,0,0.314411,0,0,0,0,0,0.468882,0.171459,0.00663,0,0.011188,0.008867,0.018563,0,0
81976,112.119705,30.516649,Alces alces,56003281,Cervidae,LC,0,0,16.767571,8.141256,25.248833,872.812044,32.57903,0.346516,32.232513,1050.030885,152.087686,22.496191,52.495466,430.563639,83.773365,421.654406,83.773365,46.477262,1105.131633,12.847413,-0.028062,117.25717,82.350664,4258.784553,2.87901,13.561733,63.088513,20.871213,16.040274,28.827129,13.547979,24.756096,330.885457,47.782201,96.631399,7.356671,0,0,0,0,0,0,0,0,0.151769,0.005302,0.017314,0.629194,0.037031,0.109933,0,0.000249
160700,112.132353,22.828246,Alces alces,56003281,Cervidae,LC,0,0,21.903887,8.315587,35.797634,561.718645,32.984993,9.755589,23.229403,1890.200977,332.491365,34.328143,69.861167,870.679279,118.802509,820.291735,143.939125,181.648127,1247.029589,38.643832,0.22715,241.966827,178.817555,2836.40566,51.728016,9.762317,44.314561,10.816895,44.868544,36.832227,26.078688,0.479381,364.524922,46.682073,106.53424,7.189485,0,0.231171,0,0,0,0,8.3e-05,0.274505,0.437733,0.006049,0.002651,0.001823,0.02842,0.013009,0,0
82062,112.162521,34.642007,Alces alces,56003281,Cervidae,LC,0,0,14.321977,11.48897,30.922984,936.895544,31.673483,-5.478839,37.152322,616.958528,142.470677,5.781128,81.27916,335.902408,22.472388,307.655778,22.472388,344.578867,1209.478478,49.51845,-0.495279,53.588016,57.612661,5554.369201,24.816606,11.463408,65.564612,25.205325,9.230063,53.894656,10.607434,96.894556,263.97093,44.293209,82.265686,6.879041,0,0,0,0.002236,0,0,0,0,0.043482,0.019049,0.000828,0.820855,0.102037,0.011347,0,0.000166
81974,112.179797,28.710006,Alces alces,56003281,Cervidae,LC,0,0,17.333899,7.547238,23.78712,864.611214,33.085574,1.36249,31.723084,1319.673414,194.408437,43.745099,46.619901,552.934608,167.895532,433.461041,168.249864,56.47774,1088.734152,20.557344,0.194163,144.872761,77.006525,4271.584062,9.974722,12.648229,54.633893,18.786709,26.579398,28.7003,15.192584,18.845693,339.186954,48.950408,104.292077,7.601994,0.000166,0.000745,0,0,0.009276,0,0,0.21948,0.316134,0.03727,0.058887,0.131854,0.033129,0.11239,0,0.000166
82144,112.201554,35.107887,Alces alces,56003281,Cervidae,LC,0,0,12.774017,10.680025,29.642647,921.68689,29.665008,-6.303285,35.968294,590.624933,139.983596,5.077007,85.713142,334.335565,19.918033,309.413441,19.918033,598.673895,1113.254933,47.77479,-0.447683,56.420094,37.052939,5234.934444,66.271179,9.570353,52.606413,20.148252,27.245336,55.622446,10.718169,99.439327,262.222126,45.25139,83.54931,6.935358,0,0,0,0.133295,0.08334,0,0,0.036368,0.252092,0.071411,0.032475,0.299395,0.003397,0.075719,0,0.000663
160785,112.251229,26.914455,Alces alces,56003281,Cervidae,LC,0,0,18.011113,8.034282,25.515812,846.819626,33.55907,2.082119,31.476952,1411.481723,210.802657,47.008846,46.538391,602.097886,190.573971,415.677625,199.630717,150.781231,1145.118883,27.754849,0.206401,158.724578,87.318945,4424.34102,18.373722,11.443409,61.63547,15.48982,22.87471,28.533051,16.351215,10.79933,349.786381,48.130184,106.668054,7.61164,8.3e-05,0.02717,0,0.001077,0.002319,0,0,0.032803,0.358433,0,0,0.022117,0.015905,0.540093,0,0
160784,112.283871,26.017897,Alces alces,56003281,Cervidae,LC,0,0,17.240765,8.010275,26.952613,782.116312,31.6826,1.995976,29.686624,1474.507596,232.068112,47.487786,50.649625,648.13054,175.84474,452.020359,193.804132,411.016808,1115.314649,23.884724,0.237059,167.749228,89.779422,4017.953169,56.464119,9.718087,48.848699,13.498849,37.652452,32.411031,18.782,5.911964,357.201931,48.043242,106.816622,7.514971,0.005053,0.13578,0,0.007373,0.148538,0,0,0.134786,0.278684,0.003314,0.000331,0.013752,0.003562,0.268826,0,0
82880,112.349711,40.173046,Alces alces,56003281,Cervidae,LC,0,0,4.32441,13.883079,29.788001,1196.954635,26.144342,-20.431427,46.57577,382.135478,102.573365,3.243899,108.121513,247.867714,11.357988,247.330099,11.357988,1438.690344,897.498413,52.505727,-0.519979,34.924309,-62.13387,5555.192681,32.438347,10.415996,39.52507,56.668241,3.806688,71.495698,5.993856,161.962737,204.806044,31.29282,54.711982,5.794822,0,0,0,0,0,0,0,0,0,0.987575,0,0.010272,0.001905,0,0,0.000249
160781,112.370973,23.328673,Alces alces,56003281,Cervidae,LC,0,0,21.349689,8.27102,34.727338,584.692333,32.782415,8.971554,23.81086,1755.992279,306.554578,36.7225,66.19472,794.991262,121.663305,730.020823,156.477041,194.373882,1259.739531,38.287093,0.232404,233.166126,170.609654,3096.342954,60.505697,9.461734,38.701545,9.289814,52.008641,36.495915,24.869075,1.262529,363.466495,47.980184,109.017495,7.33849,0,0.412525,0,0,8.3e-05,0,0,0.330931,0.210487,0.017064,0.007952,0.000249,0.011183,0,0,8.3e-05
82061,112.38793,33.764,Alces alces,56003281,Cervidae,LC,0,0,13.169704,10.276732,29.786023,876.592977,29.617469,-4.849773,34.467242,787.176928,158.374318,9.348629,71.696613,389.349573,36.01041,366.129065,36.01041,704.899417,1085.577317,38.711667,-0.266399,76.916566,42.532991,4859.30277,83.949246,8.868598,47.795011,14.385116,37.819873,47.961255,10.862505,82.805849,275.843989,43.199878,81.474189,6.832551,0,0,0,0.491216,0.001409,0,0,0.236908,0.149735,0.042426,0.000331,0.066042,0.001657,0.010275,0,0
82057,112.3985,30.110737,Alces alces,56003281,Cervidae,LC,0,0,16.951324,7.830388,24.447218,872.249089,32.868784,0.845743,32.023041,1124.80533,166.634518,28.564186,49.350662,454.273295,104.870022,427.10118,104.870023,30.478126,1073.931271,14.278571,0.062989,126.904626,80.950165,4107.405308,0.87053,14.240105,61.562649,23.139643,15.297709,29.671771,12.357592,18.497986,338.586437,48.311143,93.793915,7.288921,0,0,0,0,0,0,0,0,0.092513,0.009442,0.016482,0.797085,0.037187,0.006295,0,0.000331
82470,112.411535,36.980058,Alces alces,56003281,Cervidae,LC,0,0,8.053317,12.4749,31.324914,994.177448,26.851558,-12.917242,39.768799,531.529785,138.048466,2.74414,103.596834,335.864534,12.691815,328.992999,12.691815,1303.846129,1000.223863,50.548455,-0.449381,48.397708,-7.84453,5289.603636,45.485953,9.984864,46.494728,29.398803,24.106469,67.132386,7.760697,133.238821,232.761495,39.088338,70.961647,6.55165,0.020378,0,0,0.001077,0.12674,0.003562,0,0.083665,0.201375,0.300447,0.001408,0.249751,0.011431,0.000166,0,0
82961,112.437042,40.644344,Alces alces,56003281,Cervidae,LC,0,0,3.970107,13.137067,28.469993,1208.690015,25.651252,-20.453164,46.104416,349.852041,97.190964,2.616184,109.827903,229.970316,9.661257,229.823462,9.661257,1499.671496,875.635068,54.929212,-0.543039,32.109414,-71.898906,5569.479312,39.186307,10.088155,40.391506,54.526293,5.082201,72.83942,5.869895,160.372205,206.268298,31.365526,54.437577,5.729217,0,0,0,0.000331,8.3e-05,0,0,0,0,0.914582,0.001491,0.062883,0.001243,0,0,0.00232
83371,112.474541,43.826852,Alces alces,56003281,Cervidae,LC,0,0,3.551767,13.338275,24.219164,1518.41935,28.879956,-26.194076,55.074031,178.355956,49.55499,1.013165,111.915593,122.956776,4.1664,122.956776,4.1664,977.672177,899.530405,82.623977,-0.825456,10.644688,-118.045113,6491.624197,6.496086,12.679745,39.233023,60.595706,0.17127,68.335015,4.774837,184.803959,182.499925,20.637794,35.211404,4.299529,0,0,0,0,0,0,0.000331,0,0,0.955095,0,0,0.000166,0,0,0.044408
160867,112.495622,27.409504,Alces alces,56003281,Cervidae,LC,0,0,17.524042,7.900762,25.080885,843.65023,33.065115,1.586654,31.478462,1439.843656,209.882646,47.731044,45.674652,608.515463,195.185931,422.186412,205.18589,192.108691,1118.377057,19.321821,0.307055,176.573808,79.557256,4347.459422,34.320576,10.456719,54.561855,13.78236,31.655785,28.503885,15.810403,10.613527,350.809626,47.247173,106.782836,7.534386,0.006377,0.03147,0,0.001656,0.028406,0,0,0.256563,0.560248,0.00381,0.00058,0.021118,0.000414,0.088861,0,0
83452,112.572277,44.293225,Alces alces,56003281,Cervidae,LC,0,0,2.183814,13.178758,24.592435,1480.881193,27.170178,-26.410606,53.580785,186.353694,51.969508,1.128949,112.219584,129.719747,4.38395,129.719747,4.38395,1167.693548,849.209652,79.575193,-0.794747,11.982587,-132.676008,6297.682809,9.762943,11.773084,39.13644,60.456001,0.407559,66.258728,4.994362,189.068357,177.773244,20.556716,35.493492,4.263201,0,0,0,0,0,0,0,0,0,1,0,0,0,0,0,0
160863,112.61163,23.826789,Alces alces,56003281,Cervidae,LC,0,0,19.811876,8.091239,33.040379,614.580039,31.669978,7.180549,24.48943,1717.278065,299.329162,35.872814,65.037198,792.217549,119.727659,678.766341,171.295869,358.644983,1236.621361,33.012784,0.272258,230.961104,153.59029,3208.690906,68.929672,9.23631,33.462983,8.186838,58.350179,35.248281,21.853567,3.137763,361.047319,47.939442,108.031344,7.438925,0,0.487449,0,0,0.000249,0,0,0.397564,0.11043,0.000746,8.3e-05,8.3e-05,0.003065,0.000249,0,0
83125,112.621235,41.587037,Alces alces,56003281,Cervidae,LC,0,0,3.538413,12.939121,27.929975,1227.765031,25.681381,-20.638543,46.319924,281.928732,81.040943,1.716501,110.714355,189.238892,7.20695,189.238892,7.20695,1551.170088,844.58117,64.402873,-0.643421,23.250534,-94.754358,5710.849102,13.543564,11.875519,46.582328,51.793081,1.624591,70.351788,5.26994,174.560586,192.215714,26.317,45.152081,5.009039,0,0,0,0,0,0,0,0,0,0.998757,0,0.000414,0.000663,0,0,0.000166
82142,112.649486,33.351008,Alces alces,56003281,Cervidae,LC,0,0,14.907585,10.86787,30.201051,913.211843,32.123229,-3.856855,35.980084,831.170489,161.2794,12.388641,67.45869,392.338708,45.234837,375.68799,45.234837,243.43882,1162.376769,40.607599,-0.327183,76.149813,61.957825,5034.020946,22.89225,11.594624,66.702221,21.20314,12.094639,42.208913,12.061626,65.17381,291.178947,44.85074,85.651298,7.03777,0,0,0,0.054667,0,0,0,0.009525,0.099644,0.034788,0.005964,0.719457,0.021453,0.047875,0,0.001739
160861,112.660062,22.034709,Alces alces,56003281,Cervidae,LC,0,0,22.6015,6.782958,32.995956,524.597408,32.533359,12.006363,20.526995,2123.333194,356.263639,30.319386,73.029397,966.08629,106.113115,948.142621,117.878137,48.103492,1150.269889,46.008153,0.25572,264.072342,183.210975,2432.463562,29.286226,10.805417,55.009888,13.456895,31.533217,38.483503,26.11227,0.387458,364.673195,47.909574,109.541595,7.280387,0,0.102303,0,0,8.3e-05,0,0,0.034708,0.330268,0.023526,0.046223,0.099238,0.013088,0.215706,0,0
83534,112.672004,44.759258,Alces alces,56003281,Cervidae,LC,0,0,1.502232,12.924282,24.080455,1497.049711,26.352622,-27.323679,53.676301,190.311452,54.248306,1.002834,114.342629,134.524956,3.374397,134.524956,3.374397,1179.801987,827.194709,77.766251,-0.775142,12.919459,-139.720484,6220.926273,6.76853,12.29511,41.826615,57.564341,0.609044,67.280612,4.88512,189.474104,177.058617,19.744202,33.961288,4.15207,0,0,0,0,0,0,0,0,0,1,0,0,0,0,0,0
82797,112.696123,38.860961,Alces alces,56003281,Cervidae,LC,0,0,7.316644,12.955072,30.545507,1073.296531,27.249776,-15.112802,42.362578,433.817641,117.636141,1.754987,110.500664,285.232664,8.373348,283.456831,8.373348,1201.094459,962.967091,55.876203,-0.527109,37.703644,-30.943775,5464.770646,52.535939,10.081157,49.686623,41.255725,9.057652,68.497328,7.634142,143.132329,222.666676,38.056828,68.183397,6.423962,0,0,0,0.004887,0.000166,0.002982,0,0.000414,0.015408,0.565606,0,0.394467,0.015987,0,0,8.3e-05
82224,112.71794,34.73866,Alces alces,56003281,Cervidae,LC,0,0,14.511502,11.301166,30.197424,958.494896,32.066027,-5.355746,37.421772,604.481762,145.123243,5.612957,84.142814,335.621783,22.065964,314.00344,22.065964,217.493115,1211.406017,48.896919,-0.484131,55.869607,60.76712,5508.984419,20.497529,11.707705,63.767563,25.663067,10.56937,54.726199,11.019696,95.728935,265.347552,45.277007,83.231828,6.942237,0,0,0,0.008784,0.003895,8.3e-05,0,0,0.01997,0.048392,0.003232,0.75406,0.154955,0.002569,0,0.00058
82306,112.760076,35.2048,Alces alces,56003281,Cervidae,LC,0,0,13.206014,11.121301,29.664325,963.577499,30.814265,-6.645228,37.459493,582.714902,143.918168,4.790651,89.239324,336.18592,18.951126,319.1081,18.951126,443.44893,1140.484979,49.092105,-0.456094,57.037859,42.037887,5329.981952,42.642266,10.699416,56.765293,22.546896,20.687811,55.56095,10.924586,97.597413,263.861043,45.305015,83.118476,6.941109,0,0,0,0.057406,0.066352,0.000249,0,0.009526,0.294814,0.039927,0.001408,0.398774,0.119864,0.01168,0,0
82879,112.777425,39.331922,Alces alces,56003281,Cervidae,LC,0,0,6.748994,13.485184,30.607176,1113.316912,27.29727,-16.684711,43.981981,416.729467,111.683589,2.196693,108.578283,270.663919,9.463036,269.841036,9.463036,1230.281627,951.158184,55.144357,-0.533687,36.400566,-39.045639,5534.446635,36.60228,10.830085,44.358361,50.64967,4.991969,70.131338,6.72911,154.834293,211.637966,34.741687,61.650316,6.076855,0,0,0,0.001905,0.003231,0,0,0,0.001077,0.588055,0,0.386266,0.018887,0,0,0.00058
160947,112.801711,26.112233,Alces alces,56003281,Cervidae,LC,0,0,17.953956,8.670871,27.966504,806.917804,32.995373,2.005496,30.989876,1449.770968,221.78977,46.573141,50.510164,635.210661,167.23142,451.291977,187.791828,262.190935,1162.27259,26.023029,0.205346,162.498016,95.949454,4187.384885,39.412346,10.27443,59.477175,15.242254,25.280571,32.474905,17.856657,7.411054,355.457911,48.201821,106.644328,7.553141,0.000249,0.023115,0,0.006711,0.013007,0,0,0.162552,0.635128,0.002651,0.001574,0.0029,0.008119,0.143911,0,0
82388,112.808044,35.671914,Alces alces,56003281,Cervidae,LC,0,0,11.18882,12.112675,31.071805,982.34983,29.515634,-9.457376,38.973009,598.814339,149.436601,4.987799,92.943086,352.266054,19.092378,343.35018,19.092378,886.509747,1072.153885,50.945771,-0.407533,57.392877,15.800321,5281.249236,35.41173,10.511041,57.183924,31.103545,11.71253,55.280488,10.440217,98.697499,262.52362,43.458199,79.77756,6.82571,0.000166,0,0,0.000994,0.032886,8.3e-05,0,0.00729,0.250331,0.10951,0.001657,0.495775,0.093605,0.007704,0,0
83288,112.817436,42.529617,Alces alces,56003281,Cervidae,LC,0,0,4.888791,12.866085,25.706508,1348.356257,28.415061,-21.618332,50.033393,213.128675,58.180099,1.021718,109.715545,143.614891,5.0788,143.614891,5.0788,1141.779538,911.759636,76.776639,-0.767906,15.333757,-94.30192,6214.984861,7.100845,12.974493,36.798567,63.094006,0.107427,68.509336,4.649241,178.053598,189.14242,23.274779,38.984422,4.591205,0,0,0,0,0,0,0,0,0,0.994863,0,0,0.004971,0,0,0.000166
82469,112.861553,36.13987,Alces alces,56003281,Cervidae,LC,0,0,9.960877,12.853842,31.998813,1001.332414,28.752786,-11.395199,40.147985,597.934708,150.059246,5.170615,95.527968,356.574215,19.759194,353.053627,19.759194,1034.843913,1070.676341,51.769981,-0.427516,52.914152,6.494398,5438.850246,23.468439,11.24058,54.617006,36.096706,9.286288,60.128101,9.447383,110.47802,252.60876,41.152006,74.428547,6.677982,8.3e-05,0,0,0.006047,0.034457,0.003148,0,0.003313,0.090284,0.087882,0.002568,0.727905,0.038599,0,0,0.00058
160944,112.878027,23.428242,Alces alces,56003281,Cervidae,LC,0,0,21.999671,8.232541,34.458558,593.715914,33.704839,9.817765,23.887073,1708.283699,288.405481,36.43843,64.751474,770.406336,120.871704,707.532921,157.714359,38.824211,1292.84625,40.082677,0.260283,243.748957,177.032943,3158.786462,18.618831,11.456872,51.320573,23.950818,24.72861,36.815748,24.601124,1.352441,363.368772,48.5382,110.1392,7.388466,0,0.077376,0,0,0,0,0,0.027007,0.588021,0.028912,0.066192,0.026924,0.114158,0.049209,0,0.000331
82220,112.914061,31.110704,Alces alces,56003281,Cervidae,LC,0,0,16.062511,8.887569,26.759642,879.759757,32.263551,-0.942715,33.206267,1040.18679,176.569032,19.58334,57.163689,451.67082,79.973448,437.119743,79.973449,171.649733,1079.07838,12.999388,-0.068169,107.987174,70.363534,4259.606929,26.888232,11.060576,59.239118,16.816813,23.944069,32.634041,13.378243,34.939132,320.90436,47.472167,94.629345,7.34553,0,0,0,0.083713,0.092821,0,0,0.217935,0.166101,0.004306,0.007369,0.314068,0.01656,0.088019,0,0
83370,112.919811,43.000788,Alces alces,56003281,Cervidae,LC,0,0,4.708241,13.454977,25.576055,1408.612829,29.426057,-23.177917,52.603974,199.106479,54.533028,1.086256,110.403512,134.930973,4.886538,134.930973,4.886538,1031.99777,911.58885,78.862522,-0.787877,13.664578,-101.58819,6320.287757,6.344205,12.861352,35.892268,64.086087,0.021646,69.319964,4.945019,178.040517,188.942708,24.11767,41.00046,4.71357,0,0,0,0,0,0,0,0,0,0.962141,0,0,0,0,0,0.037859
82551,112.920332,36.608547,Alces alces,56003281,Cervidae,LC,0,0,9.762987,13.198803,32.054745,1023.76796,29.02826,-12.137714,41.165974,581.656899,151.179267,4.842749,100.011282,358.689184,17.985223,352.156594,17.985223,1008.100751,1079.250591,51.500128,-0.459771,50.067801,7.471581,5534.037208,28.156497,10.833961,54.657731,39.503634,5.838635,63.098438,8.96063,120.638623,243.447867,41.058287,74.233931,6.689344,0,0,0,0.002735,0.002154,0.003646,0,0,0.015164,0.071097,0.001326,0.875787,0.027014,0.000663,0,0.000166
82219,112.931436,30.202968,Alces alces,56003281,Cervidae,LC,0,0,16.970319,8.086699,24.879117,881.483362,33.225802,0.725386,32.500416,1144.163605,177.020893,29.771819,50.332252,473.847797,112.394249,430.116604,112.394249,27.739099,1066.48506,13.454708,0.072466,125.868754,76.489953,4110.062595,0.690028,14.237077,61.888651,23.297836,14.813513,29.942284,13.17213,23.291348,333.461505,47.981062,95.663002,7.373907,0,0,0,0,0,0,0,0,0.084245,0.010023,0.009526,0.855865,0.014828,0.024105,0,0
82223,112.93805,33.858776,Alces alces,56003281,Cervidae,LC,0,0,14.845045,11.356347,30.759178,936.802935,32.336665,-4.578134,36.914799,736.916278,158.670626,9.362763,74.461845,372.547732,34.873879,359.091901,34.873879,196.758775,1189.527778,44.581882,-0.390682,68.024178,62.262366,5273.767936,14.221076,12.30354,66.268901,24.449641,9.281459,47.915683,11.387489,79.036458,279.147757,44.304446,82.278284,6.9037,0,0,0,0.013917,0,0,0,0.008781,0.07215,0.016816,0.012674,0.76781,0.068174,0.027999,0,0.00058
83124,113.043163,40.745575,Alces alces,56003281,Cervidae,LC,0,0,4.307534,13.434639,29.36844,1189.687644,25.76157,-19.965621,45.727191,359.795801,95.770834,2.624395,106.715624,234.846556,10.136194,234.846556,10.136194,1467.257438,878.980326,56.391735,-0.56375,31.054247,-68.318508,5555.827382,24.571344,10.878029,36.901487,60.548751,2.549762,70.093893,6.620307,160.65595,205.565875,33.537819,59.182601,5.892087,0,0,0,0,0,0,0,0,0,0.940099,0,0.044159,0.005551,0,0,0.007042
82714,113.05272,37.547629,Alces alces,56003281,Cervidae,LC,0,0,8.071281,12.525281,30.745149,1028.296475,27.244416,-13.441136,40.685553,469.667018,140.421757,1.435134,111.614006,308.816961,7.862694,301.230125,7.862694,1233.296385,992.444853,57.84156,-0.515268,41.746343,-11.53953,5285.723304,36.55735,10.374989,36.706032,42.226292,21.067676,66.630624,8.006873,132.427116,233.121959,39.823369,72.239952,6.615525,0,0,0,0.001823,0.083175,0,0,0.003894,0.211333,0.239914,0.000249,0.45191,0.007704,0,0,0
161027,113.074157,25.710994,Alces alces,56003281,Cervidae,LC,0,0,17.057196,8.218848,28.340417,750.11061,31.09606,2.120504,28.975556,1495.911379,235.071805,44.75935,54.400039,671.605777,149.057133,493.796399,179.198823,504.339353,1137.831481,16.147337,0.246671,175.606334,97.277942,3845.472425,71.911536,9.232907,46.213191,14.319797,39.467011,33.557468,19.18055,4.623985,359.215273,48.391134,108.597858,7.585274,0.005303,0.021294,0,0.004143,0.13804,0,0,0.456044,0.328445,0.005303,0.003397,0.000911,0.02958,0.006049,0,0
161026,113.098628,24.817074,Alces alces,56003281,Cervidae,LC,0,0,16.66272,7.806608,29.469849,679.131797,29.426486,2.945253,26.481233,1594.727499,275.165436,38.553294,63.665291,761.870017,122.678768,569.077865,182.817047,707.382621,1140.226646,22.734547,0.273666,200.742518,115.90886,3334.554939,92.644481,8.661408,36.114833,9.266414,54.618753,34.15583,19.647864,3.717878,360.372756,48.038164,107.576446,7.554364,0.028422,0.442824,0,0.000331,0.12471,0,0,0.256712,0.123964,0.008038,0.007043,0.00058,0.004143,0,0,0
83533,113.120859,43.934148,Alces alces,56003281,Cervidae,LC,0,0,3.176187,12.92666,23.358224,1543.441034,28.566769,-26.776245,55.343013,191.540154,53.376487,1.035088,113.078677,133.349832,4.031415,133.349832,4.031415,971.737386,886.482034,79.631757,-0.795142,12.417668,-121.725029,6420.20418,5.298374,12.912645,35.356699,64.558994,0.084307,65.737264,5.047982,186.51315,180.434601,21.691006,37.279679,4.39126,0,0,0,0,0,0,0,0,0,0.974493,0,0,0,0,0,0.025507
83205,113.138577,41.216886,Alces alces,56003281,Cervidae,LC,0,0,3.858588,13.075451,28.884439,1190.066278,25.291278,-19.961679,45.252957,338.500121,90.077838,2.167408,107.935807,224.667507,8.539919,224.667507,8.539919,1540.278686,846.10373,57.66134,-0.576612,28.809043,-81.489959,5518.542223,19.864972,11.183883,49.051973,48.013061,2.934967,70.543001,6.185349,167.32503,199.262721,30.676154,53.955284,5.558322,0,0,0,0,0,0,0,0,0,0.962711,0,0.012015,0.025191,0,0,8.3e-05
161024,113.142811,23.029619,Alces alces,56003281,Cervidae,LC,0,0,22.252908,7.77446,34.026918,569.508683,33.300257,10.461458,22.838799,1729.113678,282.990263,36.48045,66.127241,790.810426,119.874741,749.279081,144.236067,4.814298,1283.368764,39.019853,0.230394,243.580171,184.51321,2934.655938,8.494832,12.416,43.253862,48.705881,8.040257,38.673699,25.176317,0.609391,364.371846,48.845697,111.020957,7.367628,0,0.013173,0,0,0,0,0.000249,8.3e-05,0.118724,0.015659,0.029163,0.00058,0.765534,0.000663,0,0.024109
161023,113.162829,22.135571,Alces alces,56003281,Cervidae,LC,0,0,22.476933,6.098381,30.564925,530.076615,32.075205,12.134196,19.941009,2051.610161,341.008171,32.586899,73.067477,949.207978,107.416301,940.308657,120.014271,47.527465,1167.877934,43.800788,0.266488,265.593551,182.580376,2590.741867,38.27685,10.418535,47.496845,28.327907,24.175248,39.032122,25.996606,0.448407,364.594038,49.232389,112.314427,7.373677,0.001077,0.102908,0,0,0.000414,0,0,0.019471,0.317591,0.046151,0.137791,0.01624,0.032314,0.008369,0,0.012346
82302,113.178613,31.611669,Alces alces,56003281,Cervidae,LC,0,0,15.6321,9.258289,27.207257,896.484976,32.259294,-1.759522,34.018816,1032.990791,185.519087,18.076019,59.286528,447.861956,75.957092,445.090585,75.957092,184.157552,1094.221703,15.417992,-0.087899,104.829528,68.302729,4386.278089,24.564998,11.054281,56.803802,17.967168,25.229029,35.327785,12.917528,44.329007,310.273802,45.696167,87.741753,7.139643,0,0,0,0.09527,0.01922,0,0,0.448844,0.152597,0.008201,0.007207,0.181261,0.027835,0.058736,0,0
82303,113.180088,32.525707,Alces alces,56003281,Cervidae,LC,0,0,15.112642,10.278437,29.069382,910.989862,32.232322,-3.104453,35.336775,957.400475,182.738703,14.591063,64.135057,431.082647,61.158084,431.053812,61.158084,223.58491,1118.980037,31.278963,-0.193089,91.762482,63.498569,4671.783548,25.346324,11.445933,64.130942,20.577037,15.292021,38.438988,12.480703,53.159564,301.362685,44.76897,85.130795,7.043346,0,0,0,0.085066,0.014826,0,0,0.092106,0.135509,0.061459,0.002568,0.567133,0.0082,0.033132,0,0
82878,113.203411,38.488396,Alces alces,56003281,Cervidae,LC,0,0,8.527077,12.239749,29.61643,1062.613621,27.823494,-13.455547,41.279041,416.317204,121.174803,1.191335,113.893273,277.411877,6.616878,275.45665,6.616878,1023.506319,1002.953053,57.792712,-0.566731,36.599001,-16.192007,5477.387584,77.861936,9.288733,46.764373,36.217153,17.018474,67.270342,8.30856,133.446953,231.557619,40.416592,72.526615,6.652072,0,0,0,0.023606,0.015075,0.016317,0,0.010685,0.153566,0.51992,0,0.245921,0.014909,0,0,0
82300,113.208959,29.795513,Alces alces,56003281,Cervidae,LC,0,0,17.217277,7.516044,23.569658,878.584941,32.972224,1.101344,31.870879,1235.569895,200.144046,37.949454,49.748884,524.372598,141.752887,435.438669,141.752886,24.802004,1051.562858,16.451881,0.16009,136.708017,73.226255,4075.990066,1.123644,14.063992,54.194892,28.937801,16.867307,29.797493,13.549283,23.812327,333.177898,47.748789,96.535775,7.396945,0,0,0,0,0,0,0,0,0.171805,0.030996,0.197663,0.369882,0.010774,0.026355,0,0.001575
82305,113.235146,34.367447,Alces alces,56003281,Cervidae,LC,0,0,14.048327,11.128669,30.230886,936.973407,31.416975,-5.386467,36.803441,678.844843,158.965424,7.642321,81.653989,364.799054,28.495485,352.591339,28.495486,387.763422,1141.901385,43.041218,-0.378652,66.793436,49.156074,5205.575243,41.981173,10.606622,65.054044,22.88665,12.059305,50.180584,11.258876,84.990159,273.656208,43.895846,80.606703,6.844267,0,0,0,0.023774,0.004887,0.000331,0,8.3e-05,0.075547,0.045229,0.00058,0.757869,0.049205,0.042164,0,8.3e-05
82298,113.26666,27.992899,Alces alces,56003281,Cervidae,LC,0,0,17.587238,8.272415,25.649509,864.240346,33.560047,1.313673,32.246374,1436.897204,208.39866,46.813935,47.721897,618.004546,188.864406,427.855983,207.304117,104.000962,1146.351404,20.976628,0.232869,158.426179,82.842969,4461.215539,18.92457,11.367649,55.435737,18.222166,26.342097,29.361235,15.757052,12.042925,349.209372,49.558211,109.092857,7.731019,0.002899,0.025014,0,0,0.044314,0,0,0.191336,0.577487,0.001325,0.001739,0.009028,0.073056,0.0685,0,0.000248
82959,113.28513,38.959211,Alces alces,56003281,Cervidae,LC,0,0,5.392997,11.74261,28.535312,1071.483633,24.880641,-16.145227,41.025869,466.194231,130.26475,2.455427,108.510388,302.41196,12.013258,302.387246,12.013258,1499.476179,873.733454,52.682289,-0.430644,42.055554,-50.114529,5102.446889,90.036543,8.721674,47.837853,32.728056,19.434091,68.319817,7.474422,146.72173,218.953836,37.536066,67.135043,6.366336,0,0,0,0.010602,0.010271,0.004887,0,0.004721,0.08606,0.666197,0.000911,0.205086,0.010437,0,0,0.000828
161108,113.34481,25.309669,Alces alces,56003281,Cervidae,LC,0,0,16.786377,7.989431,29.10969,706.674908,30.108013,2.67799,27.430023,1531.664967,253.601444,40.885534,59.570701,712.645399,131.243245,528.123149,176.255747,620.814424,1136.790116,15.914667,0.260605,187.352215,106.796624,3561.69088,90.160271,8.671998,39.353348,10.157467,50.489184,34.101576,19.316782,4.175948,359.829555,48.405658,108.478408,7.581447,0.007948,0.319838,0,8.3e-05,0.099023,0,0,0.300298,0.235552,0.009439,0,0.018877,0.008859,8.3e-05,0,0
161107,113.366719,24.416633,Alces alces,56003281,Cervidae,LC,0,0,19.676116,8.017761,31.324308,654.672807,32.118951,6.532871,25.58608,1683.555849,290.493499,33.567571,66.280193,807.511565,113.263466,635.777211,180.276975,291.807925,1256.776513,29.678592,0.256741,215.728664,148.792773,3466.237325,72.059815,9.29212,43.908816,11.855623,44.235561,36.410181,20.123289,2.72475,361.780905,48.497638,108.809789,7.52151,0.002485,0.310082,0,0,0.027918,0,0,0.159307,0.398144,0.018474,0.004142,0.01516,0.016154,0.039351,0,0
161106,113.38708,23.523796,Alces alces,56003281,Cervidae,LC,0,0,21.628862,8.402196,35.061397,589.972548,33.407162,9.44762,23.959542,1709.914767,284.465656,33.044715,65.741285,777.304904,113.910204,715.137568,159.734668,83.671268,1297.814916,42.93113,0.319732,265.871185,176.224782,3075.614636,26.37167,10.804581,48.781001,17.192656,34.026343,39.052804,23.414133,0.830529,364.123639,49.752873,112.832921,7.529486,0,0.1891,0,0,8.3e-05,0,8.3e-05,0.05475,0.441233,0.004224,0.001905,0.012673,0.172699,0.120683,0,0
161105,113.406031,22.630917,Alces alces,56003281,Cervidae,LC,0,0,22.43073,6.618258,31.358839,550.2079,32.596583,11.515351,21.081232,1860.105544,300.73697,35.525945,70.747976,870.12271,113.055394,862.209897,129.281041,10.499978,1245.598656,39.266153,0.238714,253.760626,186.99325,2752.636601,11.352874,12.387379,43.914628,43.331362,12.75401,39.298815,25.512689,0.532934,364.483351,49.505263,112.613425,7.399076,0.000331,0.045722,0,0,0,0,0.000994,0.00323,0.275491,0.085811,0.112151,0.004721,0.333389,0.001574,0,0.026008
82632,113.427635,36.234592,Alces alces,56003281,Cervidae,LC,0,0,9.490892,11.695634,30.224332,983.374219,27.682703,-10.956587,38.63929,636.122745,168.708732,5.372772,99.070117,387.102324,19.660322,381.710122,19.660322,1127.372596,1037.734732,54.305484,-0.365633,57.132437,0.247938,5293.474846,62.613584,9.777038,50.884374,30.306078,18.809547,59.960649,9.494529,109.245604,253.528052,41.18933,74.147428,6.67403,0,0,0,0.008864,0.04167,0.014249,0,0.009775,0.236683,0.263773,0.001243,0.395825,0.027173,0.000746,0,0
82383,113.451306,31.201096,Alces alces,56003281,Cervidae,LC,0,0,16.26228,9.120616,26.918987,897.209695,32.9816,-0.89805,33.87965,1080.557154,180.140673,21.20546,56.139907,471.74685,89.858938,449.080341,89.858939,90.774549,1095.889902,12.930573,-0.028533,112.415603,72.098216,4329.215081,12.211599,12.056343,66.447538,19.304086,14.248375,32.957507,13.296268,37.688759,317.465735,46.039564,90.209998,7.212061,0,0,0,0.020302,0.009198,0,0,0.14004,0.104325,0.008618,0.00464,0.627113,0.016987,0.062396,0,0
83123,113.460457,39.901363,Alces alces,56003281,Cervidae,LC,0,0,6.766907,13.772433,29.847478,1177.127131,28.157586,-17.958433,46.11602,375.689998,104.692888,2.633024,104.949837,239.356211,10.758759,239.208181,10.758759,1110.033629,973.736552,60.261332,-0.602557,31.10856,-40.212121,5733.710886,20.634045,11.937831,43.405976,53.022878,3.571146,69.896187,6.95399,155.17471,210.985628,35.702154,63.526662,6.149964,0,0,0,0,0,0,0,0,0,0.687811,0.001159,0.18574,0.123137,0,0,0.001408
82381,113.486551,29.388017,Alces alces,56003281,Cervidae,LC,0,0,16.931478,8.273673,25.582464,864.493968,32.994583,0.662716,32.331867,1353.181066,225.489772,40.611171,52.025955,595.135085,158.29628,463.588792,161.689811,153.42965,1053.74784,16.986671,0.236466,150.36952,68.812616,4107.483673,33.976961,10.777518,52.644275,14.533103,32.822623,29.851056,14.08887,21.03844,337.567672,48.135524,99.846659,7.528641,0.005727,0.003569,0,0.0083,0.08076,0,0,0.305611,0.347029,0.002241,0.007221,0.020003,0.016268,0.189077,0,0
82379,113.545453,27.587836,Alces alces,56003281,Cervidae,LC,0,0,17.508462,8.528724,26.702619,845.32204,33.158003,1.22356,31.934443,1481.16656,215.509626,47.245618,47.069323,632.296165,189.627957,438.840027,211.92807,152.373747,1151.739966,14.346972,0.271648,170.107267,86.269119,4406.484378,29.644668,10.659498,54.31426,16.707645,28.978096,29.677839,15.814399,11.679243,349.960683,49.876341,110.215106,7.761259,0.001739,0.052183,0,0.000414,0.041912,0,0,0.296944,0.50849,0.000745,0,0.010437,0.015406,0.070819,0,0
83204,113.553762,40.372586,Alces alces,56003281,Cervidae,LC,0,0,5.089143,13.104645,28.943137,1180.093316,26.262957,-18.948593,45.21155,371.164022,103.757204,3.748492,102.615857,235.593366,13.399686,235.593366,13.399686,1377.002398,898.179175,58.263858,-0.58224,30.40028,-60.094678,5519.813269,33.542274,10.591736,39.960691,55.499068,4.540241,69.845583,7.007921,158.243784,207.674873,35.552591,63.182171,6.101194,0,0,8.3e-05,0,0,0,0,0,8.3e-05,0.867721,8.3e-05,0.127143,0.004887,0,0,0
82795,113.557656,37.172894,Alces alces,56003281,Cervidae,LC,0,0,7.621616,11.509739,29.820986,986.67704,25.946743,-12.586099,38.532842,583.450732,169.946569,2.82469,107.656074,372.999235,12.734504,366.20985,12.734504,1365.814923,948.075114,57.746059,-0.364392,54.127176,-18.398863,5013.471272,70.888104,9.247106,43.816003,23.980815,32.203182,63.347277,8.916639,120.991347,242.829397,41.596181,74.883718,6.733067,0,0,0,0.067097,0.145626,0.018307,0,0.013917,0.355036,0.290673,0.000249,0.104125,0.00497,0,0,0
161191,113.569986,26.693945,Alces alces,56003281,Cervidae,LC,0,0,17.424243,8.815838,28.525322,799.681643,32.4426,1.557093,30.885507,1497.900134,220.820474,45.8157,47.965494,636.709501,177.540543,460.829285,206.553674,267.626246,1144.618042,21.8846,0.257788,171.178996,90.762579,4189.003414,42.445848,10.292092,51.066911,14.013623,34.919466,30.941095,16.283617,9.42846,353.766262,49.893846,111.027822,7.78477,0.00911,0.142703,0,0.001739,0.123488,0,0,0.282011,0.351748,0.003313,0.000414,0.020706,0.015074,0.049694,0,0
161190,113.592705,25.800809,Alces alces,56003281,Cervidae,LC,0,0,15.864529,7.787825,28.242021,712.905738,29.279815,1.719108,27.560707,1576.975495,248.859492,45.101942,54.100814,700.137779,153.742886,517.584402,195.469731,709.089735,1091.497479,11.400772,0.320089,192.589125,91.015216,3604.985984,98.516952,8.570133,31.797509,9.894426,58.308064,33.617822,18.386576,5.638708,358.652892,50.107403,113.308235,7.790302,0.044483,0.296388,0,0.001408,0.254142,0,0,0.288933,0.064612,0.007041,0.019052,0.002237,8.3e-05,0,0,0.000166
82877,113.630188,37.642821,Alces alces,56003281,Cervidae,LC,0,0,9.002306,12.164613,30.336751,1021.153761,27.781844,-12.304333,40.086177,499.663175,153.914753,1.615591,113.114525,329.230817,8.827848,321.174555,8.827848,1083.284228,997.389559,60.723449,-0.480216,45.825638,-8.822608,5221.928696,43.164459,10.089771,46.217338,33.229726,20.552936,66.144466,8.573949,127.642277,236.892227,41.587719,74.517719,6.733536,0,0,0,0.01176,0.030228,0.016232,0,0.001408,0.215404,0.310642,0,0.359752,0.052422,8.3e-05,0,0.00207
161188,113.633145,24.016108,Alces alces,56003281,Cervidae,LC,0,0,20.449078,8.358243,33.689096,616.40982,32.605099,7.811444,24.793655,1767.333957,303.778102,32.493615,66.94775,834.615304,113.456116,703.708794,176.026566,236.424643,1275.948801,34.290694,0.349695,262.093198,161.876925,3222.71368,54.583919,9.633655,41.769891,8.693859,49.536251,37.312995,20.504541,2.484883,362.11318,48.703179,109.395834,7.507126,0,0.378199,0,0,8.3e-05,0,0,0.175101,0.354013,0.001988,0.000331,0.006792,0.006626,0.075458,0,0
83286,113.650645,40.843839,Alces alces,56003281,Cervidae,LC,0,0,4.617584,12.82814,28.515247,1190.385223,25.668697,-19.297585,44.966282,354.816815,95.778116,3.140885,102.178912,226.615824,11.551583,226.615824,11.551583,1408.655925,872.860136,58.752448,-0.587487,29.3469,-68.678612,5485.429096,23.325477,10.879945,42.54454,55.003442,2.452017,69.736492,6.873579,159.757674,206.231406,34.720495,61.549789,5.9931,0,0,0,0,0,0,0,0,0,0.960232,0,0.033471,0.005717,0,0,0.00058
82465,113.723877,32.61575,Alces alces,56003281,Cervidae,LC,0,0,15.090517,10.230386,28.772795,917.894849,32.408772,-3.140925,35.549697,962.79567,189.72887,15.078937,64.869152,441.971439,65.734958,441.96116,65.734958,191.222704,1114.086569,29.760939,-0.17891,92.895668,59.397923,4719.101411,22.332046,11.557715,64.334066,19.104961,16.560973,39.999839,12.394075,57.567318,297.668357,42.958321,80.206195,6.829376,0,0,0,0.073328,0.00116,0,0,0.082194,0.083685,0.018063,0.012263,0.629712,0.000663,0.097688,0,0
82463,113.724849,30.790598,Alces alces,56003281,Cervidae,LC,0,0,16.742519,8.739692,26.074063,897.926456,33.481366,-0.029719,33.511084,1152.928872,178.416407,25.865225,54.183062,505.247617,108.667315,458.466802,108.667601,27.533853,1102.443064,17.79825,0.038402,120.882391,76.338758,4295.947254,1.540938,13.862651,63.484915,26.07572,10.439364,30.97209,13.519656,30.172961,325.636979,46.255456,92.269277,7.261434,0,0,0,0,0,0,0,0,0.172023,0.024764,0.048783,0.655955,0.056402,0.026338,0,0
82466,113.745899,33.534829,Alces alces,56003281,Cervidae,LC,0,0,15.080166,11.251052,30.251995,953.379667,32.903697,-4.286145,37.189842,794.431476,175.516837,11.687202,74.476739,399.453212,44.68937,399.424425,44.68937,72.928309,1173.475897,44.289246,-0.371922,71.503474,61.483113,5167.13517,1.623826,14.23957,65.907804,24.716447,9.375749,42.438365,12.16367,63.777811,292.427769,42.999985,79.813017,6.805016,0,0,0,0,0,0,0,0,0.005053,0.00116,0.000249,0.851214,0.141745,0.000414,0,0
83368,113.750984,41.315078,Alces alces,56003281,Cervidae,LC,0,0,4.286418,12.536507,27.885062,1207.616062,25.500399,-19.457892,44.958291,327.579046,86.683709,2.064515,104.463135,213.139767,8.623273,213.139767,8.623273,1396.858967,849.416115,59.569466,-0.595871,27.879475,-79.296576,5455.586346,11.573304,12.211599,45.146485,53.387737,1.465778,69.127253,6.270932,169.766177,196.68399,30.401547,53.496892,5.487928,0,0,0,0,0,0,0,0,0,0.918158,0,0.066186,0.003065,0,0,0.012591
83040,113.789187,38.583767,Alces alces,56003281,Cervidae,LC,0,0,9.048233,11.302892,28.47359,1041.202266,27.855799,-11.801461,39.65726,453.13245,133.27481,1.302261,114.042609,301.696838,8.235472,300.83308,8.235472,930.539599,1000.782249,56.151129,-0.522404,40.259918,-15.805002,5435.376796,94.020151,8.619633,49.590731,21.775852,28.633416,66.816045,8.558476,131.257697,233.26374,41.414563,74.208256,6.731587,0,0,0,0.044325,0.01425,0.005137,0,0.026843,0.516404,0.292792,0.004805,0.091218,0.001326,0,0,0
82460,113.792074,28.080149,Alces alces,56003281,Cervidae,LC,0,0,16.96903,8.379394,26.413235,839.530791,32.578917,0.864218,31.714699,1498.411494,223.280241,45.687241,49.279127,652.565444,183.351495,456.364245,205.063875,220.893795,1141.630459,18.431237,0.273676,168.63174,82.766475,4381.89611,43.071583,10.030602,45.99045,16.379296,37.630254,29.797319,15.068887,13.575551,347.994403,49.909871,108.860231,7.766572,0.019713,0.098981,0,0,0.083244,0,0,0.443303,0.315829,0.000828,8.3e-05,0.006378,0.014412,0.017146,0,0
161270,113.862414,25.398418,Alces alces,56003281,Cervidae,LC,0,0,16.934929,8.035023,29.187034,709.054851,30.333747,2.812854,27.520893,1571.900806,259.30249,40.966623,58.140264,718.865877,138.667383,530.050223,189.65249,566.145988,1151.306392,16.878063,0.284784,195.191703,110.731601,3584.170785,76.696918,8.98564,35.469578,9.433076,55.097346,34.290754,18.463141,5.113689,359.350708,50.141655,113.141584,7.786717,0.003313,0.46459,0,0.000166,0.068914,0,0,0.368343,0.055496,0.00936,8.3e-05,0.024849,0.001739,0.003148,0,0
83777,113.878791,44.50454,Alces alces,56003281,Cervidae,LC,0,0,1.430879,13.098106,24.291341,1501.102242,26.534083,-27.398282,53.932364,218.033824,62.212507,1.087796,116.488368,156.282369,4.39768,156.282369,4.39768,1174.706323,819.032813,73.704135,-0.731384,15.099157,-144.873069,6196.216936,9.46954,12.075739,43.291715,55.240265,1.46802,63.726262,5.243572,187.922974,179.112059,21.913177,38.016877,4.399367,0,0,0,0,0,0,0,0,0,0.998178,0,0,0.000331,0,0,0.001491
82631,113.879386,35.390768,Alces alces,56003281,Cervidae,LC,0,0,14.238158,11.607746,29.940963,995.450681,32.479858,-6.281516,38.761374,564.719097,148.34063,3.387058,98.136512,340.477918,15.296068,339.680822,15.296068,130.873439,1229.159543,53.543363,-0.522823,51.876829,49.834475,5791.561825,11.26007,12.836536,64.165234,29.599126,6.23564,55.921249,10.449653,94.588881,266.070882,41.692824,74.603983,6.670665,0,0,0,0.000166,0.000166,0,0,0.000497,0.015987,0.050613,0.000249,0.75381,0.178015,0.000414,0,0
161269,113.880937,24.506762,Alces alces,56003281,Cervidae,LC,0,0,18.995771,8.006397,31.301784,650.645216,31.500021,5.921057,25.578964,1715.715009,299.190644,35.175531,65.439254,819.374212,122.735722,641.271235,183.696565,398.323077,1235.038668,28.167513,0.297783,226.387884,145.976822,3320.198352,72.987613,9.056704,39.64166,9.041345,51.316994,36.972743,19.784657,2.750939,361.82397,48.966241,109.706743,7.555166,0,0.543489,0,0,0.014414,0,0,0.117213,0.187956,0.003396,0.000166,0.023277,0.004142,0.105948,0,0
83203,113.965479,39.525649,Alces alces,56003281,Cervidae,LC,0,0,5.413669,12.223763,28.474115,1126.22284,25.661829,-17.246938,42.908766,453.930873,127.20249,3.521472,103.025439,288.064864,15.551144,288.064864,15.551144,1479.927354,867.713704,49.22001,-0.462094,38.682787,-58.8461,5210.236408,66.629695,9.211475,42.456946,46.747784,10.79527,68.234823,7.805006,147.303952,217.926958,39.070848,70.125152,6.498018,0,0,0,0.000911,0.00058,0,0,0,0.002071,0.899105,0,0.091203,0.006047,0,0,8.3e-05
82545,113.989122,31.289026,Alces alces,56003281,Cervidae,LC,0,0,16.227152,9.165684,26.9553,900.695949,33.057473,-0.939141,33.996614,1135.042316,192.190024,21.94739,56.670761,499.638634,97.086458,476.960832,97.086457,97.560781,1098.920787,14.012946,0.031221,119.019846,70.898238,4364.621926,18.761673,11.940594,66.126558,20.250135,13.623307,33.110471,13.195107,36.861987,318.171433,45.195437,88.037044,7.123352,0.000166,0,0,0.02204,0.035794,0,0,0.106057,0.09164,0.045571,0.005303,0.652001,0.012677,0.025768,0,0
82794,113.994535,36.326645,Alces alces,56003281,Cervidae,LC,0,0,12.901113,11.564908,29.348079,1019.935778,31.323718,-8.074211,39.397928,586.19962,167.469606,3.287301,107.688902,377.388062,14.166648,362.26492,14.166648,401.041939,1171.983846,65.112952,-0.497072,50.930721,32.624874,5719.34194,45.869029,10.556993,60.576126,28.605436,10.818438,61.476387,9.437439,113.397845,249.488293,41.897185,74.925194,6.722356,0,0,0,0.00116,0.006544,0.004059,0,0.000249,0.052601,0.275679,0.001905,0.49445,0.15714,0.000414,0,0.00058
82544,113.998993,30.38015,Alces alces,56003281,Cervidae,LC,0,0,17.070047,8.199669,24.929024,893.526615,33.354643,0.468386,32.886257,1242.700256,201.836054,30.804391,53.874648,540.917021,127.490076,478.616786,128.199383,26.367459,1112.225985,18.004979,0.10994,131.063533,78.461615,4326.703166,3.630366,13.445436,57.202734,29.372847,13.424419,30.70336,13.681419,28.670991,327.830383,46.002833,92.123802,7.258162,0,0,0,0,0.001408,0,8.3e-05,0,0.353438,0.058824,0.066363,0.231814,0.104225,0.078708,0,0.002237
82547,114.005852,33.118934,Alces alces,56003281,Cervidae,LC,0,0,15.133531,11.004005,29.857412,943.239361,32.867697,-3.976244,36.843942,871.606815,186.904543,13.357132,70.341845,422.519252,54.713649,422.51814,54.713648,78.719211,1154.710801,41.001055,-0.362503,72.731438,61.676825,5025.156134,4.650962,13.561245,66.48265,25.608112,7.909239,41.000422,12.332538,60.253311,295.197582,42.556292,78.977446,6.774724,0,0,0,0.003479,0,0,0,0.001242,0.008614,0.002651,0.000248,0.873934,0.073635,0.00555,0,0
82542,114.041228,28.572808,Alces alces,56003281,Cervidae,LC,0,0,16.01969,8.053748,26.055098,817.416523,31.308941,0.421816,30.887124,1552.390583,246.747316,44.409643,52.095507,689.489185,177.51133,500.34733,197.744512,405.682361,1109.826133,13.296814,0.303793,173.401719,74.894689,4246.080812,69.89292,9.270377,35.887462,12.411894,51.700644,29.729867,14.952451,14.462646,346.925688,49.697581,107.51101,7.745102,0.201856,0.101922,0,0.003149,0.305436,0,0,0.299138,0.064717,0.001906,0,0.011021,0.001409,0.009446,0,0
82876,114.060645,36.795659,Alces alces,56003281,Cervidae,LC,0,0,12.247266,11.604004,29.286052,1032.044914,30.836194,-8.774019,39.610213,592.911507,173.551603,2.97715,109.500246,383.648879,13.424656,370.376831,13.424656,499.100501,1121.269851,63.84657,-0.466977,51.849197,20.551902,5544.285554,46.646329,10.428852,57.299304,30.973716,11.726981,62.058303,9.261545,115.443676,247.538504,42.309529,75.639842,6.765898,0,0,0,0.008614,0.019132,0.019049,0,0.001077,0.112722,0.173845,0.000497,0.485423,0.179642,0,0,0
161351,114.130403,24.995941,Alces alces,56003281,Cervidae,LC,0,0,18.418868,8.032587,29.522755,696.673464,31.635401,4.464788,27.170613,1624.555021,278.423675,37.559036,61.144318,756.291099,134.125813,567.124393,188.861575,397.981011,1214.318683,23.978343,0.267539,205.733451,132.765965,3520.903818,68.464605,9.382281,44.334867,10.688774,44.976359,36.45225,18.545387,3.816537,361.110057,50.418802,113.483383,7.762867,0.000828,0.418882,0,0.000166,0.01971,0,0,0.196605,0.286874,0.019213,0.000248,0.042319,0.014907,0.000248,0,0
82957,114.132084,37.265233,Alces alces,56003281,Cervidae,LC,0,0,11.525869,11.531774,29.00366,1040.386387,30.103571,-9.620843,39.724414,567.496489,170.284247,2.797415,111.431776,368.768536,12.356567,361.288058,12.356567,584.690535,1083.570603,63.816021,-0.462058,51.216872,13.881979,5399.955016,55.043356,9.970276,60.759593,23.141362,16.099045,63.3055,9.368758,117.531137,245.602728,43.456408,77.513047,6.868184,0,0,0,0.075037,0.009359,0.023936,0,0.000331,0.149909,0.237038,0.001408,0.501491,0.001491,0,0,0
161350,114.146511,24.105178,Alces alces,56003281,Cervidae,LC,0,0,19.456104,8.179873,33.414669,606.952307,31.466744,6.998127,24.468617,1822.312336,319.263578,33.903678,66.699175,862.569821,124.633224,715.483518,179.94551,416.40058,1236.379212,35.421912,0.360726,262.35142,155.426056,3030.382985,69.107661,9.105463,40.226452,7.151044,52.622504,37.789781,20.152103,2.503268,362.149681,49.204356,110.329531,7.548406,0,0.490225,0,0,0.000497,0,0,0.201209,0.25497,0.006627,0,0.018224,0.005716,0.022531,0,0
83367,114.157723,40.46795,Alces alces,56003281,Cervidae,LC,0,0,5.785669,12.601882,28.17836,1176.15489,26.644854,-18.039683,44.684537,374.398166,103.23884,3.191541,100.884042,235.326724,11.658608,235.326724,11.658608,1277.04554,903.133587,57.890114,-0.578753,30.783621,-57.566803,5501.912373,46.48917,10.024788,39.811985,55.480364,4.707652,69.613826,7.431708,156.459022,209.047337,37.748385,67.523262,6.302091,0,0,0,8.3e-05,0.000166,0,0,0,0,0.855131,8.3e-05,0.138988,0.00555,0,0,0
161348,114.174566,22.3246,Alces alces,56003281,Cervidae,LC,0,0,22.193194,5.88611,30.452609,515.60043,31.527846,12.207665,19.320181,2038.15718,362.832461,24.978166,77.707625,1020.599075,89.852429,1001.709861,102.278194,45.133828,1122.748371,39.6694,0.471441,378.48427,183.877483,2235.505619,71.254799,9.2304,45.007792,17.445829,37.546379,41.797307,25.190636,0.409906,364.789768,53.240547,121.166403,7.662974,0.006297,0.142585,0,0.000166,0.002154,0,0,0.042751,0.064954,0.021541,0.050953,0.003065,0.113339,0.003148,0,0.004971
82627,114.258234,31.788094,Alces alces,56003281,Cervidae,LC,0,0,15.530715,9.397459,27.352345,902.507536,32.402902,-1.947326,34.350228,1123.351854,205.809986,19.867369,59.048683,494.842721,91.138674,493.967245,91.138674,182.262579,1087.701052,9.665556,0.04137,118.603912,61.931733,4417.544339,35.361084,10.804041,61.373325,17.016189,21.610486,35.45162,13.011966,44.951163,309.400237,44.071817,83.784554,6.981778,8.3e-05,0,0,0.067512,0.024105,0,0,0.26226,0.180252,0.074221,0.005467,0.27452,0.009112,0.092777,0,0
82626,114.261027,30.877026,Alces alces,56003281,Cervidae,LC,0,0,16.726329,8.643213,25.819875,899.753659,33.339559,-0.118747,33.458306,1204.563762,192.069666,26.002047,55.687674,535.695173,113.437682,490.606937,113.468373,44.370776,1110.03132,17.945802,0.06922,124.523616,76.888191,4387.998538,8.637856,12.785869,60.793667,25.312106,13.894227,31.058672,13.645008,30.748534,325.201493,45.584001,90.856014,7.215442,8.3e-05,0,0,0.004058,0.02319,0,0,0.011678,0.326404,0.053172,0.047043,0.255839,0.096985,0.121418,0,0.000663
82628,114.268261,32.703279,Alces alces,56003281,Cervidae,LC,0,0,15.272377,10.700052,29.349545,934.914111,33.013803,-3.440282,36.454085,954.772116,196.204614,14.95248,66.357691,448.977374,65.881748,448.977374,65.881748,72.056557,1133.558833,30.951623,-0.272237,82.719434,60.138488,4847.249138,2.895707,13.8572,68.81773,24.143355,7.038915,38.2655,12.797959,52.276461,302.207692,42.497173,79.009006,6.787308,0,0,0,0.000248,0,0,0,0.000663,0.000994,0.001077,0.000248,0.974493,0.013333,0.001573,0,0.000248
82625,114.273508,29.969726,Alces alces,56003281,Cervidae,LC,0,0,17.206758,8.408699,25.469307,888.916821,33.645939,0.655904,32.990035,1331.545759,226.425487,34.382486,55.007878,583.516913,139.006967,494.873555,145.101013,49.731886,1136.946166,15.837339,0.157748,141.356501,80.828617,4443.552949,9.589256,12.553184,58.924537,18.12441,22.951053,30.591861,14.090952,24.809053,333.596464,46.11335,93.841327,7.346159,0,0,0,0.000166,0.01979,0,0,0.122878,0.293782,0.016146,0.068063,0.065579,0.023599,0.284342,0,0
83121,114.289986,38.205656,Alces alces,56003281,Cervidae,LC,0,0,12.711965,12.332909,29.427509,1096.366388,32.198898,-9.6961,41.894998,486.559814,137.950279,2.594717,114.704219,324.699306,12.135257,322.010534,12.135257,165.122629,1142.006689,62.131142,-0.567929,42.565112,25.683638,5801.102162,16.646299,12.203672,61.208907,33.478767,5.312326,65.729745,8.810086,125.768404,238.109527,42.669927,76.133641,6.817494,0,0,0,0,0,0,0,0,0.002485,0.078943,0.003562,0.625746,0.275596,0,0,0.00116
82623,114.317999,28.16505,Alces alces,56003281,Cervidae,LC,0,0,16.743863,8.347513,26.612163,828.545904,32.238285,0.888381,31.349904,1543.687564,238.990661,44.12173,51.583488,684.1521,175.980011,482.267222,201.356137,275.76674,1154.903692,17.773832,0.270209,170.330079,85.39628,4388.087784,48.294783,9.894728,47.542034,13.955697,38.502269,30.10214,14.964786,13.838299,348.084951,50.36542,109.964496,7.801202,0.057391,0.07677,0,0,0.049441,0,0,0.381781,0.358675,0.006708,0.000166,0.015901,0.00853,0.044638,0,0
83202,114.376012,38.676326,Alces alces,56003281,Cervidae,LC,0,0,12.229776,12.491947,29.824793,1088.956526,31.790247,-10.088095,41.878342,452.194056,132.806574,1.857598,117.955141,309.395343,9.384736,309.393788,9.384736,270.34473,1133.211922,60.045212,-0.600237,37.738864,13.128507,5929.212251,29.543029,11.164616,62.601118,30.580112,6.81877,66.636242,8.420472,134.312844,230.0213,40.966082,73.226853,6.680791,0,0,0,0.00058,8.3e-05,0.000331,0,0.000745,0.04646,0.235445,0.004306,0.687205,0.018799,0,0,0.001656
161433,114.381504,25.483807,Alces alces,56003281,Cervidae,LC,0,0,17.861252,8.268641,29.270601,725.851929,31.620922,3.390873,28.230049,1562.243244,256.829171,39.918485,55.935542,695.717805,146.418382,507.52137,199.390298,413.211558,1188.35213,19.564828,0.263268,193.240761,117.664311,3727.088936,66.293751,9.367822,41.206329,10.834394,47.959277,36.160849,18.16261,4.211464,360.736945,50.70173,114.160783,7.798218,0.001077,0.417682,0,0,0.023366,0,8.3e-05,0.261662,0.233408,0.0058,0.000249,0.028006,0.005717,0.022951,0,0
82711,114.388491,35.013019,Alces alces,56003281,Cervidae,LC,0,0,14.40946,11.421391,29.608293,996.334969,32.600796,-5.972409,38.573205,598.296984,158.497704,5.73499,94.832973,351.261868,22.44287,349.302752,22.44287,71.253843,1210.750861,62.21407,-0.507361,53.030398,43.162928,5691.199376,0.885396,14.611647,64.595999,28.105811,7.29819,53.207666,10.878513,84.709835,274.362186,41.336456,72.879309,6.584283,0,0,0,0,0,0,0,0,0.000166,0.019135,0,0.871438,0.092777,0,0,0.002071
83858,114.419948,44.140292,Alces alces,56003281,Cervidae,LC,0,0,1.947819,13.123158,23.560658,1551.34796,27.801732,-27.900641,55.702373,220.907324,63.748631,1.032483,117.231991,159.049665,3.837419,159.049665,3.837419,1082.060267,843.545268,73.263927,-0.727477,15.641314,-139.632042,6290.172878,9.146589,12.157478,43.381744,55.132909,1.485346,63.145465,5.320614,187.473816,179.598766,22.485443,39.068505,4.468854,0,0,0,0,0,0,8.3e-05,0,0,0.998509,0,0,0,0,0,0.001408
82707,114.527497,31.374491,Alces alces,56003281,Cervidae,LC,0,0,16.027364,9.255392,27.120449,900.774787,32.895462,-1.22515,34.120613,1174.867509,206.48587,21.977629,58.202661,523.875654,99.59492,504.741205,99.59492,129.344217,1109.335571,13.704445,0.057652,122.95194,71.191703,4414.494662,26.411348,10.960726,63.199723,16.639507,20.16077,35.426123,12.958058,42.065541,314.000677,44.215257,84.825454,6.990248,0.004638,0,0,0.038181,0.049362,0,0,0.221716,0.118436,0.047043,0.013417,0.314643,0.006543,0.178566,0,0
83939,114.535298,44.605835,Alces alces,56003281,Cervidae,LC,0,0,0.779473,13.697867,25.200958,1493.491201,26.215502,-28.159946,54.375447,231.547256,66.19962,1.153448,116.182397,165.846981,4.777408,165.846981,4.777408,1215.188305,803.740805,70.603112,-0.698785,16.60564,-150.323959,6143.226706,8.474654,12.222091,47.416128,51.217748,1.366124,59.550442,5.466432,189.858241,177.342317,22.42215,39.259078,4.423206,0,0,0,0,0,0,0,0,0,0.999089,0,0,0.000248,0,0,0.000663
82709,114.552847,33.205476,Alces alces,56003281,Cervidae,LC,0,0,15.162872,11.051351,29.822874,949.430643,33.043554,-4.007766,37.05132,850.048411,192.963935,12.676383,72.785367,418.097938,53.663823,418.087162,53.663823,46.824969,1152.790067,40.121603,-0.365358,72.12201,58.927044,5024.46261,1.005959,14.66547,71.065539,21.710678,7.223782,39.474806,12.67998,54.944776,300.046036,42.541417,78.76684,6.778016,0,0,0,0,0,0,0,0,0.001989,0.000829,0,0.938769,0.054106,8.3e-05,0,8.3e-05
82704,114.568997,28.656767,Alces alces,56003281,Cervidae,LC,0,0,15.830919,8.103234,26.29774,813.364673,31.195246,0.423117,30.772129,1608.576957,266.65333,44.113863,54.6707,727.468856,174.727688,534.600701,199.57335,449.108047,1131.740329,13.114829,0.276105,169.4767,78.797404,4285.229189,84.7086,8.791821,35.848455,12.623427,51.528118,30.64382,14.766523,16.483148,345.384029,48.669877,104.522249,7.62239,0.16548,0.100381,0,0.002319,0.339324,0,0,0.320109,0.043896,0.023356,0.000166,0.000994,0.003975,0,0,0
82710,114.592343,34.127721,Alces alces,56003281,Cervidae,LC,0,0,14.826499,11.432145,30.110468,972.191207,32.945634,-5.021044,37.966677,704.408445,178.984368,10.181434,84.435285,382.78151,37.207686,376.220013,37.207686,56.272948,1173.026338,50.484756,-0.408141,65.346556,49.004383,5311.515969,0.596729,14.861705,67.654538,25.36499,6.980472,50.756329,11.184687,80.942674,277.069913,41.284498,73.574845,6.622194,0,0,0,0,0,0,0,0,0.003231,0,0,0.963798,0.032475,0.000497,0,0
82703,114.594205,27.757162,Alces alces,56003281,Cervidae,LC,0,0,17.249357,8.377712,26.749269,829.038357,32.748137,1.444363,31.303774,1536.244562,234.134097,44.128109,51.478932,678.936764,173.579448,471.765592,203.909353,191.388369,1172.20537,23.019702,0.23903,166.566017,92.891215,4395.408144,36.950915,10.336755,48.298229,14.882776,36.818995,31.399989,14.929013,12.114166,351.321788,51.374527,113.685202,7.867964,0.006792,0.106933,0,0,0.04655,0,0,0.353682,0.341754,0.009774,0.016732,0.01259,0.037108,0.057732,0,0
83038,114.632071,36.885168,Alces alces,56003281,Cervidae,LC,0,0,13.338468,12.194013,29.223198,1097.270806,32.931048,-8.796019,41.727067,536.409261,167.94288,2.533151,114.554695,349.923462,11.093193,346.351742,11.093193,60.156812,1157.106095,61.436831,-0.539352,46.629392,29.309519,5720.856381,2.488065,13.863428,62.602294,33.833513,3.564193,62.420987,9.604154,113.647229,248.939532,43.789734,77.781101,6.880201,0,0,0,0,0,0,0,0,0.00058,0.008531,0,0.73097,0.259919,0,0,0
161513,114.648542,25.08025,Alces alces,56003281,Cervidae,LC,0,0,18.898022,8.476848,30.616107,700.653913,32.414115,4.751909,27.662206,1621.073293,275.971655,38.189827,58.574959,733.848195,144.166596,547.924087,197.977372,326.193622,1231.449663,24.890462,0.256243,203.575341,135.34747,3586.504996,42.855494,9.989676,43.237426,10.287681,46.474893,36.976486,17.62291,3.442602,361.61216,50.39154,112.381648,7.768928,0.000497,0.424288,0,0,0.003562,0,0,0.172382,0.329854,0.008284,0.005302,0.039513,0.009195,0.007124,0,0
84021,114.653002,45.071027,Alces alces,56003281,Cervidae,LC,0,0,-0.193099,13.739652,26.193204,1428.998294,24.609022,-27.845724,52.454746,249.819619,69.560222,1.925131,112.32875,174.48839,6.017563,174.48839,6.017563,1410.489301,752.872572,65.989296,-0.649879,18.561406,-159.162022,5871.675679,11.315063,11.608187,50.561554,47.184465,2.253981,58.008931,5.538982,190.733376,176.824757,22.075755,38.904542,4.363502,0,0,0,0,0,0,0,0,0,0.999669,0,0,0,0,0,0.000331
83447,114.660115,40.089274,Alces alces,56003281,Cervidae,LC,0,0,6.828856,13.106335,28.570534,1192.345386,28.124612,-17.704799,45.829411,410.65908,114.267342,2.746472,103.568178,262.431396,10.338121,262.431396,10.338121,1074.999888,952.59408,55.550172,-0.555157,33.722772,-43.98319,5622.056031,38.387558,10.142517,40.290031,55.607604,4.102365,68.612183,8.733378,148.508949,215.500119,44.642865,81.084202,7.003876,0,0,0,0.001242,0.002236,0,0,0.000248,0.00058,0.798327,0.000166,0.189167,0.008034,0,0,0
161512,114.661413,24.190716,Alces alces,56003281,Cervidae,LC,0,0,19.858461,8.142362,33.348971,605.496942,31.834475,7.443859,24.390616,1814.152071,326.486991,33.713233,65.277705,852.111418,133.270985,685.753368,187.956295,347.79787,1248.627753,37.17009,0.325448,249.191719,158.668296,3045.182589,63.519766,9.525302,39.966494,7.780542,52.252964,38.601363,19.565369,3.205247,361.981059,51.505274,116.369167,7.794197,0,0.517019,0,0,0.001159,0,0,0.089689,0.332422,0.007122,0.013168,0.015321,0.003727,0.019876,0,0
161511,114.672917,23.301741,Alces alces,56003281,Cervidae,LC,0,0,21.579972,7.931151,35.010145,557.391563,32.733524,10.088095,22.64543,1840.288973,315.753072,31.345939,68.193955,849.906322,115.153542,808.269159,150.178748,132.563392,1241.999389,44.106406,0.36973,295.97727,179.24185,2626.231747,38.054056,10.403807,50.6595,9.452795,39.887705,41.480106,23.285225,1.230313,363.872752,53.70142,121.79264,7.766889,0,0.24824,0,0,0.000414,0,0,0.148679,0.374223,0.018885,0.002402,0.051851,0.022695,0.120434,0,8.3e-05
83775,114.701125,42.822984,Alces alces,56003281,Cervidae,LC,0,0,3.338133,12.302072,24.140138,1405.658286,26.8815,-24.079599,50.9611,289.816688,76.081095,2.009388,103.034443,188.93153,7.306587,188.93153,7.306587,1162.09387,846.633374,67.274228,-0.670698,20.396375,-115.264377,5930.877508,5.481889,12.928458,33.63091,65.881848,0.487243,64.648228,5.851118,178.218543,188.44126,27.267418,47.913031,5.098943,0,0,0,0,0,0,0,0,0,0.989977,0,0.001491,0,0,0,0.008035
83529,114.762944,40.560362,Alces alces,56003281,Cervidae,LC,0,0,7.155446,12.48828,27.799015,1191.323852,28.075875,-16.833608,44.909483,381.506423,102.526004,2.254126,101.954642,241.026165,9.066669,241.026165,9.066669,968.552868,952.106305,58.247469,-0.582437,32.586534,-40.684059,5623.249127,35.739144,10.631452,40.364894,55.392319,4.242786,68.173741,8.173314,151.392728,213.339769,40.592127,73.215936,6.608167,0,0,0,0,0,0,0,0,0,0.686046,0,0.267329,0.046625,0,0,0
83201,114.787957,37.82495,Alces alces,56003281,Cervidae,LC,0,0,12.970983,12.518405,29.543309,1109.333854,32.877122,-9.493091,42.370212,467.148164,142.882609,3.057714,120.425179,324.681982,11.733502,324.676757,11.733502,47.522379,1147.289361,61.631512,-0.582548,41.25939,25.880307,5800.827855,0.861508,14.282132,65.459045,29.510076,5.030879,62.622564,9.436012,113.752662,248.555646,45.532451,80.539919,7.01488,0,0,0,0,0,0,0,0,0.000166,0.003064,0,0.806542,0.190228,0,0,0
82788,114.797751,30.961003,Alces alces,56003281,Cervidae,LC,0,0,16.725323,9.086185,26.765993,900.017312,33.682112,-0.251388,33.9335,1244.087271,207.707792,25.703933,58.026379,563.774195,112.807996,524.37916,112.997857,54.080464,1134.853058,17.761034,0.080889,128.440165,79.559285,4479.197446,9.093401,12.292422,66.671243,20.83978,12.488977,33.168859,13.540821,31.315621,326.749719,44.722873,88.816532,7.151209,0.001325,0,0,0,0.004637,0,0,0.046953,0.273601,0.020454,0.025422,0.395081,0.019046,0.19899,0,0.000166
82790,114.813224,32.788289,Alces alces,56003281,Cervidae,LC,0,0,15.350221,10.767468,29.404018,939.323969,33.133874,-3.4832,36.617074,929.762351,201.393586,14.590078,68.316756,443.412893,65.109115,443.412891,65.109115,43.628572,1137.13825,31.72568,-0.255717,84.80071,61.024595,4842.921674,0.959206,14.644536,68.655559,23.382028,7.962412,37.471497,12.972432,51.203485,301.965985,40.966981,75.415392,6.637145,0,0,0,0,0,0,0,0,0.00116,0.000994,0,0.973248,0.024433,0.000166,0,0
82785,114.844429,28.247598,Alces alces,56003281,Cervidae,LC,0,0,17.471591,8.545818,26.609989,853.539331,33.408639,1.294781,32.113859,1537.35777,253.382716,42.532992,55.189949,701.525475,168.805375,495.053521,199.09949,119.439488,1192.503816,27.972222,0.139239,147.166781,94.562537,4489.912059,23.276204,11.309035,53.525532,16.361681,30.112787,31.612687,14.891557,14.589929,348.166183,50.049057,109.027784,7.752818,0.002486,0.06496,0,0.000166,0.01044,0,0,0.132902,0.580993,0.039357,0.003646,0.087994,0.014169,0.060403,0,0
82791,114.844799,33.708452,Alces alces,56003281,Cervidae,LC,0,0,14.973132,11.163154,29.772611,962.802522,32.938795,-4.555613,37.494408,768.422331,190.796576,11.218278,80.10653,400.180539,45.411989,396.076885,45.41199,47.088164,1163.096963,44.907371,-0.360075,71.998158,54.451119,5153.482773,0.787148,14.813422,67.053668,25.954423,6.991909,44.832906,11.90599,65.533601,291.116666,41.87114,75.44161,6.681816,0,0,0,0,0,0,0,0,0.020131,0.000746,0,0.894375,0.082843,0.000663,0,0
83611,114.869598,41.031415,Alces alces,56003281,Cervidae,LC,0,0,5.188299,12.194838,27.112032,1225.017154,26.35616,-18.639901,44.996061,389.834369,98.633843,3.015952,97.333264,237.204688,11.391411,237.204688,11.391411,1311.143617,861.810703,54.180848,-0.541767,32.468669,-70.431619,5437.499598,36.514603,10.718372,38.986609,53.714902,7.298489,68.288889,7.224303,161.165938,204.519039,35.56672,63.348912,6.032832,0,0,0,8.3e-05,0,0,0,0,0,0.926058,0,0.049598,0.024261,0,0,0
83283,114.873519,38.295386,Alces alces,56003281,Cervidae,LC,0,0,12.839393,12.679087,29.596156,1113.591954,32.927664,-9.911526,42.83919,441.897564,137.471688,2.658667,123.800271,316.390591,10.882582,316.390591,10.882582,58.573427,1151.434902,61.869106,-0.618763,37.248427,20.744799,5929.365096,1.210036,13.975965,68.273173,29.77862,1.948207,63.872565,9.489253,119.853842,243.173048,43.879545,78.467484,6.927422,0,0,0,0,0,0,0,0,0,0.008284,0,0.834645,0.157071,0,0,0
82792,114.898756,34.633351,Alces alces,56003281,Cervidae,LC,0,0,14.578446,11.347254,29.594531,990.655147,32.690193,-5.65106,38.341253,658.810124,175.577256,8.531528,91.505193,377.42584,30.623043,372.65496,30.623043,62.513155,1174.844385,58.852085,-0.453544,58.511772,42.105572,5440.699403,0.735333,14.750384,69.26244,27.036635,3.700925,52.587743,10.966095,81.815337,276.831247,40.812261,71.420118,6.518877,0,0,0,0,0,0,0,0,0.005798,0.00439,0,0.937552,0.048451,0.002319,0,0.000663
161595,114.901954,25.565955,Alces alces,56003281,Cervidae,LC,0,0,18.860092,8.505129,29.614834,739.719375,32.952245,4.246055,28.70619,1524.615636,247.475308,39.616288,53.833959,660.225789,152.351282,474.517136,207.191929,247.713589,1230.269502,22.476852,0.214694,184.990496,124.995066,3900.913326,35.71306,10.455895,49.393698,15.215648,35.390655,36.446948,17.477872,5.21965,359.718656,50.481779,112.83046,7.784902,0.000911,0.199735,0,0,0.011267,0,0,0.145638,0.547428,0.002402,0.000497,0.015906,0.050451,0.025764,0,0
161592,114.933843,22.899882,Alces alces,56003281,Cervidae,LC,0,0,21.459063,6.732343,32.973802,525.387335,31.470981,11.074614,20.396367,1788.855894,294.85223,29.607973,69.838231,841.940879,102.161762,790.615107,129.478615,153.643045,1152.953747,38.532189,0.421584,331.638266,179.116826,2216.509869,66.895242,9.480878,53.549777,11.78102,34.669203,43.825372,24.942561,0.384172,364.828566,54.074188,122.357348,7.686957,8.3e-05,0.241962,0,0,0.000497,0,0,0.125953,0.374876,0.011021,0.015993,0.015496,0.021296,0.061153,0,8.3e-05
83938,114.941425,43.763963,Alces alces,56003281,Cervidae,LC,0,0,2.02166,13.061602,24.294903,1485.82995,27.053506,-26.722084,53.775591,240.901044,68.751039,1.302118,113.772629,169.324036,4.915527,169.324036,4.915527,1143.273693,837.11861,70.194924,-0.696366,17.432543,-139.755291,6211.152568,10.55152,11.876688,43.628988,55.180188,1.190824,63.421173,5.882146,183.817671,182.746187,25.848118,45.424994,4.842817,0,0,0,0,0,0,0,0,0,0.983683,0,0,0.000331,0,0,0.015986
82955,115.001584,35.566222,Alces alces,56003281,Cervidae,LC,0,0,14.062405,11.617398,29.393292,1024.003872,32.636525,-6.884771,39.521296,577.301339,162.170867,6.119643,101.231782,355.620153,23.33659,350.093921,23.33659,55.276623,1180.020473,58.860294,-0.496964,53.095685,39.005916,5650.156568,0.765329,14.756407,66.327055,27.863579,5.809366,52.764883,10.766002,82.900954,274.278121,42.154838,73.235539,6.620885,0,0,0,0,0,0,0,0,0.000248,0.011177,0,0.888309,0.09389,8.3e-05,0,0.001076
83446,115.058803,39.236916,Alces alces,56003281,Cervidae,LC,0,0,10.87193,12.031663,29.409392,1064.060484,30.122911,-10.779944,40.902855,487.241549,156.118698,2.054721,125.054217,351.523433,8.548059,351.523433,8.548059,541.133937,1062.720958,59.47656,-0.533112,40.510077,-10.876877,5822.540714,65.970336,9.539888,58.688812,24.311562,16.999626,66.318384,8.493247,141.127762,221.391627,42.106971,75.763307,6.74404,0,0,0,0.010688,0.002237,0.010522,0,0.002568,0.192129,0.399171,0.002568,0.368848,0.011019,0,0,8.3e-05
83037,115.063027,36.034092,Alces alces,56003281,Cervidae,LC,0,0,13.659175,11.927621,29.32959,1056.569235,32.77512,-7.891704,40.666823,546.526009,154.138041,5.913776,105.109097,347.715614,22.49949,341.367817,22.50056,50.56616,1176.202119,54.965665,-0.526225,49.116572,35.53984,5723.231207,0.819071,14.838554,69.400704,26.449244,4.150052,55.174641,10.817912,91.693484,267.581283,43.004764,76.212389,6.774001,0,0,0,0,0,0,0.000166,0,0.00058,0.00323,0,0.933902,0.061542,0.000166,0,0.000414
84020,115.066171,44.234126,Alces alces,56003281,Cervidae,LC,0,0,1.096604,13.436584,24.781699,1491.349949,26.398437,-27.831561,54.229998,238.564858,68.797971,1.280574,115.487054,169.930393,5.178742,169.930393,5.178742,1216.102771,812.32585,68.958224,-0.681653,17.623606,-149.607862,6168.848327,12.325981,11.748309,45.684903,53.028918,1.286179,61.09483,5.628306,187.75663,179.139221,23.538365,41.101129,4.558048,0,0,0,0,0,0,0,0,0,0.998177,0,0,0.001657,0,0,0.000166
82869,115.068729,30.547604,Alces alces,56003281,Cervidae,LC,0,0,17.002556,8.648488,25.899398,894.608036,33.690886,0.309187,33.381699,1341.651403,234.05901,31.519902,57.543191,602.693238,128.618331,555.571607,133.204083,58.890073,1132.00322,14.082759,0.167811,142.377215,79.416147,4473.852982,13.960843,11.886244,64.960145,20.905021,14.134835,31.04896,14.039593,26.623321,332.551417,44.926463,90.828217,7.23446,0,0,0,0,0.006049,0,0,0.021793,0.338913,0.019224,0.015578,0.074577,0.068114,0.391946,0,0.002072
82868,115.079788,29.641342,Alces alces,56003281,Cervidae,LC,0,0,16.847548,8.716758,26.494359,873.278366,33.203159,0.319831,32.883328,1465.46176,252.808417,38.936737,55.764967,652.48567,152.442069,533.539158,168.923859,189.369322,1133.533091,9.774614,0.210472,152.298567,79.755988,4417.997109,58.514576,9.601072,53.841972,16.799111,29.358917,30.543018,14.33651,24.662285,335.367024,44.99939,91.859333,7.270639,0.004476,0.007046,0,0.020889,0.099967,0,0,0.380139,0.31623,0.018816,0.023956,0.025282,0.012185,0.072613,0,0
83774,115.09389,41.973245,Alces alces,56003281,Cervidae,LC,0,0,2.786124,12.340424,25.446887,1325.370588,24.839261,-23.647273,48.486534,355.870896,92.622814,2.669735,101.620827,227.675847,10.151273,227.675847,10.151273,1433.002413,800.737768,55.637824,-0.554,28.038112,-107.714411,5474.310591,15.212657,11.735369,42.567671,56.391211,1.041118,65.101955,6.446264,174.269477,192.053311,30.059035,53.347873,5.432546,0,0,0,0,0,0,0,0,0,0.968688,0,0.02775,0.002319,0,0,0.001243
82867,115.097275,28.738357,Alces alces,56003281,Cervidae,LC,0,0,16.187208,8.241035,26.388368,828.779021,31.806274,0.605964,31.200309,1604.311201,276.429825,41.284001,57.113761,735.274444,165.917754,550.320056,195.14912,378.336415,1117.271597,19.474851,0.14702,146.67442,80.958791,4204.979451,75.222556,9.384208,40.484981,12.762845,46.752174,31.401997,14.513002,18.559678,343.06014,48.6576,103.707295,7.618578,0.14197,0.11679,0,0.007372,0.175433,0,0,0.268782,0.193655,0.041663,0.009028,0.020459,0.004224,0.017974,0,0
83119,115.130706,36.502719,Alces alces,56003281,Cervidae,LC,0,0,13.340838,12.11727,29.091703,1090.723879,32.852746,-8.798982,41.651728,520.922238,157.074988,5.076998,110.368112,338.118724,20.330105,334.29282,20.355996,43.620612,1163.87402,57.886064,-0.550823,45.318142,28.545704,5772.1313,0.813954,14.872777,69.777962,26.911905,3.310133,58.118739,10.28411,101.591656,258.007932,43.593818,77.209265,6.823275,0,0,0,0,0,0,0,0,8.3e-05,0.001408,0,0.937396,0.061113,0,0,0
161677,115.156943,26.050619,Alces alces,56003281,Cervidae,LC,0,0,18.482636,8.506593,28.85706,766.188198,32.905019,3.43597,29.469049,1513.33942,239.533849,40.428475,52.63354,652.172873,158.485421,455.041161,212.473669,232.498507,1216.81063,23.742631,0.198711,174.954843,116.884519,4029.44514,39.242031,10.068582,49.972819,14.988202,35.038979,35.661354,17.486981,6.48839,358.418333,51.040194,114.823034,7.843299,0.001822,0.118427,0,0,0.007122,0,0,0.100124,0.720497,0.006046,0.010683,0.000745,0.024928,0.000414,0,0.000828
161674,115.186121,23.385119,Alces alces,56003281,Cervidae,LC,0,0,20.740629,8.14708,36.482058,543.294339,31.811551,9.487215,22.324336,1761.853778,284.221085,30.563612,65.054554,783.944703,116.045769,756.034607,156.015494,285.143466,1182.591851,43.722102,0.377219,293.471059,169.965352,2457.210207,49.85181,9.717366,48.37028,5.5662,46.06352,41.482698,23.007046,1.25523,363.85828,53.939083,122.295776,7.791579,0,0.35664,0,0,0,0,0,0.239003,0.394996,0.002071,0.000994,0,0.003148,0.000994,0,0
83200,115.204315,36.971969,Alces alces,56003281,Cervidae,LC,0,0,13.230258,12.237041,28.944868,1116.440006,32.995786,-9.281242,42.277027,513.154978,161.542939,3.55361,116.231998,339.107356,14.791808,339.035458,14.791808,34.253051,1158.323052,61.596004,-0.556989,43.655271,22.82942,5834.385389,0.589652,14.979649,69.277914,28.158266,2.56382,60.52833,9.677893,109.033441,251.634329,44.558049,78.666226,6.907093,0,0,0,0,0,0,0,0,8.3e-05,0.004472,0,0.949395,0.046049,0,0,0
84183,115.317658,45.168858,Alces alces,56003281,Cervidae,LC,0,0,0.65191,13.379557,26.328925,1390.613733,24.821559,-25.995584,50.817142,254.545167,70.133606,2.171026,109.371283,174.240133,7.358485,174.240133,7.358485,1269.5775,770.372291,65.616451,-0.646002,19.201193,-151.883683,5981.51277,14.524289,11.505696,44.194756,54.145135,1.660109,57.202693,5.803229,190.449649,176.801895,23.088835,40.850561,4.478069,0,0,0,0,0,0,0,0,0,0.999586,0,0,0.000414,0,0,0
82950,115.335009,31.042526,Alces alces,56003281,Cervidae,LC,0,0,15.670866,8.995435,27.051326,873.496527,32.098247,-1.144318,33.242564,1353.782036,230.527876,27.552043,59.564733,612.0498,117.803981,597.490734,118.605422,304.879011,1087.192366,10.271599,0.212618,147.28801,68.325098,4283.508029,72.381776,9.032461,57.050537,14.687232,28.262231,33.178665,13.430286,32.655161,325.517221,44.710013,88.408172,7.148896,0,0,0,0.044235,0.066352,0,0,0.537939,0.167578,0.002485,0.000911,0.025265,0.003976,0.14604,0,0.000166
82951,115.340097,31.954582,Alces alces,56003281,Cervidae,LC,0,0,15.770571,9.085138,26.555263,911.167349,32.676431,-1.533961,34.210392,1119.340078,217.61658,22.553375,60.109765,501.494963,95.529609,501.494963,95.529609,87.412709,1118.623592,9.917184,-0.001038,115.255321,67.49006,4542.610222,10.42253,12.727931,65.278253,23.581951,11.139796,37.213888,12.982867,47.832556,306.961233,41.60673,76.473357,6.716214,8.3e-05,0,0,0.003562,0.005881,0,0,0.129877,0.075292,0.003479,0.018388,0.680775,0.004307,0.073304,0,8.3e-05
82949,115.340187,30.13427,Alces alces,56003281,Cervidae,LC,0,0,17.201431,8.434666,25.51003,892.664501,33.606266,0.554009,33.052256,1400.488634,244.605835,36.896134,55.373118,610.649692,143.696151,544.149207,154.270476,65.397133,1129.800914,9.634923,0.208081,149.988689,79.354033,4468.273009,22.903259,11.172712,61.329468,21.06549,17.605041,30.564196,14.338077,25.499117,334.272429,44.465787,90.163477,7.223128,0,0,0,0.000911,0.021111,0,0,0.068797,0.446809,0.017468,0.042305,0.041063,0.037917,0.240417,0,0.000745
82948,115.353003,29.229471,Alces alces,56003281,Cervidae,LC,0,0,16.598162,8.131778,25.50707,856.271023,32.539217,0.708083,31.831134,1531.550227,263.660271,39.951088,56.505694,694.07453,158.688371,537.960867,182.980319,266.436419,1111.940336,11.403981,0.165853,145.316947,79.704477,4267.540756,66.291451,9.528054,35.7774,15.803697,48.418903,30.812105,14.105109,23.907691,336.574592,46.925155,97.445392,7.440808,0.091745,0.096133,8.3e-05,0.024841,0.291463,0,0,0.284839,0.091745,0.004389,0.023019,0.005631,0.005051,0.008777,0,0.000414
83691,115.3694,40.649809,Alces alces,56003281,Cervidae,LC,0,0,6.741444,12.023275,27.220949,1186.314358,27.510191,-16.637319,44.14751,423.739303,113.456012,2.344435,103.691863,270.202248,9.930394,270.202248,9.930394,1086.263648,918.519082,53.177901,-0.529417,35.212805,-50.597716,5568.975243,59.09566,9.684722,43.112805,41.862158,15.025038,66.597932,8.252302,147.43921,215.425926,40.805759,73.502277,6.606255,0,0,0,0.032301,0.000248,0.009193,0,0.001408,0.025923,0.756336,0,0.139805,0.034703,0,0,8.3e-05
82953,115.395137,33.791428,Alces alces,56003281,Cervidae,LC,0,0,14.98744,11.154675,29.632018,970.00059,33.06437,-4.579003,37.643373,775.378831,201.445759,11.200029,84.156025,415.215137,45.989639,414.203649,45.989639,40.6987,1165.27174,43.710928,-0.338506,74.24628,55.307536,5150.732399,0.746378,14.7906,68.901027,23.087124,8.011849,43.896056,12.020475,63.860825,290.329203,42.530609,74.888441,6.666274,0,0,0,0,0,0,0,0,0.007204,0.000166,0,0.944601,0.046539,0.001408,0,0
161757,115.423651,25.644975,Alces alces,56003281,Cervidae,LC,0,0,18.38732,8.488624,30.145921,720.888804,32.217207,4.080507,28.136699,1583.048375,255.934216,40.227009,54.967129,695.93344,155.319208,504.199304,206.637518,356.446324,1222.864593,22.184493,0.24267,192.879037,124.571593,3788.754532,52.787507,9.591045,43.429238,9.582582,46.98818,36.027014,17.387821,4.30903,360.984174,51.229246,114.889671,7.780062,0.000248,0.3917,0,0,0.01698,0,0,0.227615,0.359977,0.00116,0,0.00058,0.001657,8.3e-05,0,0
161756,115.432441,24.756572,Alces alces,56003281,Cervidae,LC,0,0,19.230464,8.421811,32.658449,644.543861,31.935334,6.158081,25.777253,1678.083372,280.869479,36.267013,59.150648,748.308454,141.200334,594.214801,192.730564,393.677961,1235.340416,28.63336,0.267435,216.059031,144.618262,3318.978858,49.824451,9.679011,41.750571,7.308156,50.941273,37.128065,17.535193,3.326446,361.932883,50.738541,113.076266,7.724969,0.000249,0.379279,0,0,0.001823,0,0,0.182594,0.391297,0.003398,0.001823,0.004724,0.000663,0.034065,0,0
82954,115.454566,34.716799,Alces alces,56003281,Cervidae,LC,0,0,14.493192,11.469291,29.678706,998.858297,32.788617,-5.855574,38.644191,672.000374,185.566735,9.122407,94.597774,392.484453,32.545317,388.242792,32.545317,57.977068,1158.211917,51.158298,-0.418875,62.603045,44.149812,5334.654054,0.998781,14.632984,67.282562,27.965561,4.751877,51.38577,10.96965,79.008451,277.543957,41.595324,72.025703,6.562141,0,0,0,0,0,0,0,0,0.012258,0.00439,0.001408,0.926702,0.047706,0.00265,0,0.000166
84019,115.456234,43.384768,Alces alces,56003281,Cervidae,LC,1,0.497817,1.914385,13.058454,24.489817,1468.457792,26.382979,-26.944152,53.327131,273.398669,77.076762,1.597422,111.656017,189.022169,5.816563,189.022169,5.816563,1167.45124,834.574533,66.472679,-0.658532,20.002014,-133.644996,6100.605866,7.999078,12.578608,38.332587,60.857507,0.809906,64.525711,6.547997,177.465138,188.774658,28.974755,51.452389,5.261426,0,0,0,0,0,0,0,0,0,0.998261,0,0.00058,0.000248,0,0,0.000911
83527,115.552727,38.852979,Alces alces,56003281,Cervidae,LC,0,0,12.936053,12.530831,29.137666,1119.273366,33.12762,-9.877534,43.005154,493.766212,164.953801,2.432001,133.756658,369.201637,9.741308,369.201637,9.741308,23.6515,1140.327427,70.442049,-0.569322,41.277416,13.731456,5999.372951,3.101901,14.020542,62.239056,34.244738,3.516206,63.050239,8.790271,125.422082,234.597669,42.614178,75.962834,6.773385,0,0,0,0,0,0,0,0,0,0.002817,8.3e-05,0.710853,0.285253,0,0,0
83118,115.563714,35.649993,Alces alces,56003281,Cervidae,LC,0,0,13.942988,11.682261,29.373779,1032.428973,32.637601,-7.132023,39.769624,595.076989,173.348083,6.947017,102.0955,365.536332,25.056095,361.713907,25.056095,49.393372,1149.981288,56.40584,-0.471779,55.418557,36.960507,5501.755009,0.671228,14.790425,67.263639,28.583969,4.152393,52.313683,10.451646,84.987232,270.811801,41.877558,72.356059,6.581312,0,0,0,0,0,0,0,0,0.000828,0.012918,0,0.87678,0.102849,0,0,0
84101,115.583578,43.854837,Alces alces,56003281,Cervidae,LC,1,0.603385,1.902997,13.257613,24.710364,1478.203439,26.844704,-26.818973,53.663677,256.724943,74.267085,1.345634,115.162806,181.674117,5.01166,181.674117,5.01166,1140.306922,834.658861,67.850152,-0.670589,18.867654,-141.082635,6232.509729,11.799299,12.143758,43.255087,55.589971,1.154942,62.924468,6.225098,181.937602,184.273832,27.326741,48.182609,5.027903,0,0,0,0,0,0,0,0,0,0.995278,0,0,0.000663,0,0,0.004059
83855,115.59646,41.591481,Alces alces,56003281,Cervidae,LC,0,0,3.119428,12.581131,25.742015,1326.111764,25.579568,-23.297126,48.876694,411.251498,105.988984,3.154896,99.696123,257.507083,12.404699,257.507083,12.404699,1463.667152,802.3649,49.774945,-0.495101,32.241193,-101.439555,5428.345151,17.358947,11.787923,37.227141,60.799632,1.973227,65.174997,7.022914,165.078643,199.084333,33.607554,59.79415,5.81383,0,0,0,0,0,0,0,0,0,0.760292,0.000911,0.234407,0.001325,0,0,0.00116
83031,115.604386,30.627675,Alces alces,56003281,Cervidae,LC,0,0,16.184194,8.875354,26.738699,876.576422,32.718247,-0.465601,33.183848,1445.52706,262.772418,33.027819,59.209469,646.795174,131.198302,625.849786,137.137646,249.641774,1088.002528,9.906078,0.26286,158.106866,71.087206,4291.978279,57.454055,9.568194,58.276721,15.157399,26.56588,31.204212,13.877614,27.18714,331.968525,45.440375,92.11447,7.280253,0.000166,0,0,0.025836,0.061279,0,0,0.479877,0.261676,0.002816,0.014078,0.00679,0.003561,0.134813,0,0
83032,115.605875,31.53801,Alces alces,56003281,Cervidae,LC,0,0,14.597505,8.799092,26.696951,869.023595,30.862585,-2.080592,32.943178,1292.624026,225.465522,26.103976,57.880932,573.194135,112.350682,573.1851,112.350682,417.826274,1055.733322,8.590482,0.202443,141.576161,58.228106,4229.735564,80.556546,8.951316,50.635583,12.333104,37.031313,35.454949,13.108086,41.094452,314.931796,42.70566,80.438454,6.859644,0,0,0,0.157886,0.103711,0,0,0.65946,0.043241,0.002899,0.014082,0.001491,0.000414,0.015573,0,0
83033,115.619349,32.452323,Alces alces,56003281,Cervidae,LC,0,0,15.616162,9.687283,27.483824,929.556621,33.001318,-2.225733,35.227051,980.127397,204.871469,17.763274,64.058618,451.228812,78.334293,451.228812,78.334293,33.686544,1121.719791,21.511701,-0.126139,99.794928,65.226624,4654.554024,1.590158,14.287721,67.930601,25.134393,6.935006,37.645267,12.93429,49.568979,304.769455,41.227312,75.306044,6.664616,0,0,0,0,0,0,0,0,0.02617,0.004141,0.003313,0.939627,0.019876,0.002153,0,0
83199,115.628615,36.117995,Alces alces,56003281,Cervidae,LC,0,0,13.623135,11.905582,29.322395,1058.01031,32.705816,-7.89483,40.600647,562.894249,166.999058,6.75327,105.907724,354.826156,23.665732,353.224001,23.669201,41.692349,1153.170538,58.075727,-0.514905,50.076634,33.676739,5614.559247,0.753227,14.84639,66.618069,29.942106,3.439825,54.929878,10.195697,93.388197,262.991657,43.186269,75.141952,6.723383,0,0,0,0,0,0,0,0,0.00174,0.010274,0,0.929074,0.057917,0.000249,0,0
83028,115.644936,27.91714,Alces alces,56003281,Cervidae,LC,0,0,17.764072,8.268845,26.000268,851.410657,33.753102,1.943899,31.809203,1618.413895,281.415899,43.004762,58.957372,758.381983,170.318471,534.793353,210.045002,125.244477,1151.664894,30.864506,0.137975,145.828457,96.700445,4197.254712,31.002599,11.22516,54.01172,16.337573,29.650706,31.111219,15.165084,12.077883,352.044329,52.415924,116.323644,8.006615,0.00058,0.109583,0,0.000497,0.016566,0,0,0.124079,0.353185,0.027748,0.004059,0.250476,0.022695,0.070819,0,0.00058
83034,115.648565,33.37094,Alces alces,56003281,Cervidae,LC,0,0,15.254563,11.012387,29.574928,958.849177,33.331687,-3.903174,37.234861,814.231875,200.462245,12.429377,77.888851,417.558169,53.278028,417.558169,53.278028,33.78404,1151.877769,41.949219,-0.284412,81.087335,60.078868,4976.786711,0.6207,14.790972,69.164989,24.36858,6.466431,40.402483,12.411044,56.165888,297.536913,42.117024,75.363686,6.686691,0,0,0,0,0,0,0,0,0.013831,0.00058,0,0.959914,0.024515,0.001077,0,8.3e-05
83609,115.65217,39.323771,Alces alces,56003281,Cervidae,LC,0,0,12.362209,12.477249,28.968801,1119.192908,32.545155,-10.520071,43.065226,554.338922,200.827531,2.900398,141.061489,432.07983,10.435286,432.079831,10.435286,99.198312,1115.170225,75.97257,-0.490657,47.841204,10.836084,5940.830468,18.142401,12.665522,62.77996,31.300866,5.919174,64.700409,8.687759,134.824935,225.856612,42.880695,77.109912,6.824703,0,0,0,0.003396,0,0.004556,0,0.00116,0.035948,0.057649,0,0.76377,0.13319,0.000331,0,0
161837,115.695288,24.351736,Alces alces,56003281,Cervidae,LC,0,0,20.45614,8.521444,34.754947,598.473459,32.573117,8.059141,24.513976,1628.83372,267.013907,31.577286,58.764288,705.406935,129.531037,593.031481,180.765483,287.869856,1271.224717,37.295543,0.223914,217.615438,161.869427,3149.673535,34.861878,10.374835,52.930466,10.086565,36.98297,37.528776,18.227008,3.265639,362.048458,51.160142,114.680634,7.719698,8.3e-05,0.136556,0,0,0.000415,0,0,0.063345,0.686842,0.001741,0.002653,0.005223,0.011608,0.091535,0,0
83035,115.698296,34.294151,Alces alces,56003281,Cervidae,LC,0,0,14.738126,11.313984,29.579337,989.62003,32.925114,-5.323321,38.248435,728.56111,199.849115,11.193913,91.895021,415.059419,39.904631,413.801393,39.904631,46.90713,1163.783188,47.112968,-0.375568,68.818308,50.478938,5243.981985,0.714691,14.7368,65.890791,27.524681,6.584528,47.42654,11.579448,71.52205,283.226148,42.287672,73.530955,6.627073,0,0,0,0,0,0,0,0,0.017566,0.000911,0,0.902063,0.076063,0.003231,0,0
83281,115.699934,36.586729,Alces alces,56003281,Cervidae,LC,0,0,13.342612,11.944431,28.816213,1087.622121,32.721129,-8.725691,41.446819,526.383275,164.938737,6.451715,115.023085,352.004905,22.335253,352.00144,22.335253,36.112068,1148.301566,59.615754,-0.544352,45.94183,28.836494,5688.605473,0.846919,14.85581,66.843536,29.709583,3.446881,57.87619,9.94439,100.957426,256.792343,44.185635,77.337454,6.845525,0,0,0,0,0,0,0,0,0.000331,0.005302,0.000166,0.924524,0.068517,0.000166,0,8.3e-05
84182,115.714087,44.324649,Alces alces,56003281,Cervidae,LC,1,0.638291,2.161734,13.195183,25.323964,1433.375575,26.643489,-25.472119,52.115608,251.623305,71.893395,1.939574,113.199824,176.325318,6.0236,176.325318,6.0236,1087.298964,835.185629,68.497512,-0.677077,18.404942,-141.917609,6291.842837,12.783537,11.986529,43.08132,55.693691,1.224989,60.549085,5.949241,185.915561,180.616613,25.008883,43.795862,4.739621,0,0,0,0,0,0,0,0,0,0.999172,0,0,0.000497,0,0,0.000331
83936,115.715607,42.062107,Alces alces,56003281,Cervidae,LC,0,0,2.75826,12.712085,26.135211,1314.133599,24.88133,-23.750184,48.631514,377.094145,101.37341,2.388392,104.829729,246.655539,9.689536,246.655539,9.689536,1411.313447,793.79641,53.373638,-0.529851,28.805293,-116.009765,5530.910147,15.522318,12.030384,41.652695,57.111226,1.236079,65.532786,6.66076,173.389843,192.834674,30.765277,54.740518,5.514301,0,0,0,0,0,0,0,0,0,0.93024,0,0.069594,0.000166,0,0,0
83690,115.756152,39.794626,Alces alces,56003281,Cervidae,LC,0,0,10.269213,11.572675,28.183671,1081.620091,29.611223,-11.434211,41.045434,538.896829,183.591629,2.727982,131.13681,404.45618,9.814005,404.45618,9.814005,569.886421,1011.801042,67.153963,-0.429927,48.903587,-14.434623,5636.258525,91.475461,9.063164,48.904288,23.606935,27.488777,66.728935,8.689963,142.549441,219.971145,42.574856,76.932416,6.798144,0,0,0,0.123478,0.000994,0.023685,0,0.039752,0.367453,0.246957,0.000248,0.056066,0.141035,0,0,0
84018,115.838357,42.532544,Alces alces,56003281,Cervidae,LC,0,0,2.146604,12.838533,25.835559,1348.335217,24.956414,-24.732521,49.688935,340.180972,94.673172,1.904343,109.203243,230.005942,7.544161,230.005942,7.544161,1340.303603,799.164942,57.15837,-0.567398,25.911512,-124.975682,5678.732289,11.412626,12.566987,41.643169,57.139507,1.217324,65.11715,6.506926,175.044895,191.22756,29.970629,53.189376,5.421552,0,0,0,0,0,0,0,0,0,0.995693,0,0.001988,0,0,0,0.002319
84264,115.847702,44.794186,Alces alces,56003281,Cervidae,LC,1,0.539401,1.925316,13.395654,25.024264,1481.125769,27.062902,-26.474221,53.537122,244.239401,68.902848,1.974583,110.946913,168.67422,6.182809,168.67422,6.182809,972.012649,837.731365,69.758984,-0.690774,17.760977,-139.629137,6337.043655,9.278604,12.594148,43.370992,55.551351,1.077658,58.09525,5.932044,189.43288,177.315627,24.173603,42.600669,4.615753,0,0,0,0,0,0,0,0,0,0.996024,0,0,0.001905,0,0,0.002071
83112,115.8743,30.21291,Alces alces,56003281,Cervidae,LC,0,0,16.581245,8.577317,26.095813,881.38109,33.059682,0.206408,32.853274,1459.615029,253.264667,37.461967,54.082906,622.723859,147.088782,570.619007,156.740973,191.868001,1084.094788,8.996005,0.263377,158.716709,72.857155,4306.564656,50.013327,10.153888,55.679865,17.550342,26.769793,30.951414,13.948797,26.100322,333.706592,45.931264,93.848437,7.347844,0.005384,0,0,0.004887,0.094185,0,0,0.227883,0.300364,0.004805,0.006296,0.170891,0.012757,0.156064,0,0
83114,115.881834,32.034091,Alces alces,56003281,Cervidae,LC,0,0,15.712454,9.191481,26.769582,915.193752,32.771575,-1.561625,34.3332,1082.340099,205.345157,23.004337,57.676206,477.361839,97.477505,477.361839,97.477505,62.249153,1121.398543,12.187719,-0.028084,111.876235,67.685592,4566.809488,7.478488,13.226268,66.140839,24.651332,9.207829,35.703358,13.023224,44.021737,311.37636,41.860097,77.722773,6.765033,0,0,0,0.002817,0.002154,0,0,0.043165,0.062303,0.003977,0.00174,0.818973,0.006794,0.055344,0,8.3e-05
83111,115.883678,29.307701,Alces alces,56003281,Cervidae,LC,0,0,17.388967,8.433375,25.804822,882.988555,33.824368,1.181129,32.643238,1488.007754,254.027963,41.284562,55.434255,670.154339,161.491162,512.911506,187.221757,78.021077,1111.777322,13.457388,0.213997,155.895963,83.312424,4312.463748,22.31598,11.754346,53.253974,20.894897,25.851129,29.953102,14.270116,21.851161,339.447186,48.360322,101.898608,7.586985,0.007052,0.015266,0,0.008297,0.03999,0,0,0.075085,0.300257,0.035759,0.030781,0.118643,0.027462,0.132,0,0.002655
83110,115.898778,28.405631,Alces alces,56003281,Cervidae,LC,0,0,18.020021,8.13136,25.199159,872.311812,34.222013,1.960606,32.261407,1591.826217,291.632387,42.451822,60.633159,750.62689,168.114435,550.95814,206.949647,25.610499,1130.104467,36.956495,-0.006269,121.994345,95.509746,4147.631446,3.562142,13.157296,62.157949,24.973948,12.868102,30.401093,14.995067,14.133127,349.970349,51.916876,114.341863,7.981903,0,0.000911,0,0,0,0,8.3e-05,8.3e-05,0.149093,0.04829,0.014992,0.541042,0.129462,0.062371,0,0.002071
83115,115.904821,32.950739,Alces alces,56003281,Cervidae,LC,0,0,15.469349,10.696883,29.196297,946.844762,33.283756,-3.351776,36.635532,846.503603,191.377077,13.983946,70.485487,409.895667,61.513734,409.895667,61.513734,29.347761,1133.458122,38.764761,-0.234158,87.010613,63.422678,4790.315807,0.552008,14.762229,68.59529,26.301348,5.103362,39.140399,12.501215,53.717722,299.603607,41.983874,75.356187,6.68674,0,0,0,0,0,0,0,0,0.029324,0.00174,8.3e-05,0.918655,0.043903,0.005799,0,0
83109,115.917877,27.506378,Alces alces,56003281,Cervidae,LC,0,0,17.633365,8.704706,27.883043,817.919138,33.235547,2.023538,31.212009,1679.673495,291.614765,44.741537,60.131622,796.525994,173.064423,544.935926,217.678457,223.392126,1155.098042,24.354209,0.246136,168.796197,98.417025,4108.383427,42.619131,10.250638,45.78159,12.376635,41.841775,31.100287,15.35989,11.608684,352.885855,52.944214,118.174621,8.081603,0.001077,0.196637,0,0.000994,0.057981,0,0,0.406941,0.28924,0.009443,8.3e-05,0.018388,0.007289,0.011762,0,0
83108,115.939588,26.609636,Alces alces,56003281,Cervidae,LC,0,0,17.673621,8.826724,29.533032,766.647173,32.438203,2.569039,29.869164,1681.15765,277.546872,43.7187,58.887794,783.766539,167.615665,537.523825,215.38834,360.218473,1214.300465,21.5956,0.274389,188.454141,110.66005,4060.670573,48.563276,9.819143,49.337461,13.939148,36.72339,31.187381,15.656149,9.38184,355.653792,52.616191,117.832184,8.00211,0.000166,0.195211,0,8.3e-05,0.021957,0,0,0.211119,0.536581,0.005551,0,0.01218,0.010606,0.006546,0,0
83116,115.946042,33.871842,Alces alces,56003281,Cervidae,LC,0,0,15.015392,11.173489,29.531506,978.891831,33.26001,-4.573777,37.833787,769.14579,206.46764,13.211253,87.502945,424.806467,48.381597,424.512208,48.381596,36.771796,1164.527619,43.93817,-0.32747,75.541057,56.341655,5137.142752,0.627964,14.755219,70.540611,22.82768,6.63171,45.718374,11.729834,68.794607,285.116738,42.315734,73.826535,6.641684,0,0,0,0,0,0,0,0,0.007537,0.001574,0,0.939949,0.049201,0.001739,0,0
83526,115.949362,37.996022,Alces alces,56003281,Cervidae,LC,0,0,13.053529,12.455568,28.351485,1144.988912,33.520297,-10.413677,43.933974,419.436746,135.894913,3.923383,126.735129,305.747874,13.76481,305.747874,13.76481,17.786951,1104.098881,61.894939,-0.61893,36.048936,12.612999,5732.344673,0.51237,14.937276,67.590348,30.104785,2.304867,60.872338,9.37578,112.500009,246.354184,43.067895,76.172715,6.815111,0,0,0,0,0,0,0,0,0,0.00116,0,0.939427,0.059413,0,0,0
161919,115.95214,24.833403,Alces alces,56003281,Cervidae,LC,0,0,19.228489,8.392713,33.290352,625.659896,31.721022,6.51563,25.205392,1617.031451,260.079762,34.698532,58.275769,714.659775,136.625686,574.229664,179.398735,425.243897,1247.958947,29.204259,0.251324,215.638013,148.269626,3320.546004,61.82798,9.284918,37.623253,7.138574,55.238172,36.824795,17.863667,3.532857,361.842879,51.323247,115.207119,7.767709,8.3e-05,0.49053,0,0,0.005128,0,0,0.212886,0.254321,0.005045,8.3e-05,0.008353,0.006947,0.016624,0,0
161918,115.956601,23.946798,Alces alces,56003281,Cervidae,LC,0,0,20.591909,8.471062,36.029253,568.051271,32.226258,8.710542,23.515716,1616.539925,249.921719,30.946988,59.463414,677.580341,121.269116,636.6946,163.392813,303.550247,1230.385458,43.610581,0.247756,235.637723,167.055278,2821.070335,54.624601,9.796171,50.231807,10.844447,38.923746,38.208547,19.623843,2.469247,363.045831,52.257615,117.028646,7.684161,0,0.245446,0,0,0.000414,0,0,0.072458,0.637546,0.001491,0,0.011179,0.013829,0.016479,0,0
84100,115.964616,43.002761,Alces alces,56003281,Cervidae,LC,1,0.606199,1.302039,13.291728,25.508157,1418.429225,25.329258,-26.787111,52.116369,322.958459,90.675822,2.105544,109.445327,219.143234,7.663719,219.143234,7.663719,1296.404851,805.489753,59.846641,-0.592657,23.941207,-131.425376,5829.559527,2.947155,13.847605,40.8218,58.418703,0.759497,65.123024,6.715699,176.21837,189.825808,30.010254,53.399537,5.398023,0,0,0,0,0,0,0,0,0,0.998675,0,0.000414,0,0,0,0.000911
83854,115.977067,40.73628,Alces alces,56003281,Cervidae,LC,0,0,7.082926,12.45759,28.11314,1165.659893,27.957505,-16.331096,44.288601,458.426138,131.394854,1.765395,112.389837,311.058929,7.750949,311.058929,7.750949,970.030184,930.113174,53.749623,-0.504404,37.658809,-47.033866,5602.848153,68.065452,9.335416,47.864627,28.885814,23.249559,66.822728,8.259157,147.106112,215.407408,39.574557,70.930739,6.497573,0,0,0,0.095534,0.000166,0.093214,0,0.007209,0.103074,0.608418,0.001077,0.084265,0.007043,0,0,0
84346,115.984375,45.263431,Alces alces,56003281,Cervidae,LC,1,0.426608,1.821145,13.521079,25.533822,1445.149078,26.733678,-26.270291,53.003968,240.938063,66.734067,2.024619,109.723383,165.057668,6.713316,165.057668,6.713781,967.525798,817.454378,69.169251,-0.684011,17.850355,-142.959546,6266.109729,9.703361,12.584385,47.762824,50.712709,1.524467,56.550047,6.23904,191.220796,174.921514,24.926773,43.967647,4.663256,0,0,0,0,0,0,0,0,0,0.999337,0,0,0.00058,0,0,8.3e-05
83935,116.093703,41.206972,Alces alces,56003281,Cervidae,LC,0,0,4.264048,12.128868,27.061171,1204.648841,25.67437,-19.116878,44.791248,466.604567,126.29394,2.277369,106.299476,305.255623,9.787096,305.255623,9.787096,1432.297969,813.84984,44.988098,-0.420994,37.835728,-88.986111,5346.389978,82.478837,8.904826,49.375251,26.483732,24.141017,66.586999,7.911697,150.286779,212.342208,37.888656,67.609415,6.321199,0,0,0,0.097153,0,0.006124,0,0.00091,0.159302,0.591857,0,0.143165,0,0.00149,0,0
84181,116.0943,43.472732,Alces alces,56003281,Cervidae,LC,1,1,1.016747,13.22034,25.202085,1440.29598,25.217103,-27.242107,52.45921,304.354816,87.025229,1.931763,112.596349,211.449049,6.7655,211.449049,6.7655,1313.66461,800.031656,60.712368,-0.597866,22.959885,-139.673384,5931.033956,12.045167,11.861174,44.092245,51.98651,3.921245,64.741272,6.743881,176.976124,189.141369,29.60893,52.690303,5.333452,0,0,0,0,0,0,0,0,0,0.997433,0,0.000497,0.000248,0,0,0.001822
84673,116.116399,47.950848,Alces alces,56003281,Cervidae,LC,1,0.134878,1.169599,12.807065,23.309751,1563.655836,27.499117,-27.443943,54.94306,198.948384,54.333238,1.754565,109.409891,136.431139,5.673853,136.431139,5.673853,649.398986,793.326892,75.862021,-0.752109,13.665699,-144.711667,6208.073769,7.770115,13.439248,45.407684,52.772307,1.820008,51.635056,6.237709,200.846972,163.742811,25.290519,44.775832,4.618273,0,0,0,0,0,0,0,0,0,0.999834,0,0,0.000166,0,0,0
83192,116.144523,29.798205,Alces alces,56003281,Cervidae,LC,0,0,17.248768,8.017739,24.595744,899.624205,33.637201,1.086109,32.551091,1434.161079,235.643218,41.093789,51.19997,618.061665,160.163145,498.180135,175.888411,40.337592,1107.064356,10.047748,0.250916,158.14667,79.107221,4436.096779,10.207943,12.583935,58.290156,24.227422,17.482422,30.005222,14.149146,22.906781,338.102278,47.810296,99.852924,7.538762,0.000994,0.003066,0,0.00464,0.02668,0,0,0.026266,0.202419,0.020631,0.065043,0.230839,0.064131,0.086171,0,0.001326
83194,116.145852,31.616058,Alces alces,56003281,Cervidae,LC,0,0,15.453335,9.308903,27.430914,892.604027,32.353765,-1.565738,33.919503,1225.685527,202.802647,27.233773,52.865019,521.512267,116.127751,521.512268,116.12775,165.057144,1118.910823,8.009415,0.103484,129.974499,68.618951,4478.225381,31.605725,11.377742,59.760761,16.539813,23.699426,35.180174,13.049424,42.18797,314.0655,42.467446,79.48974,6.843469,8.3e-05,0,0,0.016817,0.056582,0,0,0.419269,0.071659,0.005468,0.01019,0.279761,0.007953,0.123851,0,0.000828
83191,116.155327,28.89442,Alces alces,56003281,Cervidae,LC,0,0,17.836834,7.932925,24.825013,875.418345,34.031963,2.113677,31.918287,1546.145775,279.070542,41.89669,59.192196,721.785834,165.696392,529.169087,200.563561,15.211462,1122.956013,21.707594,0.01619,124.855399,91.643428,4198.445432,1.289785,13.800805,59.585104,24.433948,15.980948,29.859014,14.333459,20.887431,341.028276,49.651706,106.028807,7.719379,0,0,0,0,0,0,0,0,0.051282,0.05641,0.082382,0.387593,0.033581,0.031348,0,8.3e-05
83190,116.171027,27.993619,Alces alces,56003281,Cervidae,LC,0,0,18.136847,8.749326,27.058961,853.247313,34.518583,2.185868,32.332715,1662.244831,303.099447,44.046849,61.624205,795.702453,172.21737,557.107654,217.087597,66.13163,1143.479906,28.026005,0.19924,155.411367,98.624712,4123.230762,10.975907,12.351058,58.741434,16.883777,24.374788,30.398565,15.161478,13.527216,351.081729,52.88431,117.628321,8.092777,0,0.059725,0,8.3e-05,0.002568,0,0,0.033135,0.469765,0.00613,0.003148,0.180417,0.037525,0.192429,0,0
83362,116.194896,36.199231,Alces alces,56003281,Cervidae,LC,0,0,13.646397,11.31976,28.377062,1053.55299,32.243228,-7.618352,39.86158,616.534882,189.778528,6.407787,109.465476,396.923227,22.005384,396.923226,22.005384,58.322489,1136.845629,59.460192,-0.473508,54.616997,34.627103,5510.732032,8.140593,13.696309,64.511574,29.564031,5.924395,52.348576,10.300963,87.013331,268.035803,42.158642,73.039304,6.634239,0,0,0,0,0.000166,0,0,0,0.000414,0.027918,0.001657,0.875404,0.054179,8.3e-05,0,0
83196,116.197252,33.449855,Alces alces,56003281,Cervidae,LC,0,0,15.257115,10.907279,29.236463,969.148323,33.394244,-3.912568,37.306812,780.543143,196.662637,15.092389,80.280859,413.190524,54.459727,413.190524,54.459727,30.496845,1149.323786,44.659747,-0.299149,79.185129,59.738719,4970.145717,0.531608,14.782535,70.359334,22.455749,7.184917,40.413604,12.327314,56.501004,297.173041,42.35358,75.561968,6.702065,0,0,0,0,0,0,0,0,0.004887,0.000248,8.3e-05,0.972335,0.021701,0.000745,0,0
162000,116.210497,25.314142,Alces alces,56003281,Cervidae,LC,0,0,18.414372,8.522624,32.28881,655.408126,31.555081,5.167552,26.387529,1609.702837,257.996768,37.904171,57.475298,718.884083,144.955222,552.337838,187.69124,501.471239,1242.924921,24.688739,0.275558,216.70004,139.710217,3493.564148,60.21511,9.310018,38.44569,7.663408,53.890903,35.290059,17.246316,4.17516,361.257957,53.001858,119.379349,7.942589,0.000331,0.576327,0,0,0.003396,0,0,0.230017,0.15663,0.009028,0,0.005881,0.007455,0.010933,0,0
84263,116.227337,43.942432,Alces alces,56003281,Cervidae,LC,1,1,1.962132,13.385961,25.053917,1466.974546,26.572415,-26.858598,53.431012,278.416768,80.367548,1.967823,113.827458,195.191187,6.317292,195.191187,6.317292,1103.519096,840.797124,65.268735,-0.645353,20.740292,-134.338288,6225.251282,15.331868,11.946482,45.163047,52.992975,1.843978,61.506662,6.0818,184.555908,181.675045,26.011846,45.558547,4.876084,0,0,0,0,0,0,0,0,0,0.979372,0,0.007622,0.012261,0,0,0.000746
83771,116.24657,39.407755,Alces alces,56003281,Cervidae,LC,0,0,12.353145,12.723926,28.851402,1147.209854,33.064401,-11.036359,44.10076,558.695112,217.521495,1.568535,149.388576,450.471293,8.951511,450.471294,8.95151,24.399529,1076.56095,76.736884,-0.464706,50.24899,13.115362,5714.721767,0.976559,14.438242,61.261621,35.382855,3.355523,64.445013,8.780581,133.318805,227.140797,42.156545,75.825142,6.766104,0,0,0,0,0,0,0,0,0.000249,0.013503,0,0.868197,0.118052,0,0,0
84755,116.25965,48.41347,Alces alces,56003281,Cervidae,LC,1,0.995544,0.994305,12.702975,23.225633,1559.700088,27.301886,-27.392146,54.694032,207.960534,56.86792,1.644207,110.726239,143.692035,5.497058,143.692035,5.497058,652.763404,777.979583,73.161966,-0.725045,14.797675,-148.408222,6161.490882,8.348854,12.569949,45.977799,51.971533,2.050668,51.832591,6.314596,201.806876,162.536826,25.611706,45.553122,4.643195,0,0,0,0,0,0,0,0,0,0.999172,0,0,0.000828,0,0,0
83443,116.269895,36.668046,Alces alces,56003281,Cervidae,LC,0,0,13.418187,11.769751,28.569453,1084.239669,32.606177,-8.589695,41.195872,585.080164,188.03808,5.651592,117.084428,395.175854,18.727907,395.175854,18.727907,29.355136,1124.7803,64.1077,-0.516235,49.547368,31.57495,5544.488475,0.586924,14.842169,68.185821,26.430856,5.383323,57.475741,9.997081,100.346266,256.776171,43.600311,76.320536,6.810133,0,0,0,0,0,0,0,0,0,0.005384,8.3e-05,0.939617,0.05475,8.3e-05,0,0
83525,116.35117,37.137425,Alces alces,56003281,Cervidae,LC,0,0,13.338057,11.854128,28.213655,1105.724805,32.766442,-9.248558,42.015,548.590312,180.48194,4.531724,122.649468,383.263225,15.349547,383.263225,15.349546,24.115439,1098.029109,71.807029,-0.530751,47.297613,28.093584,5499.663092,0.645751,14.84247,70.399971,25.540294,4.059735,58.125261,9.938685,101.898599,255.455423,43.611158,76.547012,6.8321,0,0,0,0,0,0,0,0,8.3e-05,0.007043,0.000663,0.959231,0.029251,0,0,0
84345,116.363662,44.411842,Alces alces,56003281,Cervidae,LC,1,1,1.939804,13.284194,24.698403,1484.33813,26.757638,-27.028108,53.785746,266.121776,76.353421,1.978858,112.3687,185.020727,6.209973,185.020727,6.209973,1020.144747,838.527001,66.510868,-0.657177,19.881993,-136.486176,6274.059736,11.318798,12.259277,46.233813,52.515543,1.250643,60.416468,6.102829,185.578373,180.817571,25.601249,44.848645,4.80262,0,0,0,0,0,0,0,0,0,0.996106,0,0.001823,0,0,0,0.002071
84837,116.406032,48.875825,Alces alces,56003281,Cervidae,LC,1,0.930224,0.542379,12.774295,23.426309,1549.457018,26.782028,-27.749571,54.531599,228.31189,62.630153,1.881955,112.903654,159.861122,5.886973,159.861122,5.886973,719.161371,751.502083,68.126223,-0.674495,16.714654,-159.312694,6066.933946,11.405737,12.167314,40.916027,56.746085,2.337888,51.785718,6.501865,206.35527,157.506344,25.9858,46.576482,4.683831,0,0,0,0,0,0,0,0,0,0.999005,0,0,0,0,0,0.000995
83275,116.41108,31.198199,Alces alces,56003281,Cervidae,LC,0,0,14.215144,8.743652,27.154248,848.567822,30.396195,-1.77184,32.168036,1454.911323,232.133234,30.418627,53.843037,621.811949,128.937685,621.811949,129.00047,491.418975,1028.829057,4.713799,0.293254,161.985651,59.832796,4058.066219,80.310207,9.13981,51.902572,11.592431,36.504997,31.728085,13.533645,31.460506,326.646368,45.472258,90.076536,7.21306,0,0,0,0.099577,0.150857,0,0,0.640958,0.046889,0.002485,0.001823,0.008284,0.009278,0.039185,0,0
83273,116.414848,29.383539,Alces alces,56003281,Cervidae,LC,0,0,17.470865,8.457957,25.936002,883.329753,33.930235,1.366992,32.563242,1525.946249,265.714926,40.801105,55.821257,689.533568,161.582957,525.869756,189.124327,55.577206,1122.699434,9.543277,0.296243,171.338644,86.213986,4312.369117,16.992949,11.813244,56.816689,17.029804,26.153507,29.880388,14.18547,22.013635,339.590068,48.891247,103.247209,7.653993,0,0.037573,0,0.026897,0.029215,0,0,0.1157,0.328644,0.015559,0.022511,0.098485,0.004138,0.149797,0,0.000497
83276,116.42409,32.111106,Alces alces,56003281,Cervidae,LC,0,0,15.700363,9.337463,27.026036,923.791758,32.897464,-1.636423,34.533887,1010.594065,183.851272,22.610415,55.085347,438.011075,94.316923,438.011075,94.316923,32.838726,1126.282052,21.638749,-0.135697,99.350154,67.924564,4595.98733,2.66304,13.834149,66.146106,25.645557,8.208337,35.676248,12.886721,44.30046,311.349539,42.155309,78.145605,6.787486,0,0,0,0,0,0,0,0,0.005217,0.010932,0.014493,0.915942,0.002484,0.001325,0,8.3e-05
83277,116.451421,33.02817,Alces alces,56003281,Cervidae,LC,0,0,15.45271,10.617254,28.921303,957.576201,33.34028,-3.366034,36.706314,813.417736,187.767216,17.978452,71.76055,406.406753,64.956675,406.406752,64.956675,25.59222,1135.399165,39.086087,-0.286495,80.707818,61.374481,4833.914215,0.66444,14.714112,68.697561,23.770532,7.531907,39.103565,12.343611,53.889038,299.45549,42.339013,75.715894,6.709715,0,0,0,0,0,0,0,0,0.016243,0.004392,0.008784,0.941659,0.025607,0.001243,0,0
162081,116.472919,24.90721,Alces alces,56003281,Cervidae,LC,0,0,19.43503,8.288232,33.393966,611.917619,31.794784,6.974694,24.82009,1533.253322,243.871503,32.857459,58.075167,676.887471,127.781557,548.088985,167.739503,409.358446,1261.775659,29.441534,0.243044,220.233529,156.282564,3303.361577,61.476082,9.281233,38.439939,8.825695,52.734366,35.745472,18.369316,3.127797,362.492778,53.812568,120.980083,7.928141,8.3e-05,0.498841,0,0,0.000248,0,0,0.261262,0.183339,0.010268,0.004803,0.014078,0.01416,0.012339,0,0
162080,116.474383,24.021429,Alces alces,56003281,Cervidae,LC,0,0,20.003957,8.154018,35.764897,563.534643,31.426733,8.624547,22.802186,1566.90429,247.863037,30.292475,60.621631,661.579928,111.647452,610.153965,149.336244,369.53768,1182.895923,42.307229,0.265308,239.929092,162.538279,2740.63685,80.867013,8.858748,43.499613,10.25456,46.245827,37.83645,19.485221,2.435917,363.134641,52.496862,117.741529,7.708354,0,0.27891,0,0,0.000331,0,0,0.363403,0.34228,0.005716,0.000414,0.000249,0.003479,0.000994,0,8.3e-05
162079,116.474806,23.136603,Alces alces,56003281,Cervidae,LC,0,0,21.672616,6.58613,31.830074,537.158346,31.961627,11.279626,20.682001,1569.736777,270.443779,31.834066,68.666098,753.190053,101.335453,652.981033,128.479747,38.344682,1097.007677,34.688869,0.281512,263.278811,168.026794,2294.796971,24.52719,11.0156,57.345173,26.862485,15.792342,40.181871,22.297727,0.464073,364.772972,54.242568,122.030435,7.645734,0,0.005635,0,0,0,0,0,0.000249,0.284057,0.044332,0.026516,0.049553,0.214203,0.054441,0,0.001326
83278,116.497496,33.949689,Alces alces,56003281,Cervidae,LC,0,0,14.99468,10.948541,28.966995,988.801082,33.246428,-4.549061,37.795489,719.318507,193.452338,14.549092,89.088801,409.092527,49.356171,409.092526,49.356171,34.139837,1150.125468,45.215252,-0.341441,73.589151,55.19185,5071.742902,0.743086,14.662692,68.263642,24.403335,7.333023,45.572032,11.749748,69.162227,284.549941,42.383888,73.82921,6.651034,0,0,0,0,0,0,0,0,0.015163,0.00174,0.000829,0.927334,0.053774,0.000663,0,0.000249
84426,116.503217,44.880942,Alces alces,56003281,Cervidae,LC,1,1,1.767265,13.562822,24.697295,1514.259968,27.281634,-27.636869,54.918503,249.991907,71.63892,2,111.001611,172.28592,6.469468,172.28592,6.469468,918.183186,835.963717,68.315184,-0.675858,18.618018,-140.409148,6332.666929,7.429169,12.923604,43.220524,55.638203,1.141272,58.211177,6.403298,187.856382,178.171336,26.021864,45.64444,4.793059,0,0,0,0,0,0,0,0,0,0.998674,0,0,0.000663,0,0,0.000663
83688,116.531371,38.077394,Alces alces,56003281,Cervidae,LC,0,0,13.011795,12.298136,28.071816,1143.127366,33.369009,-10.440294,43.809303,450.27347,153.82408,3.35835,131.153126,333.842958,12.549206,333.842958,12.549206,12.115959,1086.602239,67.946579,-0.545029,43.579164,15.840815,5622.896187,0.563106,14.882983,66.216003,30.831928,2.952068,60.577512,9.477741,111.800478,246.432987,41.997171,74.446765,6.74563,0,0,0,0,0,0,0,0,0,0.001243,8.3e-05,0.955765,0.042826,0,0,0
84918,116.555641,49.337924,Alces alces,56003281,Cervidae,LC,1,0.764674,-0.350382,13.182143,23.617472,1575.334583,26.207965,-29.616269,55.824234,252.698027,73.349988,1.401132,117.361103,180.835676,5.227002,180.835676,5.271902,739.241069,732.536996,63.182604,-0.623052,18.298321,-174.185027,6028.406242,10.457984,11.970768,42.282825,52.202039,5.515136,52.341331,6.495415,207.037877,156.690093,26.018519,46.710177,4.671945,0,0,0,0,0,0,0,0,0,0.999254,0,0,0,0,0,0.000746
83279,116.567971,34.875887,Alces alces,56003281,Cervidae,LC,0,0,14.455559,10.94135,28.462836,1010.113398,32.624842,-5.792601,38.417443,681.315403,190.760151,10.725185,97.590335,410.423684,36.878919,410.423683,36.878919,37.167212,1158.530015,48.819891,-0.383184,67.068466,48.004653,5301.551031,0.561269,14.73045,65.121584,25.414848,9.463569,47.998905,11.39691,76.781268,277.178696,41.810467,72.234503,6.583484,0,0,0,0,0,0,0,0,0.009939,0.011512,0.036442,0.898294,0.039838,0.00058,0,0
84262,116.598581,43.08786,Alces alces,56003281,Cervidae,LC,1,0.506279,1.242086,13.00277,25.272637,1400.797115,25.120093,-26.298852,51.418945,346.52841,98.861741,2.237043,110.646294,236.645923,8.631484,236.645923,8.631484,1313.216215,795.206264,55.488742,-0.550035,26.620321,-127.646078,5727.952105,5.788594,13.201826,39.818443,58.970869,1.210687,65.729926,6.954175,175.512474,190.31511,30.914105,55.123055,5.505359,0,0,0,0,0,0,0,0,0,0.941596,0.000994,0.000331,0,0,0,0.004142
83770,116.629766,38.547771,Alces alces,56003281,Cervidae,LC,0,0,12.851376,12.370274,28.205891,1147.347344,33.393027,-10.46353,43.856557,474.628879,168.373612,3.025701,135.719504,360.031486,13.610506,360.031486,13.610506,7.752065,1075.466946,76.615204,-0.527881,44.733377,14.798525,5597.158306,0.541691,14.84544,47.756182,50.093692,2.150126,61.204457,9.429775,114.605747,243.781965,42.305878,75.251039,6.775737,0,0,0,0,0,0,0,0,0,0.004806,0,0.966112,0.029083,0,0,0
84508,116.645956,45.349719,Alces alces,56003281,Cervidae,LC,1,1,1.459008,13.578126,24.729989,1513.115974,27.044777,-27.869669,54.914446,244.393588,68.242449,2.000466,108.335563,166.072968,7.073286,166.072968,7.073286,925.811947,815.871881,68.629792,-0.678206,17.871683,-150.838304,6310.571842,13.781748,12.357164,49.936879,48.437864,1.625257,56.168265,6.39557,191.020339,174.945347,25.549528,44.966731,4.717165,0,0,0,0,0,0,0,0,0,0.98998,0,0,0.001408,0,0,0.008115
83355,116.677637,29.873024,Alces alces,56003281,Cervidae,LC,0,0,16.964463,8.505705,26.044429,889.17254,33.559429,0.92293,32.636499,1529.401848,272.195365,38.643963,54.107987,668.150753,156.792664,554.671037,173.959949,93.002167,1101.29298,9.272796,0.266209,161.326185,80.519322,4278.64965,27.543759,11.107088,50.726717,16.441713,32.83157,30.09974,13.941246,24.871074,336.226728,48.275135,99.599111,7.569499,8.3e-05,0.02724,0,0.04976,0.097367,0,0,0.290445,0.17892,0.017304,0.025087,0.134128,0.014075,0.07998,0,0.000994
83442,116.689926,35.809599,Alces alces,56003281,Cervidae,LC,0,0,13.77284,11.568445,29.053648,1041.954527,32.432589,-7.381232,39.813821,679.804248,209.436344,7.153352,108.193586,432.864618,24.706519,432.864618,24.706519,69.404637,1162.308766,58.156933,-0.435651,59.914399,42.207713,5514.389326,5.838395,13.296093,68.687163,26.079786,5.233051,51.221306,10.571388,84.959934,269.495961,41.752566,72.275922,6.604365,0,0,0,0,0,0,0.000166,0,0.001491,0.01251,0.000331,0.932974,0.051284,0.000249,8.3e-05,0.000414
85000,116.708579,49.799779,Alces alces,56003281,Cervidae,LC,1,0.684734,-0.916806,13.464253,23.789215,1586.9028,25.822168,-30.779178,56.601346,277.65168,84.028114,1.487121,119.507894,199.465733,5.345766,199.465733,5.868567,716.030602,722.713813,60.006215,-0.590316,19.069992,-186.819001,6032.525327,11.110946,11.980654,41.301714,54.061644,4.636642,52.659607,6.45579,208.224358,155.453721,25.772438,46.399716,4.60939,0,0,0,0,0,0,0,0,0,0.992711,0,0,0.003727,0,0.002236,0.001242
83351,116.731761,26.273255,Alces alces,56003281,Cervidae,LC,0,0,17.814643,8.649239,30.838298,707.042954,31.879618,3.84691,28.032708,1676.944974,281.480941,41.467775,59.678812,783.859176,160.58242,552.672613,204.418881,508.442503,1237.608494,18.129237,0.298787,209.593511,124.848545,3872.14151,52.510985,9.589961,39.801728,10.710548,49.487725,32.110892,15.913321,8.442656,357.051333,53.499059,120.434681,8.064162,0.000829,0.369691,0,8.3e-05,0.038736,0,8.3e-05,0.427173,0.114134,0.017004,8.3e-05,0.020654,0.00564,0.005889,0,0
162163,116.733307,25.38613,Alces alces,56003281,Cervidae,LC,0,0,17.303821,8.435215,33.53383,611.832769,29.983981,4.821239,25.162741,1619.996125,259.157729,36.443456,57.782593,717.7589,139.852251,574.204123,179.752306,732.452158,1198.3753,24.265634,0.324368,235.554687,136.509439,3295.291093,81.08583,8.78366,36.785438,8.755339,54.459223,35.043573,18.220488,3.423679,362.312578,54.144642,122.17075,7.994925,0.001823,0.632508,0,0,0.028332,0,0,0.20048,0.123353,0.002817,0,0.003479,0.006213,0.000994,0,0
83852,116.733373,39.018285,Alces alces,56003281,Cervidae,LC,0,0,12.607119,12.378281,28.441284,1142.615315,32.957153,-10.556765,43.513919,515.163604,192.169921,2.418757,141.410649,400.014971,12.5269,400.014971,12.527157,6.030633,1050.913734,76.806382,-0.514852,45.394696,13.323422,5502.628718,0.675127,14.73706,50.29086,46.220607,3.488533,63.507534,8.77928,129.307963,230.320993,41.521451,74.408215,6.704393,0,0,0,0,0,0,0,0,0,0.036862,0.000828,0.847001,0.114314,0,0,0
162162,116.733799,24.500174,Alces alces,56003281,Cervidae,LC,0,0,19.764633,8.361648,35.196931,583.321763,31.654295,7.888296,23.765999,1484.200551,234.378619,30.086156,58.848612,638.425702,113.771672,556.300547,151.316531,381.019757,1211.226561,36.706944,0.250945,230.155907,160.552865,2993.303437,68.765477,9.064861,42.04603,7.328652,50.625318,36.104095,18.638374,2.783651,362.819055,53.870994,121.13523,7.908323,0,0.38928,0,0,0.000331,0,0,0.37909,0.216138,0.002982,0.000828,0.000746,0.006213,0.00232,0,0
84344,116.733888,43.557448,Alces alces,56003281,Cervidae,LC,1,1,0.867727,13.454685,25.086997,1465.293952,25.548401,-28.075695,53.624096,328.042349,94.848011,2.022556,112.532788,227.154202,7.310262,227.154202,7.310262,1265.388615,799.681784,57.153062,-0.565619,25.404238,-130.593069,5844.422139,12.907076,11.912463,50.167862,43.511946,6.320191,64.987771,6.911377,176.561547,189.419643,30.177366,53.774389,5.400395,0,0,0,0,0,0,0,0,0,0.980527,0.000249,0.001906,0.001823,0,0,0.003812
84590,116.791838,45.818158,Alces alces,56003281,Cervidae,LC,1,0.983278,0.65054,13.834941,25.273065,1502.261095,26.430388,-28.312506,54.742894,247.378673,67.638079,2.009949,106.136574,165.723284,7.633419,165.723284,7.633419,1003.578152,787.063885,67.34612,-0.66296,18.042104,-160.660597,6194.809183,16.172717,11.995515,49.545609,48.490195,1.964196,55.852723,6.400489,191.667868,173.947993,25.656518,45.090058,4.72864,0,0,0,0,0,0,0,0,0,0.999503,0,0,0.000497,0,0,0
83360,116.806537,34.450247,Alces alces,56003281,Cervidae,LC,0,0,14.633841,10.95382,28.635152,1007.704676,32.938961,-5.311991,38.250953,683.870645,188.558259,12.489125,95.002961,409.18564,43.312308,409.185639,43.312308,39.832066,1142.80441,46.268532,-0.338917,72.419619,49.687065,5139.364766,0.711762,14.634683,67.616833,24.230054,8.153113,46.947402,11.473521,74.893185,278.564538,41.835042,72.301867,6.584704,0,0,0,0,0,0,0,0,0.01507,0.000331,0,0.932682,0.034446,0.016892,0,0
84836,116.822382,48.042627,Alces alces,56003281,Cervidae,LC,1,0.988379,0.956631,12.789002,22.866894,1599.803623,27.649641,-28.276827,55.926468,216.437481,60.395319,1.914509,113.298073,150.635689,5.905603,150.635689,5.905603,589.75224,784.073042,71.600314,-0.70817,15.535688,-157.846616,6236.28541,5.818224,13.693028,49.490345,48.984799,1.524856,50.754209,6.179358,200.804298,163.5017,25.239474,44.477414,4.588262,0,0,0,0,0,0,0,0,0,0.997019,0,0,0,0,0,0.002981
84179,116.833393,41.76047,Alces alces,56003281,Cervidae,LC,0,0,4.562995,12.82908,27.625528,1229.021043,26.644241,-19.79451,46.438751,441.890565,126.520216,1.473039,113.363451,303.52742,7.426419,303.52742,7.426419,1237.208306,827.629257,46.860988,-0.458498,35.158942,-94.692833,5492.07207,58.80567,9.452642,52.889038,30.91534,16.195622,65.802117,7.250262,163.835516,199.749706,34.31528,61.074262,5.906272,0,0,0,0.045718,0,0,0,0.000911,0.149826,0.762465,0,0.040832,0.000248,0,0,0
83606,116.840564,36.746665,Alces alces,56003281,Cervidae,LC,0,0,13.540352,11.137729,27.565388,1075.576763,32.216435,-8.151598,40.368033,655.196878,210.849711,4.532809,117.061152,440.552211,17.5501,440.552211,17.5501,52.542631,1119.466065,66.049299,-0.507459,50.895677,32.463378,5519.954831,7.411662,13.764802,61.737295,31.551397,6.711308,57.130299,10.031642,99.681577,256.79816,42.852471,75.02765,6.764951,0,0,0,0,0.000663,0,0,8.3e-05,0.007291,0.036785,0.002734,0.767191,0.177465,0,0,0.000166
84425,116.872668,44.026729,Alces alces,56003281,Cervidae,LC,1,1,0.618767,13.559451,25.248976,1469.191015,25.355055,-28.345272,53.700327,313.686578,91.363388,2.110154,112.617937,217.473526,7.397278,217.473526,7.397278,1257.377454,789.409505,57.594923,-0.566559,24.768696,-137.099227,5883.706502,16.297191,11.584431,50.836435,39.116027,10.047538,61.444047,6.233954,184.258861,181.867986,26.510427,46.492191,4.929186,0,0,0,0,0,0,0,0,0,0.998923,0,0.000911,0.000166,0,0,0
83687,116.925735,37.216069,Alces alces,56003281,Cervidae,LC,0,0,13.33005,11.898945,28.289132,1103.728407,32.92839,-9.131703,42.060092,549.919091,181.330804,3.324073,124.014333,389.218712,13.265474,389.218712,13.265474,17.742131,1115.93582,69.085085,-0.54966,45.888689,28.874002,5594.497626,0.561932,14.848111,71.358196,23.844881,4.796923,57.725394,9.740249,100.860665,254.496546,41.711524,72.956465,6.70044,0,0,0,0,0,0,0,0,8.3e-05,0.001988,8.3e-05,0.973163,0.024683,0,0,0
84671,116.933468,46.281331,Alces alces,56003281,Cervidae,LC,1,0.815225,0.373903,13.714892,24.653395,1546.286323,26.618832,-29.015499,55.634331,241.290032,66.481807,2.008937,107.789743,162.7798,7.419008,162.7798,7.419008,915.530669,784.217834,68.452198,-0.67324,17.349337,-162.100752,6210.464694,10.611017,12.67486,54.133687,42.938998,2.927315,54.946744,6.392932,193.624134,171.385567,25.586737,44.824611,4.684901,0,0,0,0,0,0,0,0,0,0.999834,0,0,0,0,0,0.000166
83435,116.946504,29.456984,Alces alces,56003281,Cervidae,LC,0,0,17.17028,8.663127,26.694761,870.679974,33.61534,1.195512,32.419827,1613.449258,292.062228,40.245081,57.339734,735.340808,161.509027,565.644712,193.113198,120.403507,1142.934782,11.327849,0.311134,177.320708,88.983615,4250.619534,32.081849,10.889693,46.367913,13.94159,39.690497,29.935694,14.025901,24.032568,337.595864,49.105557,102.323552,7.661935,0.014654,0.224605,0,0.002566,0.074592,0,0,0.231311,0.196871,0.028645,0.004719,0.103899,0.005547,0.104479,0,0
83437,116.949869,31.272343,Alces alces,56003281,Cervidae,LC,0,0,15.812359,9.061716,27.620817,883.120631,32.650432,-0.144774,32.795206,1355.816629,243.481785,25.807906,56.005291,578.248155,109.753881,578.248155,109.753881,120.521154,1078.549243,9.966938,0.162793,142.165817,78.849224,4221.162,28.570324,11.381177,60.311581,17.072921,22.615498,32.900173,13.440975,36.717513,321.199783,44.695027,87.084983,7.138326,0,0,0,0.007785,0.061868,0,0,0.241511,0.125145,0.001242,0.005052,0.337005,0.017724,0.18867,0,0
83434,116.955066,28.554233,Alces alces,56003281,Cervidae,LC,0,0,18.026503,8.760088,27.403559,842.217568,34.050604,2.085705,31.964899,1735.76069,321.558316,48.522849,61.456665,829.73126,181.782592,579.542304,233.833511,76.952219,1165.061438,16.842368,0.306767,182.644597,100.944775,4145.95095,17.887521,11.518926,55.083407,15.308728,29.607865,30.076222,15.16294,16.540263,347.838137,52.405408,116.097775,8.086856,0,0.097317,0,0,0.00323,0,0,0.038098,0.601458,0.01027,0.00265,0.127961,0.010022,0.101375,0,0
84015,116.955389,39.959417,Alces alces,56003281,Cervidae,LC,0,0,11.642214,12.377836,28.175498,1149.746036,32.28764,-11.642082,43.929721,539.426304,203.129368,2.809646,139.962746,414.672414,11.449947,414.672415,11.449947,30.461863,1055.686505,74.919003,-0.481681,47.115463,8.048713,5655.863468,4.282078,13.818308,58.89462,35.094322,6.011058,66.478198,9.469495,134.858363,227.082383,41.747576,75.845263,6.792813,0,0,0,0.000663,0,0,0,0.001077,0.002734,0.05973,0.000331,0.743103,0.192362,0,0,0
84917,116.972675,48.504746,Alces alces,56003281,Cervidae,LC,1,1,0.78007,12.460324,22.49727,1592.656033,27.09714,-28.283208,55.380349,230.281132,65.677824,1.816007,115.175105,161.876628,5.791401,161.876628,5.791401,594.535672,769.267832,67.794163,-0.671088,17.123556,-163.78359,6158.703768,6.18412,13.427295,49.770566,48.635932,1.593502,51.337953,6.314744,201.891232,162.185456,25.674444,45.552786,4.623553,0,0,0,0,0,0,0,0,0,0.949656,0.006955,0.000662,0.002981,0,0,0.002401
162243,116.994679,24.978099,Alces alces,56003281,Cervidae,LC,0,0,18.233388,8.5793,35.358736,579.738132,30.46574,6.199623,24.266117,1535.139538,245.467282,32.022179,58.554148,668.520026,122.066162,571.920142,160.490246,661.369115,1187.488082,30.713239,0.314743,243.576388,148.562016,3054.235857,88.07105,8.744892,38.416644,9.516837,52.066519,35.470758,18.474741,2.64338,363.046888,53.909634,121.979003,8.030459,0.004309,0.485333,0,0,0.025688,0,0,0.301707,0.138548,0.00406,8.3e-05,0.001989,0.03762,0.000663,0,0
162244,116.995197,25.864327,Alces alces,56003281,Cervidae,LC,0,0,17.926051,8.379778,32.116247,646.221158,31.119665,5.041205,26.07846,1608.077236,264.604445,38.72862,58.46244,733.759488,148.680335,546.99895,188.412229,596.466356,1231.711329,21.061733,0.290449,218.52472,134.272919,3651.430353,82.221914,8.769712,38.123327,10.607383,51.26929,34.185716,17.021897,5.427691,360.406128,54.028366,121.890497,8.073915,0.011102,0.548964,0,0,0.060398,0,0,0.271251,0.072659,0.011433,0.005054,0.010853,0.007125,0.00116,0,0
84507,117.014859,44.495684,Alces alces,56003281,Cervidae,LC,1,1,1.363075,13.644007,25.363041,1468.954956,26.171563,-27.623854,53.795417,289.200738,84.114555,2.098103,111.380895,199.36603,7.597011,199.36603,7.597011,1059.866305,810.086783,61.79346,-0.60856,22.521203,-137.173148,6069.547439,8.993841,12.479838,44.437271,53.514648,2.048081,58.681935,6.529399,186.9688,178.944376,26.670628,46.815122,4.87499,0,0,0,0,0,0,0,0,0,0.998757,0,0,0.000828,0,0,0.000414
83769,117.017049,37.685878,Alces alces,56003281,Cervidae,LC,0,0,13.079899,12.162891,28.350135,1121.954738,33.091615,-9.810051,42.901666,507.394221,172.871809,3.807791,128.113849,368.081855,13.233623,368.081856,13.233623,13.235601,1102.761148,73.245592,-0.517254,48.013134,22.886554,5613.948453,0.562151,14.844134,71.505498,24.129864,4.364638,58.342205,9.77953,102.059103,253.608758,41.342256,72.591162,6.696018,0,0,0,0,0,0,0,0,8.3e-05,0.005053,0.000166,0.967945,0.026423,0.000331,0,0
83440,117.049477,34.024965,Alces alces,56003281,Cervidae,LC,0,0,14.95969,10.710404,28.445537,993.276558,33.050762,-4.597294,37.648056,687.081168,183.462054,15.676016,90.635762,401.816506,53.548806,401.816505,53.552364,48.108268,1128.034613,48.112147,-0.364242,70.117951,51.774535,4983.861574,10.915826,12.978516,62.695161,29.410951,7.893888,44.919145,11.828923,68.260969,285.814016,42.588177,74.517107,6.691936,0,0,0,0.000414,0.00058,0,0,0,0.080248,0.005466,0.000911,0.713954,0.174741,0.018716,0,8.3e-05
84999,117.126251,48.966585,Alces alces,56003281,Cervidae,LC,1,1,0.270046,11.326989,21.334536,1529.720188,25.547452,-27.356318,52.903771,249.05253,73.516324,1.582539,118.098918,177.936663,5.099684,177.936663,5.176418,591.244472,758.07664,64.353405,-0.636903,18.171579,-173.728241,6160.924946,6.221669,13.694757,45.560851,52.925073,1.514076,50.767814,6.665798,205.762651,157.704477,26.615017,48.073077,4.719429,0,0,0,0,0,0,0,0,0,0.568176,0.004802,0.000745,0,0,0,0.014322
84589,117.160404,44.964295,Alces alces,56003281,Cervidae,LC,1,1,1.342083,13.688561,25.151905,1490.75192,26.545952,-27.878349,54.4243,271.807405,78.851084,2.019001,111.247546,187.702212,7.193142,187.702212,7.193142,992.218724,807.726612,63.798179,-0.627463,20.924701,-145.305593,6167.610509,11.589129,12.32473,44.953391,53.58054,1.466069,56.363982,6.520951,188.42351,178.102025,25.96113,45.454199,4.735752,0,0,0,0,0,0,0,0,0,0.999337,0,0,0.000663,0,0,0
83523,117.185851,35.417978,Alces alces,56003281,Cervidae,LC,0,0,13.726795,11.188905,28.798948,1019.580306,32.099094,-6.747732,38.846826,715.674688,215.186547,9.531197,104.805869,452.659297,33.349378,452.659297,33.349378,147.996068,1159.457326,55.106071,-0.391569,64.896004,43.654226,5438.412898,18.546523,11.902774,63.565114,32.838458,3.596428,48.527463,11.561314,79.46345,274.603721,41.602758,72.077469,6.600262,0,0,0,0.000166,0,0,0,0,0.000911,0.021694,0.00356,0.913058,0.059452,0,0,0.000166
84178,117.195929,40.900244,Alces alces,56003281,Cervidae,LC,0,0,8.270331,12.521555,27.815077,1183.947429,29.260739,-15.74609,45.006829,493.244072,155.607246,1.837101,124.410807,356.886574,7.124094,356.886574,7.124094,607.368879,979.040629,66.195912,-0.457669,42.689428,-32.911869,5700.186933,56.371736,9.439987,51.810909,26.483086,21.706005,66.998951,8.421243,145.039887,217.106107,38.958461,69.845387,6.463294,0,0,0,0.100439,0.000331,0.003149,0,0.007044,0.459269,0.27455,8.3e-05,0.152896,0.002238,0,0,0
83517,117.211236,29.945431,Alces alces,56003281,Cervidae,LC,0,0,15.981566,8.058148,25.504226,865.422233,32.168644,0.618203,31.550441,1636.091686,298.709157,38.205131,55.75513,716.588366,156.136207,607.539473,177.247419,286.304035,1057.833085,7.299342,0.33326,174.961252,72.846794,4029.696384,74.153604,9.129772,35.027147,10.613911,54.358941,29.992675,13.58113,24.316993,337.745261,48.48422,99.698672,7.666772,0.036973,0.124596,0,0.099229,0.330017,0,0,0.363674,0.026527,0.000497,0,0.004228,0.002736,0.011523,0,0
83515,117.224634,28.139551,Alces alces,56003281,Cervidae,LC,0,0,17.851936,8.460711,27.399744,808.432294,33.290664,2.426618,30.864046,1815.167477,332.101778,50.556868,62.163231,875.533976,184.617613,593.469528,245.939049,213.052181,1156.863655,15.470337,0.365568,204.838175,104.113174,3981.924183,48.497679,10.377718,44.767421,14.459746,40.772833,29.226913,15.523071,13.257554,352.901201,54.598662,123.600321,8.27473,0.00431,0.221946,0,0.000497,0.094978,0,0,0.23761,0.326537,0.009199,0.000332,0.039615,0.038372,0.022294,0,0
84424,117.233985,43.169743,Alces alces,56003281,Cervidae,LC,1,0.168013,1.577844,13.012757,25.390511,1393.835867,25.373382,-25.898208,51.27159,371.133991,107.697971,2.616056,111.265298,253.707894,9.78671,253.707894,9.78671,1285.292781,793.608664,51.401744,-0.510264,29.671965,-116.772468,5620.516514,28.892168,11.146259,43.892414,51.957798,4.149788,65.255639,7.151914,170.151547,193.721641,32.814379,58.322144,5.714005,0,0,0,0.005301,0,0,0,0.001988,0.001491,0.978216,0.002071,0.002899,0.000828,0,0,0.002071
83514,117.237555,27.240826,Alces alces,56003281,Cervidae,LC,0,0,17.112953,8.484807,29.233568,741.695021,31.616571,2.644725,28.971846,1821.991548,323.950337,47.509146,61.971222,875.982149,178.545905,597.390407,231.010975,522.599062,1161.224472,12.128981,0.378286,221.819449,111.640251,3751.350468,73.574162,9.001487,37.636275,10.725669,51.638056,28.994314,16.011221,12.623529,354.857699,56.950114,131.790035,8.57467,0.003645,0.298094,0,0.000249,0.089561,0,0,0.541425,0.042833,0.01599,0,0.002983,0.00522,0,0,0
83520,117.253221,32.680214,Alces alces,56003281,Cervidae,LC,0,0,15.538282,9.907662,27.791561,942.351043,33.140217,-2.501885,35.642102,872.955076,188.351154,23.77396,66.586422,427.01938,80.962665,427.019381,80.962665,45.752979,1113.013241,33.199474,-0.24119,83.891138,56.385392,4744.875793,6.620939,13.082337,65.982725,24.237592,9.779683,35.617603,12.050064,47.135877,305.395165,41.955791,75.142639,6.686166,0,0,0,0.00911,0,0,0,0.003064,0.038923,0.022443,0.007122,0.758178,0.104596,0.020455,0,8.3e-05
83605,117.253964,35.885425,Alces alces,56003281,Cervidae,LC,0,0,13.437487,11.279293,28.537779,1039.998717,31.935292,-7.583348,39.51864,722.224859,226.206825,7.43071,109.383031,464.512893,26.877667,464.512893,26.877667,159.445705,1149.863434,59.82143,-0.387594,64.390195,39.070223,5489.37937,16.059156,12.089902,61.980314,32.918537,5.101149,48.571214,11.006412,78.959795,274.086927,42.033222,72.414874,6.603918,0,0,0,0.000828,0.002982,0,0,0.000331,0.002319,0.034785,0.00058,0.908315,0.049362,0.000166,0,8.3e-05
162324,117.25453,24.569961,Alces alces,56003281,Cervidae,LC,0,0,19.405535,8.438938,35.557677,576.335354,31.372736,7.627681,23.745054,1406.419816,224.55783,29.225861,59.430732,600.340643,105.102929,511.476745,142.718587,428.584659,1134.479141,37.513458,0.298406,242.387771,153.816234,2829.117149,83.579801,8.829227,47.008966,8.615214,44.37582,35.731132,18.640323,2.409895,363.24252,53.893362,121.745304,7.986286,0,0.278307,0,0,8.3e-05,0,8.3e-05,0.412988,0.227367,0.001822,0.000248,0.006295,0.008034,0.064524,0,0
162325,117.257037,25.455301,Alces alces,56003281,Cervidae,LC,0,0,18.061013,8.4725,33.981812,603.734677,30.682998,5.764621,24.918377,1522.313979,246.880352,34.278446,57.995298,677.687896,131.877826,542.26949,168.88475,636.158607,1201.816378,24.417843,0.293004,229.422215,142.607919,3333.49821,93.937449,8.542194,37.863057,10.120857,52.016087,34.802004,18.294262,3.061797,362.733306,54.23461,122.846955,8.056819,0.003893,0.584527,0,0,0.041083,0,0,0.286507,0.069411,0.004307,0.000166,0.000414,0.009194,0.000497,0,0
85081,117.283214,49.428154,Alces alces,56003281,Cervidae,LC,1,1,-0.258308,12.709956,23.157899,1554.932643,25.691592,-29.175315,54.866907,282.967687,85.772328,1.523301,119.731,203.896816,5.441753,203.896816,5.473183,710.631109,729.402672,58.616117,-0.5776,19.780505,-190.870329,6090.829206,15.412697,11.893851,39.617804,56.248843,4.133354,51.698416,6.604312,207.262099,156.027697,26.316947,47.370744,4.645083,0,0,0,0,0,0,0,0,0,0.94971,0.001988,8.3e-05,0.010936,0,0,0.003148
83521,117.296193,33.600031,Alces alces,56003281,Cervidae,LC,0,0,15.26215,10.856366,28.898466,984.730782,33.571567,-3.994574,37.566141,707.366222,183.283649,18.346109,86.041162,401.475715,61.277399,401.475715,61.277399,23.818011,1128.01703,47.713603,-0.3881,68.28311,56.513292,4891.080193,1.092556,14.557894,68.325857,22.737406,8.936737,40.305582,12.171425,56.921639,295.991954,41.967272,74.286891,6.679334,0,0,0,0,0,0,8.3e-05,0,0.013244,0.001324,0.000662,0.93378,0.047678,0.002235,0,0
84670,117.309259,45.432548,Alces alces,56003281,Cervidae,LC,1,1,1.452426,13.698171,25.0216,1495.675914,27.012681,-27.738441,54.751122,263.874123,74.438046,2.118301,107.302906,177.420813,7.710252,177.420813,7.710252,890.799363,816.698127,66.498564,-0.655586,19.066328,-150.596567,6308.61048,9.746869,12.668158,49.712178,48.670902,1.61692,57.0932,6.542344,188.433876,177.522275,26.297543,46.044449,4.79319,0,0,0,0,0,0,0,0,0,0.951628,0.011099,0,0.002402,0,8.3e-05,0.019216
84260,117.322751,41.370406,Alces alces,56003281,Cervidae,LC,0,0,6.726237,12.660302,27.747735,1205.257454,28.245629,-17.370964,45.616593,467.236936,140.587883,1.111372,119.852408,331.763924,6.083625,331.763924,6.083625,869.190748,917.690019,52.743774,-0.460853,39.305098,-57.883455,5637.055279,59.167652,9.387152,54.513727,25.279469,20.206804,66.379677,7.831509,154.255452,208.195726,36.261414,64.714495,6.160442,0,0,0,0.087396,0.001407,0.008855,0,0.007697,0.408922,0.352975,0,0.131755,0.000993,0,0,0
84506,117.374963,43.638898,Alces alces,56003281,Cervidae,LC,1,0.750993,0.034647,13.07032,25.522378,1395.432501,23.823245,-27.415346,51.23859,376.761244,108.668659,2.842361,110.416413,256.816942,9.884843,256.816942,9.884843,1472.86771,745.700107,47.013323,-0.458602,30.681699,-133.283426,5501.682124,40.851665,10.307357,58.510672,27.045257,14.444071,63.87218,6.75585,179.00352,186.976242,28.79614,51.028975,5.246193,0,0,0.000331,0.044468,0.000994,0,0,0.025174,0.019874,0.859391,0,0.049685,0,8.3e-05,0,0
84096,117.438372,39.56707,Alces alces,56003281,Cervidae,LC,0,0,11.586706,11.766774,27.517261,1131.386073,31.729075,-11.018048,42.747123,560.382735,199.315932,3.556456,135.287357,422.545859,13.243458,422.545859,13.243458,4.503178,1034.954473,73.419523,-0.453889,49.510032,7.694781,5463.834152,0.631421,14.729318,53.709896,37.552651,8.737453,65.783705,9.430699,132.041507,229.065363,41.572413,75.310665,6.768884,0,0,0,0,0,0,0,0,0.000745,0.066507,0.023025,0.856137,0.038098,0,0,0
84752,117.461385,45.900428,Alces alces,56003281,Cervidae,LC,1,1,0.484578,13.985954,25.227188,1518.489645,26.633732,-28.808028,55.44176,266.594498,76.251172,2.182944,108.296143,180.240424,8.211148,180.240424,8.211148,983.121295,786.111992,64.57364,-0.634282,19.394315,-161.65187,6186.625129,12.070946,12.270955,58.21744,39.859548,1.923012,56.77021,6.643606,190.442724,174.764761,26.361229,46.382924,4.81836,0,0,0,0,0,0,0,0,0,0.999503,0,0,0.000331,0,0,0.000166
83600,117.489143,31.344021,Alces alces,56003281,Cervidae,LC,0,0,16.058803,8.326471,25.342209,906.904937,32.691633,-0.058696,32.750329,1255.158794,221.327666,27.231247,53.981785,528.178187,111.672998,528.178188,111.672998,22.5746,1078.118089,7.304008,0.055938,121.765053,70.874469,4332.493617,8.278131,12.731277,62.851937,19.492045,17.656018,34.04649,13.03821,40.514255,315.800453,44.652858,85.220977,7.061145,0,0,0,0,0.006213,0,0,0.001657,0.174702,0.018887,0.019798,0.442429,0.011514,0.161696,0,0
83596,117.493649,27.724823,Alces alces,56003281,Cervidae,LC,0,0,15.607474,7.904112,27.87867,735.706046,29.858276,1.570361,28.287916,1925.624296,339.347603,48.531585,60.621253,908.876069,185.134819,640.783193,239.693077,737.994731,1063.445739,7.250779,0.468411,247.198328,95.735812,3445.427006,113.741052,8.34965,31.707817,9.227825,59.064358,28.501471,16.192746,13.489179,354.767712,58.294883,136.304656,8.767327,0.079006,0.474369,0,0.000331,0.178634,0,0,0.22559,0.023602,0.011346,0,0.003727,0.003395,0,0,0
83850,117.501027,37.291981,Alces alces,56003281,Cervidae,LC,0,0,13.298675,11.893334,28.342353,1104.750753,32.845336,-9.116926,41.962262,586.946569,196.849123,4.441198,120.639809,403.904208,16.841531,403.904207,16.841531,13.816895,1147.548286,68.479758,-0.504588,50.498628,27.223124,5782.332411,0.623455,14.75214,71.932729,22.843124,5.224148,57.339812,10.014716,97.671925,256.686529,40.133225,70.049013,6.620202,0,0,0,0,0,0,0,0,0,0.004389,0.000497,0.976398,0.01383,0,0,0.000166
84588,117.519536,44.107709,Alces alces,56003281,Cervidae,LC,1,1,1.19369,13.260461,25.960571,1391.784687,25.144434,-25.974094,51.118529,347.001913,101.141636,2.865352,110.595133,237.022817,9.654091,237.022817,9.654091,1249.083266,774.250472,52.287008,-0.514741,28.005209,-130.489381,5711.421676,29.649764,10.870103,48.935146,45.491139,5.573714,61.681157,6.752493,183.521386,181.845384,27.989912,49.344675,5.094778,0,0,0,0.001905,0,0,0,0.006876,0.000911,0.97407,0,0.015989,0.000249,0,0,0
84998,117.530517,48.130675,Alces alces,56003281,Cervidae,LC,1,1,0.510381,12.712089,22.426143,1621.040684,27.251404,-29.407917,56.659321,239.401741,72.364028,1.999793,117.56763,169.615153,6.016856,169.615153,6.022175,582.100187,779.786844,68.310893,-0.674091,16.772518,-169.399613,6276.676287,2.08975,14.685166,47.998304,49.592419,2.409277,51.072424,6.411451,198.692096,164.893254,26.366463,46.21092,4.697647,0,0,0,0,0,0,0,0,0,0.951371,0.002154,0,0.001823,0,0,0.006296
83602,117.546143,33.175429,Alces alces,56003281,Cervidae,LC,0,0,15.443099,10.43659,28.388592,966.121068,33.489394,-3.262852,36.752246,774.353429,191.703471,22.162443,78.812055,416.038118,72.609567,416.038118,72.609568,18.39399,1114.540671,40.909149,-0.274699,80.82179,56.983968,4767.076446,1.075367,14.506929,68.474383,24.153851,7.371766,36.341155,12.021875,47.436539,305.133408,42.661276,75.965561,6.714457,0,0,0,0,0,0,0,0,0.012505,0.017888,0.022277,0.890104,0.039337,0.00058,0,0
84177,117.556571,40.037423,Alces alces,56003281,Cervidae,LC,0,0,10.873596,12.11985,27.764003,1145.702569,31.233011,-12.415768,43.648779,556.076234,191.200496,3.431226,132.82617,415.245259,11.178764,415.245259,11.178764,123.401599,1033.437978,72.365062,-0.432265,49.719697,-1.429552,5579.216717,27.091785,11.684279,56.402747,31.290198,12.307055,70.160756,11.302362,134.477839,232.148056,43.392242,81.313798,7.102289,0,0,0,0.047962,0.000911,0.009278,0,0.012508,0.087806,0.142644,0.007621,0.589546,0.072068,0,0,8.3e-05
84834,117.616752,46.367927,Alces alces,56003281,Cervidae,LC,1,1,0.288921,13.964237,24.827821,1556.873138,26.80983,-29.434883,56.244712,264.665577,76.780087,2.18632,109.780931,180.014953,8.232634,180.014953,8.232634,890.320726,782.770669,65.735408,-0.645717,18.534645,-164.848151,6215.620679,9.40653,12.692054,57.547913,40.580694,1.871393,54.59045,6.757529,192.811452,171.628945,26.711987,46.960865,4.823664,0,0,0,0,0,0,0,0,0,0.996852,0,0,0,0,0,0.003148
84669,117.667641,44.576157,Alces alces,56003281,Cervidae,LC,1,1,1.187405,13.664273,25.500783,1460.145883,26.133146,-27.452091,53.585237,317.887815,93.663846,2.650362,111.202554,218.248159,8.832052,218.248159,8.832052,1067.020294,793.031205,56.92371,-0.560187,25.363192,-133.515545,5904.663694,13.571977,12.089862,42.572521,56.113094,1.314384,58.717078,6.781902,185.765216,180.064825,27.476466,48.360082,4.977874,0,0,0,0,0,0,0,0,0,0.99503,0,0.000331,0.004639,0,0,0
84259,117.679526,40.507657,Alces alces,56003281,Cervidae,LC,0,0,8.230072,11.723825,26.968699,1153.824113,28.758542,-14.687152,43.445694,547.200971,175.816951,2.458955,125.917467,397.716595,9.078506,397.716595,9.078506,694.63056,939.316608,62.452823,-0.352388,50.42188,-36.00699,5411.115881,79.432962,8.869779,45.271592,18.85914,35.869268,64.814181,9.162571,133.133872,227.005082,41.353864,74.495842,6.723287,0,0,0,0.431364,0.001408,0.008864,0,0.030735,0.376439,0.095932,0.000166,0.047801,0.00729,0,0,0
85080,117.687877,48.592225,Alces alces,56003281,Cervidae,LC,1,1,0.29601,12.713882,22.408719,1626.90957,26.920206,-29.80853,56.728737,256.189191,78.457751,1.811437,119.321003,183.147979,5.845762,183.147979,5.849711,573.77151,769.855516,65.273479,-0.643603,17.912106,-175.686903,6245.976525,3.052054,14.152447,52.970789,45.723174,1.306037,49.990219,6.660035,201.589894,161.758147,26.972602,48.033492,4.730051,0,0,0,0,0,0,0,0,0,0.967785,0.000994,0.000166,0.001905,0,0,0.007619
84505,117.727883,42.779366,Alces alces,56003281,Cervidae,LC,0,0,1.574858,12.568976,26.514563,1276.637237,23.931388,-23.488458,47.419847,431.911745,124.772738,2.997575,110.029057,292.31021,11.575522,292.31021,11.575522,1543.61333,745.768373,44.039309,-0.389333,36.144509,-117.129287,5276.525513,53.759433,9.618775,50.752014,41.959452,7.288534,66.739721,7.452919,168.937418,194.62362,34.625379,61.56885,5.950085,0,0,0,0.027007,0.00232,0,0,0.014415,0.007953,0.928341,0,0.019965,0,0,0,0
83679,117.74531,30.015424,Alces alces,56003281,Cervidae,LC,0,0,15.436432,7.840956,25.004025,861.288671,31.332382,0.010148,31.322233,1654.304666,294.862088,39.494118,54.930893,718.455338,157.319867,607.822393,183.618644,369.914038,1028.802546,3.440437,0.377011,183.464194,65.448315,3950.157327,76.561509,9.110223,34.574581,10.985598,54.439821,29.887427,13.458604,23.883911,338.418733,48.597736,99.796655,7.692588,0.074721,0.021514,0,0.068432,0.446587,0,0,0.345304,0.014894,0.00091,0.000248,0.006454,0.003724,0.017211,0,0
83678,117.746032,29.110695,Alces alces,56003281,Cervidae,LC,0,0,17.129885,8.572898,26.998522,844.908016,33.162891,1.429457,31.733433,1709.382212,304.374734,45.280662,58.66308,795.228651,173.604173,563.866232,223.677056,182.15134,1143.455022,17.361201,0.359854,192.987779,91.166729,4147.08025,42.542984,10.111939,38.381985,12.925487,48.692528,29.937729,14.638716,22.450158,340.122549,50.501321,107.845549,7.837449,0.012104,0.313381,0,0,0.066739,0,0,0.487233,0.087796,0.012353,0.001161,0.000912,0.01683,0.000746,0,8.3e-05
83677,117.752137,28.209002,Alces alces,56003281,Cervidae,LC,0,0,17.746152,8.606834,27.92138,799.08953,33.125648,2.302546,30.823101,1797.075861,318.803014,50.166482,61.576649,864.837404,186.006972,566.40562,248.174898,258.407284,1165.724391,16.919739,0.3695,209.324133,105.687592,3973.962742,55.304144,9.944648,46.578234,14.620668,38.801098,28.908018,15.34398,12.652206,353.573308,55.176467,123.711706,8.281106,0.009523,0.159987,0,0.000497,0.102683,0,0,0.262256,0.395909,0.014906,0.001491,0.021033,0.018301,0.013001,0,0.000166
83681,117.768772,31.835317,Alces alces,56003281,Cervidae,LC,0,0,15.775472,8.969731,26.327355,924.714756,32.908079,-1.110747,34.018826,1080.781336,182.613064,25.778475,55.331998,476.272865,100.913052,476.272865,100.913052,41.372985,1079.30555,16.229713,-0.07134,103.563141,60.519159,4438.573896,9.985748,12.314169,65.304313,20.165238,14.530449,34.538482,12.238073,42.512495,311.15675,43.158302,78.376346,6.806459,0,0,0,0.004974,0.000912,0,0,0.000829,0.075189,0.004311,0.003648,0.706955,0.024206,0.112327,0,0
83675,117.774257,26.413476,Alces alces,56003281,Cervidae,LC,0,0,18.568324,8.324434,31.284015,668.523236,32.015218,5.422358,26.59286,1635.760414,285.648057,40.106402,61.415603,774.411313,153.011244,551.221611,196.010499,449.51702,1217.977921,16.197698,0.291477,217.216268,134.14801,3796.926215,77.65529,8.87735,39.977348,11.618977,48.403675,31.200378,15.862029,9.289449,356.692028,54.299943,122.268675,8.124811,0.003563,0.365512,0,0,0.039609,0,0,0.480196,0.055353,0.025688,0.002486,0.001906,0.024196,0,0,0
162486,117.776122,24.636936,Alces alces,56003281,Cervidae,LC,0,0,20.305416,7.634257,32.670043,596.048097,31.996132,8.650566,23.345566,1219.792842,195.41953,26.106275,59.455418,520.12695,92.276297,397.219681,142.480038,180.117428,1115.551248,41.885315,0.227703,220.431616,159.337862,2807.448494,58.242806,9.764543,49.741953,20.585817,29.67223,34.434611,18.665133,2.196981,363.507669,54.301093,122.77698,7.951221,0,0.167178,0,0,0.000166,8.3e-05,0.000166,0.121365,0.274045,0.013421,0.005716,0.013669,0.181344,0.201143,0,0.002568
84341,117.807073,40.977715,Alces alces,56003281,Cervidae,LC,0,0,8.342837,12.192874,27.111107,1195.625225,29.335208,-15.630773,44.965982,495.200861,155.718141,2.008785,123.683037,357.011116,7.398942,357.011116,7.398942,592.72367,972.135152,64.489789,-0.435757,43.931723,-37.217537,5685.446007,61.033035,9.271856,49.298121,29.956834,20.745044,64.246593,8.429424,138.467661,220.69794,39.411749,70.099945,6.491294,0,0,0,0.077012,0.00058,0.003644,0,0.001822,0.45106,0.189135,8.3e-05,0.246605,0.029894,0,0,0.000166
83767,117.818593,35.958593,Alces alces,56003281,Cervidae,LC,0,0,12.813053,11.122529,28.293569,1033.047606,31.229078,-8.079168,39.308246,752.730724,236.63908,7.981489,110.028303,487.075435,29.237703,487.075435,29.237703,290.030207,1103.968051,55.934126,-0.324362,68.999541,28.257414,5306.521802,28.504502,11.060688,58.880509,35.739599,5.379893,48.387642,10.410272,78.685102,271.843308,42.807438,72.764217,6.650869,0,0,0,0.000497,0.000331,0,0,0,0.000911,0.047718,0.000828,0.820727,0.128241,0,0,0.000746
84751,117.819225,45.044224,Alces alces,56003281,Cervidae,LC,1,1,1.225037,13.839831,25.220135,1497.414351,26.669606,-28.208287,54.877894,300.101441,88.826202,2.168129,111.44883,206.69442,8.034062,206.69442,8.034062,952.2197,808.975232,60.599726,-0.595926,22.945383,-138.730284,6108.687076,9.446844,12.470394,45.156463,53.228233,1.615304,56.813921,6.718007,187.326218,178.993048,26.699883,46.873065,4.838272,0,0,0,0,0,0,0,0,0,0.995114,0,0,0.002236,0,0,0.002567
85161,117.848675,49.05348,Alces alces,56003281,Cervidae,LC,1,1,-0.193134,11.889731,21.337462,1603.396382,25.838925,-29.702434,55.541359,279.545074,85.003076,1.649517,118.871616,199.687674,5.754645,199.687674,6.072386,555.980167,760.789543,62.180836,-0.612816,18.893645,-183.923805,6242.294096,3.678075,14.050796,45.511438,51.803891,2.684671,50.790665,6.854223,205.005366,158.055663,27.359377,49.372458,4.767668,0,0,0,0,0,0,0,0,0,0.730021,0.00058,0,0.007785,0,0,0.012836
84587,117.870794,43.248395,Alces alces,56003281,Cervidae,LC,0,0,3.742567,12.724099,26.733885,1281.758946,26.184171,-21.417007,47.601177,382.021283,114.047947,2.202244,114.165918,265.517591,8.204751,265.517591,8.204751,1126.377464,820.900069,51.103512,-0.508539,31.447535,-97.357044,5612.045525,56.637069,9.533713,45.647925,51.070266,3.281809,66.052504,7.321809,168.411068,195.172378,32.552527,57.635026,5.717142,0,0,0,0.000745,0,0,0,0,0,0.996523,0,0.00207,0.000662,0,0,0
84833,117.974242,45.511897,Alces alces,56003281,Cervidae,LC,1,1,1.194263,14.104309,25.2423,1518.713995,27.267009,-28.607541,55.87455,293.260257,85.984812,2.525938,109.512993,199.220692,8.590282,199.220692,8.590282,856.510078,819.97508,63.179252,-0.621211,21.145639,-143.830083,6268.9185,6.222784,13.325543,48.585694,49.117962,2.296344,58.422376,6.84562,186.572649,178.780911,27.612254,48.561216,4.986354,0,0,0,0,0,0,0,0,0,0.973246,0.000994,0,0.000414,0,8.3e-05,0.022447
85243,118.013016,49.514451,Alces alces,56003281,Cervidae,LC,1,1,-0.404129,12.796525,22.450725,1626.368359,26.006979,-31.002742,57.009721,302.831904,91.736209,1.946752,119.226651,217.422857,6.802809,217.422857,7.153247,578.108981,746.630309,58.603797,-0.57672,20.013377,-193.378048,6203.931877,9.01607,13.07991,39.415375,57.648363,2.936262,50.240801,6.627677,207.804947,155.459411,26.217848,47.381849,4.602467,0,0,0,0,0,0,0,0,0,0.97863,0.000166,0.000248,0.019879,0,0,0.001077
83759,118.01324,28.693393,Alces alces,56003281,Cervidae,LC,0,0,16.994206,8.427277,27.224519,814.354838,32.5389,1.629082,30.909818,1782.335602,311.811857,47.94843,58.739888,830.534352,184.318818,575.082914,240.333542,328.117567,1123.896396,13.767325,0.387594,205.772616,92.505497,3969.60945,71.21721,9.47158,45.988889,14.396656,39.614455,28.988564,14.517936,16.062682,348.136206,52.580027,114.407505,7.986951,0.054582,0.121733,0,0.000331,0.125124,0,0,0.231889,0.402415,0.001737,0.001075,0.006616,0.031839,0.022577,0,0
84668,118.017493,43.717065,Alces alces,56003281,Cervidae,LC,1,0.132903,4.018712,13.325766,27.792846,1277.446644,26.826924,-21.11921,47.946134,365.464954,111.035072,2.091442,115.804094,256.612267,7.368827,256.612267,7.368827,990.417125,833.061137,53.39254,-0.532396,30.020416,-96.696898,5730.6978,37.566703,10.773442,50.973862,46.871898,2.15424,64.818638,7.274276,175.060031,190.487824,30.698639,54.515836,5.494655,0,0,0,8.3e-05,0,0,0,0,0,0.959748,0,0.033212,0.006957,0,0,0
83758,118.019828,27.792985,Alces alces,56003281,Cervidae,LC,0,0,16.171588,8.06996,28.307326,736.061015,30.557562,2.114051,28.443511,1869.09649,339.683837,45.88138,62.2183,892.923122,176.958532,625.746533,230.09883,644.054354,1090.877619,10.066168,0.452151,244.732405,99.759627,3539.796143,103.565865,8.536076,36.460968,10.317794,53.221239,28.678516,15.58447,12.098552,354.689366,56.351683,127.736692,8.416113,0.039705,0.415202,0,0.000497,0.113975,0,0,0.309101,0.098806,0.007792,0.000497,0.003979,0.004725,0.005719,0,0
84258,118.035726,39.642383,Alces alces,56003281,Cervidae,LC,0,0,11.359811,11.63397,27.370572,1130.599649,31.453926,-11.03395,42.487876,605.02189,196.845474,4.039539,128.862423,442.969982,13.485517,442.969982,13.485517,14.173871,1034.385256,69.490469,-0.403887,53.131434,4.010309,5456.240118,1.496014,14.108228,55.313436,40.525104,4.16146,63.528455,9.1479,127.918696,230.816728,41.604661,74.647182,6.732906,0,0,0,0,0,0,0,0,0,0.004722,0.000994,0.753127,0.237843,8.3e-05,0,8.3e-05
83756,118.04114,25.9996,Alces alces,56003281,Cervidae,LC,0,0,18.341744,8.504429,32.969474,633.222157,31.531707,5.741802,25.789904,1536.522065,263.790599,36.15874,59.457677,701.8267,138.056634,542.015268,176.424074,563.832897,1166.307328,20.768044,0.282762,218.155319,134.932448,3473.664377,89.338294,8.715906,44.091198,11.088563,44.820239,30.87131,17.235845,5.345649,360.616058,55.200181,124.292821,7.988273,0.001574,0.328583,0,0,0.026098,0,0,0.480116,0.13488,0.006959,0.00406,0.001077,0.004143,0.009693,0,0
83763,118.053819,32.327149,Alces alces,56003281,Cervidae,LC,0,0,15.434122,9.265179,26.745861,931.018482,32.793185,-1.839336,34.632522,953.963165,197.752785,25.800988,63.227558,451.826963,92.109882,451.826963,92.109883,69.73477,1080.0092,19.805395,-0.098455,99.702665,56.565683,4496.137413,11.38951,12.184989,62.492495,18.75612,18.751385,34.827193,12.074364,44.095955,308.763603,42.885916,76.950587,6.747767,0,0,0,0.034683,0.012085,0,0,0.044036,0.095439,0.020694,0.008443,0.594984,0.017548,0.155368,0,0
84012,118.077024,37.365157,Alces alces,56003281,Cervidae,LC,0,0,13.374645,11.515871,27.855637,1099.964039,32.811072,-8.527989,41.339061,592.253165,196.24087,5.704908,116.860835,397.197031,20.491092,397.197031,20.491092,8.226505,1150.713272,60.674715,-0.497569,50.853757,25.765085,5828.951562,0.593764,14.696863,64.054147,30.455301,5.490552,54.844356,9.443162,95.337443,255.947299,41.856593,71.938858,6.648997,0,0,0,0,0,0,0,0,0.000248,0.028903,0.001573,0.840248,0.118344,0,0,0.000994
83764,118.094228,33.24525,Alces alces,56003281,Cervidae,LC,0,0,15.233833,10.027504,27.642622,960.383591,33.072499,-3.157799,36.230298,788.944408,208.708339,23.899812,84.179806,435.888076,76.138326,435.888076,76.144412,19.596608,1090.851019,40.997053,-0.264073,81.225527,54.837982,4646.199172,2.530929,13.888908,65.765606,25.032998,9.201396,36.218357,11.520117,47.021773,302.991334,43.870264,76.630097,6.751233,0,0,0,0,0,0,0,0,0.012259,0.035865,0.034871,0.801458,0.034043,0.000497,0,0
84914,118.132658,45.979162,Alces alces,56003281,Cervidae,LC,1,1,0.367749,14.18631,25.465921,1527.902711,26.593073,-29.114817,55.70789,297.687416,88.801198,2.644137,110.511165,203.203364,8.896758,203.203364,8.896758,966.893784,783.207239,60.702242,-0.595432,21.443721,-158.069025,6136.809516,16.225353,12.103622,54.303261,44.066005,1.630734,58.134634,7.087123,187.281685,177.246429,28.450584,50.089805,5.076605,0,0,0,0,0,0,0,0,0,0.997846,0,0,0.000331,0,0,0.001823
83765,118.154945,34.167793,Alces alces,56003281,Cervidae,LC,0,0,14.439026,9.96272,27.110486,979.047966,32.309223,-4.341884,36.651106,716.76982,184.279852,17.025522,95.218956,447.430066,58.057863,447.430067,58.903115,24.361282,1089.724185,51.534679,-0.329989,72.547003,47.199932,4794.282971,1.490793,14.132943,64.46333,25.911432,9.625238,41.227487,10.756083,60.97385,286.687121,42.742147,71.939721,6.583487,0,0,0,0,0,0,8.3e-05,0,0.066092,0.008945,0.021285,0.70482,0.07512,0.01027,0,8.3e-05
84750,118.167905,44.185352,Alces alces,56003281,Cervidae,LC,1,0.656124,1.744569,13.610934,26.752862,1373.438698,25.762592,-25.174923,50.937515,366.79454,110.330449,2.918084,113.288853,254.307801,9.839239,254.307801,9.839239,1159.18764,786.334799,50.199356,-0.495872,29.900759,-119.157356,5695.046313,39.945042,10.362845,52.599557,41.765264,5.635179,62.11281,7.101894,180.573546,184.497429,29.493843,51.950829,5.273295,0,0,0,0.019882,0,0,0,0.002734,0.013255,0.94698,0,0.013421,0.003728,0,0,0
85160,118.240715,48.214876,Alces alces,56003281,Cervidae,LC,1,1,-0.089865,13.210635,22.920845,1642.201778,26.916665,-30.722014,57.638679,271.776608,85.652826,2.037097,118.752768,192.964953,6.468447,192.964953,6.595384,639.386245,772.568659,65.165147,-0.641481,17.974429,-176.759332,6267.275347,4.192684,13.776918,50.023313,44.807458,5.169229,50.559724,6.874225,199.697667,163.392165,27.690462,49.098878,4.802326,0,0,0,0,0,0,0,0,0,0.994284,0,0,0.004307,0,0,0.001408
83842,118.279851,30.083002,Alces alces,56003281,Cervidae,LC,0,0,15.058711,7.859368,25.025569,858.405287,30.8491,-0.51086,31.359959,1622.857211,278.421868,40.32705,53.206374,690.193738,156.455801,593.077372,185.799204,426.097335,1008.241603,2.635659,0.386193,183.813964,59.054109,3929.065277,81.264909,9.001229,44.779058,12.240155,42.980787,29.750528,13.780769,24.425906,337.033214,48.824103,100.678923,7.61457,0.048693,0,0,0.058648,0.272999,0,0,0.464703,0.078805,0.002406,0,0.004811,0.008129,0.060805,0,0
83840,118.280098,28.276108,Alces alces,56003281,Cervidae,LC,0,0,16.851997,8.312195,27.631048,779.756934,31.938727,1.895405,30.043322,1788.040803,322.904343,45.861013,60.427967,844.034817,180.435008,584.57779,234.34038,432.723818,1134.659882,12.225375,0.397877,217.522109,99.141246,3861.511385,72.688008,9.22707,45.061341,12.60931,42.329349,28.265027,14.838401,12.212414,353.228689,54.744956,120.648346,8.171503,0.033121,0.216527,0,0.001159,0.156744,0,0,0.308769,0.219922,0.00058,0.000248,0.007121,0.013166,0.042643,0,0
83839,118.286864,27.376924,Alces alces,56003281,Cervidae,LC,0,0,17.962608,8.53631,29.587027,733.530141,32.455591,3.626341,28.82925,1733.913262,326.55998,43.276863,64.544436,848.0473,163.043923,582.250587,213.435838,351.389607,1179.867169,14.877499,0.354782,219.68741,115.998955,3817.384805,64.889718,9.288646,39.761735,11.791565,48.4467,28.693472,15.503798,11.04658,355.374392,56.023954,126.183959,8.327094,0.000166,0.324638,0,0,0.021284,0,0,0.508075,0.098219,0.033209,0.001491,0.005714,0.005797,0.001408,0,0
84996,118.294445,46.446009,Alces alces,56003281,Cervidae,LC,1,1,0.016457,14.313598,24.934741,1586.640057,26.841718,-30.561428,57.403146,294.771586,89.689511,2.708886,111.714903,201.882133,9.118804,201.882133,9.118804,870.981279,781.406836,62.180871,-0.609524,20.40881,-162.361269,6184.001175,9.165067,12.901826,51.729936,46.209086,2.060977,54.529421,6.93408,192.990551,170.84852,27.502072,48.417494,4.865192,0,0,0,0,0,0,0,0,0,0.995279,0,0,0.000166,0,0,0.004556
83838,118.296167,26.480172,Alces alces,56003281,Cervidae,LC,0,0,18.7044,8.090759,30.779596,666.556586,32.023222,5.753901,26.269321,1620.11559,290.081174,39.295368,61.855021,763.612907,146.101443,561.458415,190.667163,409.623317,1189.760612,17.808662,0.285697,215.095059,134.46927,3685.444775,90.611818,8.575634,43.340268,10.980987,45.678745,30.527463,15.576597,7.772732,358.333168,55.318283,123.714446,8.136039,0.000911,0.317647,0,0,0.020795,0,0,0.534217,0.069925,0.024441,0.014085,0.000249,0.007457,0.000166,0,0.000166
162649,118.29849,24.701197,Alces alces,56003281,Cervidae,LC,0,0,20.489708,7.281035,31.383797,602.001612,32.056972,8.871095,23.185876,1137.425674,183.893067,23.951771,59.852482,482.860274,83.200275,373.64815,156.604001,83.237111,1112.672728,38.589597,0.065137,184.096178,161.84813,2859.915114,40.968905,10.517622,51.56414,29.648683,18.787177,33.203936,18.493501,2.448184,363.247466,54.513641,122.282517,7.786072,0,0.06295,0,0,0,8.3e-05,0,0.029984,0.164665,0.034209,0.003396,0.024021,0.342334,0.114222,0,0.002071
83848,118.308878,35.561549,Alces alces,56003281,Cervidae,LC,0,0,12.865042,11.207502,28.550966,1026.352858,31.45183,-7.794316,39.246145,784.117682,242.54334,8.285135,108.865503,509.654497,31.956415,509.654496,31.956415,184.187456,1080.049217,51.482163,-0.250793,76.902923,27.308609,5102.862956,24.534996,11.341753,63.401233,31.595358,5.003409,44.961087,10.053225,71.892251,274.467663,43.913788,72.952635,6.653258,0,0,0.000166,0.003149,0.000829,0,0,0.000497,0.00116,0.036706,0.004557,0.93272,0.014914,0,0,0.00058
84832,118.321971,44.653239,Alces alces,56003281,Cervidae,LC,1,1,0.775933,13.604366,25.819521,1441.454084,25.389607,-27.312726,52.702333,356.451958,107.440014,2.919387,112.559484,246.675894,9.900719,246.675894,9.900719,1172.177151,772.948606,50.751826,-0.498002,28.514744,-132.469606,5774.834654,27.861456,10.867846,43.159218,52.262643,4.578139,60.398446,6.987611,184.480004,180.753556,28.40423,50.168445,5.120077,0,0,0,0.006793,0,0,0,0.003231,0.00555,0.962227,0,0.02104,0.000497,0,0,0.000663
83845,118.344912,32.819545,Alces alces,56003281,Cervidae,LC,0,0,15.251152,9.486583,26.950105,942.017622,32.715776,-2.474819,35.190595,861.468381,217.429398,24.699043,76.699387,443.878628,83.989231,443.878628,83.989231,58.640152,1074.593687,29.450568,-0.18045,90.192618,54.99128,4525.639811,12.725111,12.459453,63.36631,20.839643,15.794048,35.318529,12.107196,45.086577,307.502739,43.312585,77.27093,6.755922,0,0,0,0.011188,0.00058,0,0,0.006547,0.123974,0.029916,0.03464,0.557968,0.022872,0.158697,0,8.3e-05
84667,118.360419,42.855264,Alces alces,56003281,Cervidae,LC,0,0,4.652835,12.477732,27.369889,1225.447561,26.534733,-19.054798,45.589531,404.846048,120.417697,1.965564,113.480126,280.111261,8.064507,280.111261,8.064507,1132.516084,832.51261,49.83915,-0.493818,33.313771,-86.269503,5549.529228,38.198854,10.190785,45.488061,52.280499,2.23144,67.02598,7.40455,166.040519,197.157261,33.26825,58.84604,5.8185,0,0,0,0,0,0,0,0,0,0.99437,0,0.005133,0.000497,0,0,0
83846,118.397097,33.73998,Alces alces,56003281,Cervidae,LC,0,0,14.691739,10.185359,27.827181,965.330499,32.657403,-3.900077,36.55748,775.640433,208.20271,20.706387,92.926492,462.118577,67.71464,462.118577,69.385903,16.579039,1073.376701,48.30534,-0.266412,79.695911,50.638104,4609.384265,0.967476,14.34917,65.696065,23.091044,11.21289,39.055955,11.1402,53.359128,295.260017,43.725133,74.604656,6.708039,0,0,0,0,0,0,8.3e-05,0,0.039134,0.003814,0.009949,0.82431,0.073128,0.010364,0.000249,0.000332
85242,118.405166,48.67579,Alces alces,56003281,Cervidae,LC,1,1,-0.531717,13.09048,22.60749,1665.631125,26.515322,-31.388387,57.903709,288.386608,89.435957,1.947872,119.87854,207.235086,6.251056,207.235086,6.985389,648.313014,756.86124,61.433563,-0.603345,19.38687,-184.471048,6191.203923,5.640209,13.189158,49.154618,46.06638,4.779001,50.818469,6.981799,200.669773,162.248916,28.034271,50.099139,4.826371,0,0,0,0,0,0,0,0,0,0.997929,0,0,0.000663,0,0,0.001408
84011,118.466499,36.497402,Alces alces,56003281,Cervidae,LC,0,0,12.584513,11.315149,28.486723,1041.28387,31.225689,-8.488023,39.713711,722.551752,231.090156,7.4414,111.819516,466.108444,27.336897,464.333076,27.336897,265.630124,1134.998276,58.425288,-0.364554,63.566168,20.340832,5744.196945,33.575129,10.838782,63.757319,27.191244,9.051437,49.193421,8.879372,82.68208,262.651234,43.594744,72.40186,6.635965,8.3e-05,0,0,0.004141,0.003727,0,0,0.000497,0.027329,0.080331,0.002236,0.831304,0.045383,0.003313,0,0.000745
83847,118.472827,34.664947,Alces alces,56003281,Cervidae,LC,0,0,13.722909,10.800899,28.348091,1000.309007,32.195904,-5.901807,38.097711,770.986765,206.074195,11.820477,99.096191,489.791342,45.586332,489.791342,45.605987,46.922807,1070.273569,46.60235,-0.250076,79.311396,39.503656,4795.771713,3.497624,13.497443,67.193547,26.140842,6.665611,43.47957,10.636467,67.367692,280.033235,43.348909,72.698265,6.627328,0,0,0,0,0,0,0,0,0.020876,0.007953,0.001823,0.901665,0.053931,0.000414,0,0
84913,118.479638,45.120707,Alces alces,56003281,Cervidae,LC,1,1,1.137585,13.97263,25.518036,1490.819138,26.642381,-28.118727,54.761108,328.338194,100.732927,2.385319,114.406535,229.925449,8.510045,229.925449,8.510045,946.153982,806.022193,56.498695,-0.556716,25.34482,-132.707382,6041.64871,7.717972,12.703141,46.138315,51.72797,2.133716,60.102685,7.042644,185.073211,179.99332,28.424354,50.21908,5.112598,0,0,0,0,0,0,0,0,0,0.99942,0,0,0.00058,0,0,0
84749,118.508977,43.323797,Alces alces,56003281,Cervidae,LC,0,0,5.622978,12.816719,26.826366,1303.280175,28.277254,-19.495578,47.772832,379.008185,114.597915,2.24778,113.040362,261.360444,8.841086,261.360444,8.841086,764.682877,894.350529,57.636538,-0.576394,29.43513,-72.400384,5861.530265,27.969011,11.181596,42.877117,55.494202,1.628681,66.5521,7.403039,166.683694,196.662052,32.687578,57.810325,5.739999,0,0,0,0,0,0,0.000166,0,0,0.984499,8.3e-05,0.011853,0.001824,0,0,0.00116
84339,118.5113,39.244823,Alces alces,56003281,Cervidae,LC,0,0,11.184055,9.460427,24.187892,1077.184794,29.961444,-8.943979,38.905424,611.488627,203.102284,3.998879,127.33739,440.961017,14.129595,435.408887,14.168022,-0.946855,1022.128807,67.258297,-0.396955,53.885458,5.85496,5309.611094,1.469297,14.371721,50.434038,42.033955,7.532007,59.077466,8.490675,116.08491,236.512569,42.684228,74.324303,6.721238,0,0,0,0,0,0,0,0,0.000414,0.076885,0.023281,0.461309,0.01831,0,0,0.020298
83920,118.546459,27.85882,Alces alces,56003281,Cervidae,LC,0,0,17.009099,8.50396,28.873647,752.620828,31.883145,2.474993,29.408151,1750.325685,336.411032,41.630916,63.499784,843.017741,165.323204,598.689573,213.242819,471.520014,1163.199225,10.169785,0.401955,228.034417,108.291574,3797.56616,78.862423,8.941923,39.959294,11.50827,48.532437,28.05449,14.954732,11.216769,354.336163,55.433877,122.645022,8.216266,0.008117,0.324277,0,0.000166,0.064193,0,0,0.467572,0.050443,0.038267,8.3e-05,0.028825,0.004141,0.013915,0,0
84585,118.556527,41.521617,Alces alces,56003281,Cervidae,LC,0,0,5.597805,11.658967,26.561309,1180.229253,26.906291,-16.953523,43.859814,479.782316,145.086899,1.672787,116.826215,334.370061,7.849491,334.370061,7.849491,1077.91759,859.701758,52.612712,-0.369846,43.690881,-67.272083,5364.574011,67.109012,9.226441,47.230275,24.439393,28.330333,65.506755,7.923998,151.78246,208.77307,37.379118,66.110459,6.246429,0.004304,0,0,0.2171,0.022761,8.3e-05,0,0.069442,0.149147,0.375103,0.000993,0.160238,0.000248,0,0,0.000166
84093,118.556596,36.966283,Alces alces,56003281,Cervidae,LC,0,0,13.389951,11.60444,28.453647,1073.205411,32.729693,-8.051135,40.780828,650.571767,210.839352,6.593216,113.650815,424.403736,23.483478,424.185815,23.483478,19.434594,1168.454829,57.922811,-0.467014,54.431015,27.929467,5894.329668,1.229971,13.601089,61.470073,34.09296,4.436968,49.743797,8.73833,84.653684,260.999695,43.081354,71.846253,6.606104,0,0,0,0,0,0,0.000663,0,0.097498,0.036945,0.000911,0.676276,0.179755,0.000414,0,0.005467
83918,118.561819,26.065073,Alces alces,56003281,Cervidae,LC,0,0,17.862517,8.721843,33.789967,626.562507,31.104259,5.287183,25.817076,1534.360553,272.115311,35.335533,60.248749,691.121289,129.299875,566.221066,170.029818,591.613881,1112.082481,23.04864,0.300649,220.158075,129.556015,3299.263783,88.540779,8.720851,45.685349,11.255002,43.05965,29.804438,17.072879,3.813115,362.134877,55.93255,124.991517,7.921786,0.000828,0.327729,0,0,0.01615,0,0,0.452211,0.157032,0.007951,0,0.002982,0.007703,0.027414,0,0
85324,118.573206,49.136393,Alces alces,56003281,Cervidae,LC,1,1,-0.827444,12.996973,22.237418,1680.694625,26.193729,-32.256165,58.449894,307.508665,93.238585,1.964502,119.109919,221.151042,7.093752,221.151042,7.752055,630.843513,746.371288,58.267825,-0.570641,20.537908,-191.118543,6148.368353,5.364926,13.229506,45.704879,49.638014,4.657107,49.21295,6.961828,205.740393,157.284811,27.510777,49.959692,4.756469,0,0,0,0,0,0,0,0,0,0.997514,0,0,0.000912,0,0,0.001574
84420,118.634015,39.714787,Alces alces,56003281,Cervidae,LC,0,0,10.866733,11.750397,27.442184,1140.738992,31.128512,-11.683854,42.812366,617.740931,200.642225,3.439715,126.395453,445.891256,12.842755,445.891256,12.842755,48.740792,1018.082182,65.923273,-0.368933,54.983601,0.215282,5361.4902,7.69391,13.277556,49.322402,46.502438,4.17516,59.799122,8.462364,117.984023,234.762288,42.640058,74.370684,6.722096,0,0,0,0.000166,0.000414,0,0,0,0.000249,0.032886,0.000746,0.781809,0.178678,0,0,0.000911
84995,118.640863,45.587743,Alces alces,56003281,Cervidae,LC,1,1,0.755849,14.464036,25.517429,1539.516448,27.154869,-29.527185,56.682054,320.334171,99.052725,2.699541,114.268851,223.762699,9.058014,223.762699,9.058014,869.139387,805.609987,58.14303,-0.571173,23.949326,-139.942595,6141.941378,4.599605,13.210815,53.047275,43.988757,2.963968,59.740612,7.293371,185.785892,178.643263,29.154937,51.595533,5.185123,0,0,0,0,0,0,0,0,0,0.997598,0,0.000331,0.001077,0,0,0.000994
84831,118.661441,43.79193,Alces alces,56003281,Cervidae,LC,0,0,4.320895,13.411026,27.667606,1300.313625,27.548413,-20.922189,48.470602,379.737169,117.607677,2.209269,116.668252,268.391573,8.221259,268.391573,8.221259,891.998111,853.294726,54.074997,-0.540044,30.047164,-89.896812,5830.694748,35.240851,10.827183,45.711987,52.712587,1.575426,63.998908,7.222431,178.045904,186.693239,30.420867,53.608097,5.420852,0,0,0,0,0,0,0,0,0,0.991057,0,0.003561,0.005383,0,0,0
85405,118.744949,49.596694,Alces alces,56003281,Cervidae,LC,1,1,-1.21227,13.145942,22.296595,1692.063938,25.902772,-33.065584,58.968355,327.212134,98.236225,1.959102,120.042292,236.330914,6.286219,236.330914,7.757599,634.789424,734.182645,54.813956,-0.53443,21.771322,-197.925431,6095.419371,11.95353,12.264256,41.94526,52.469942,5.584798,49.078126,6.957037,206.568183,156.387209,27.494567,50.260469,4.740422,0,0,0,0,0,0,0,0,0,0.992955,0.001575,0,0,0,0,0.004144
84256,118.757466,37.905189,Alces alces,56003281,Cervidae,LC,0,0,12.994328,9.634353,24.960616,1066.150741,31.334894,-7.154169,38.489063,588.031581,191.848617,5.405641,118.058537,397.710527,18.817819,397.710528,18.817819,-0.445477,1080.214702,63.202933,-0.46014,52.404123,18.318973,5476.716964,1.17853,14.524918,37.856154,55.807282,6.336565,51.907572,8.548483,96.019518,251.556385,43.100338,73.24489,6.659963,0,0,0,0,0,0,0,0,0,0.186201,0.02634,0.446782,0.042906,0,0,0.182887
84502,118.761936,40.184609,Alces alces,56003281,Cervidae,LC,0,0,10.028731,11.922776,27.464526,1150.449494,30.457282,-12.947179,43.404461,582.515733,186.402971,2.519713,126.203037,420.105816,9.767101,420.105815,9.767101,211.095304,1000.687007,62.874276,-0.323966,56.606334,-9.957028,5409.429156,35.527524,10.808289,48.036681,41.251329,10.71199,61.766245,8.194744,128.597504,226.739501,39.947183,70.240763,6.496681,0,0,0,0.024184,8.3e-05,0.014411,0,8.3e-05,0.116449,0.152642,0.006295,0.591022,0.093175,0.000331,0,0.000331
85241,118.78496,47.834574,Alces alces,56003281,Cervidae,LC,1,1,-0.475656,14.169055,24.430204,1632.005588,26.641221,-31.35721,57.998431,297.679966,95.533229,2.654608,116.808366,208.178205,8.617173,208.178205,9.138384,736.187241,768.329126,62.749249,-0.614682,19.282968,-175.798178,6220.083616,4.642988,13.319149,42.370186,49.532939,8.096875,50.254556,7.167435,199.652163,163.045628,28.468247,50.392562,4.868088,0,0,0,0,0,0,0,0,0,0.999006,0,0,0.000994,0,0,0
83928,118.801318,35.162721,Alces alces,56003281,Cervidae,LC,0,0,13.014932,10.692686,28.051077,1004.050908,31.392638,-6.716081,38.108719,844.918588,246.115744,10.846367,104.128917,536.834963,38.569922,536.834963,38.569922,93.823803,1021.903161,45.491056,-0.133544,87.484878,28.266957,4644.474351,10.647308,12.460853,65.105788,31.657956,3.236256,43.017075,9.66699,67.078941,276.378324,45.056922,73.765673,6.684399,0,0,0,0.000166,0,0,0,8.3e-05,0.000663,0.011434,0.002486,0.931229,0.045986,8.3e-05,0,0.000497
85077,118.805612,46.054334,Alces alces,56003281,Cervidae,LC,1,1,-0.05431,14.40724,25.710135,1539.423106,25.982313,-30.063059,56.045371,332.732347,102.87944,3.037714,112.925019,229.765134,10.328681,229.765134,10.328681,976.951391,769.140999,55.040697,-0.536538,24.462317,-155.61812,6019.232029,18.112289,12.053716,58.929393,38.491871,2.578737,58.870449,7.29579,186.850847,177.216499,29.196473,51.519368,5.170427,0,0,0,0,0,0,0,0,0,0.998095,0,0.001574,0.000331,0,0,0
84001,118.81219,27.441508,Alces alces,56003281,Cervidae,LC,0,0,17.117969,8.419281,29.782395,717.293628,31.495,3.245414,28.249586,1733.167217,319.939197,39.107939,61.065571,802.591627,153.360157,611.252187,199.224273,514.015593,1145.531673,9.522294,0.385289,227.057451,111.341154,3655.265143,89.720626,8.658876,39.552596,11.368729,49.078676,26.95305,15.25787,8.742741,356.920152,56.544932,125.620633,8.196493,0.005468,0.273157,0,0,0.084093,0,0,0.504225,0.111268,0.006462,0,0.004143,0.009114,0.002071,0,0
84004,118.814849,30.148162,Alces alces,56003281,Cervidae,LC,0,0,14.335478,7.92064,25.203993,850.917524,30.165681,-1.237673,31.403354,1569.451643,258.251139,39.235257,50.657354,642.928259,154.090744,582.783414,180.072289,551.084589,985.333341,1.586189,0.380861,178.426454,53.957719,3856.812116,97.481269,8.553413,44.105802,11.867064,44.027134,29.256209,13.472381,24.047447,336.302785,48.483164,98.438108,7.515487,0.016158,0,0,0.079301,0.225141,0,0,0.630842,0.039029,0.000414,0,8.3e-05,0.004723,0.004309,0,0
84912,118.817738,44.259641,Alces alces,56003281,Cervidae,LC,1,0.052112,2.838479,13.488196,27.802856,1289.736132,26.074156,-22.435096,48.509252,386.016679,119.722804,2.285563,117.120913,274.119429,8.222467,274.119429,8.222467,1066.830475,804.624288,50.189905,-0.490437,30.770684,-111.139453,5766.164466,52.99032,9.710481,52.651925,42.300598,5.047477,63.320896,7.297809,179.386814,185.305666,30.175218,53.283775,5.372545,0,0,0,0.008855,0.000497,0,0,0.000993,0.008358,0.969133,0,0.005214,0.006951,0,0,0
84005,118.828694,31.056744,Alces alces,56003281,Cervidae,LC,0,0,16.073284,8.30852,24.886569,915.757443,32.913287,-0.43307,33.346357,1211.703436,193.826535,31.94131,48.974765,493.505917,130.077826,476.660787,137.506167,29.868348,1081.543826,10.696305,0.111218,127.433606,63.360783,4398.765778,8.311287,12.823293,57.21871,24.770581,18.010709,29.764816,13.260998,26.56196,332.232885,47.467696,94.042163,7.350595,0,0,0,0.000829,0.013174,0,0,0.029083,0.270528,0.031734,0.098931,0.121634,0.031651,0.321236,0,0.000331
84584,118.894872,40.654223,Alces alces,56003281,Cervidae,LC,0,0,8.268293,12.258779,27.625834,1172.6923,29.349228,-15.011281,44.360508,546.610912,171.847642,2.010327,123.88556,391.82011,7.899697,391.82011,7.899697,562.761123,942.81091,58.357682,-0.295408,54.717446,-31.893896,5355.36136,60.5636,9.379713,52.133411,24.359579,23.50701,62.133227,8.030272,131.270505,224.430827,39.471665,69.220002,6.447313,0,0,0,0.122008,0,0.015986,0,0.001574,0.43734,0.18413,8.3e-05,0.236064,0.002816,0,0,0
85323,118.952886,48.295121,Alces alces,56003281,Cervidae,LC,1,1,-0.838897,13.65489,23.635518,1641.529671,26.024323,-31.749632,57.773955,310.618378,96.489393,2.285604,117.114754,218.82868,7.830851,218.82868,8.853844,711.715275,754.628058,59.551262,-0.581971,20.548415,-182.275446,6142.059861,4.378888,13.346832,54.677835,37.158429,8.163736,50.364774,7.216925,200.343212,162.304719,28.651032,51.075895,4.88457,0,0,0,0,0,0,0,0,0,0.991551,0.003562,8.3e-05,0.000663,0,0,0.002071
85158,118.973861,46.520471,Alces alces,56003281,Cervidae,LC,1,1,-0.829141,14.587995,25.569819,1567.677954,25.476586,-31.577084,57.053669,343.924565,105.624939,3.487877,110.856816,233.16694,11.503644,233.16694,11.503644,972.14705,753.037989,53.972877,-0.523971,24.309921,-165.304793,5985.72501,17.480819,12.103639,56.670142,37.257503,6.072355,54.844879,7.181362,193.025699,170.34671,28.300729,49.916616,4.946885,0,0,0,0,0,0,0,0,0,0.994614,8.3e-05,0.005303,0,0,0,0
84994,118.977809,44.726911,Alces alces,56003281,Cervidae,LC,1,0.588017,1.184304,13.54724,26.586986,1381.087338,25.201748,-25.793751,50.995499,387.019549,118.998547,2.930774,114.561434,270.98769,10.050106,270.98769,10.050106,1139.359519,775.826712,48.022971,-0.467419,30.52899,-126.829795,5756.653743,38.748803,10.443945,53.724181,38.408375,7.867444,63.143775,7.436411,180.420141,184.088708,30.250282,53.602044,5.371359,0,0,0,0.03124,0.000331,0,0,8.3e-05,0.074329,0.867252,0,0.024279,0.002486,0,0,0
84830,118.99425,42.927948,Alces alces,56003281,Cervidae,LC,0,0,6.397367,12.53978,26.809318,1282.391857,28.79607,-17.978294,46.774363,383.798723,115.641825,2.009317,112.442873,263.923615,8.462315,263.923615,8.462315,710.171959,922.328373,59.246703,-0.592665,29.203143,-61.318781,5894.17573,20.058673,11.500449,41.661002,57.223633,1.115365,67.862503,7.467898,163.449353,199.516405,33.345336,58.835815,5.844815,0,0,0,0,0,0,0.000166,0,0,0.922217,0,0.062293,0.003893,0,0,0.011431
84665,119.032651,41.123572,Alces alces,56003281,Cervidae,LC,0,0,7.600489,12.436199,27.49098,1201.139435,29.173228,-16.061394,45.234622,498.744933,154.254621,1.95222,120.273749,352.944669,7.597935,352.944669,7.597935,678.957107,930.242813,60.44248,-0.370625,47.294997,-42.428236,5466.783736,48.261352,9.885127,55.198434,30.666025,14.135541,63.016816,7.933001,135.243945,221.541248,38.847924,68.07297,6.397,0,0,0.000248,0.005384,0.000248,0.002899,0,0.002402,0.167233,0.384908,8.3e-05,0.436014,0.00058,0,0,0
84173,119.035901,36.565229,Alces alces,56003281,Cervidae,LC,0,0,12.861754,11.524547,28.745618,1048.439735,31.845999,-8.241979,40.087978,711.012187,218.56984,7.992167,108.369348,451.162279,28.098547,450.609613,28.098546,83.238101,1090.24105,55.261421,-0.377471,61.836436,20.751573,5369.14587,7.526052,12.714074,61.945522,34.095886,3.958591,47.649889,8.447049,80.645585,262.505806,43.956168,72.370969,6.614827,0,0,0,0,0,0,0.000497,0,0.030479,0.04108,0.000331,0.741676,0.148998,0.00058,0,0.025841
84086,119.089184,30.633729,Alces alces,56003281,Cervidae,LC,0,0,15.550615,8.507431,25.759508,891.483405,32.250489,-0.757668,33.008157,1329.214863,215.574435,34.53069,49.268824,538.113209,136.513749,509.170931,154.196203,204.52234,1048.942951,16.814066,0.218972,144.316727,63.665872,4169.257486,48.388098,10.128566,51.279899,12.667406,36.052695,29.376907,13.363234,24.953243,334.73508,47.999806,96.37343,7.427438,0.005466,0,0,0.014991,0.088455,0,0,0.722296,0.102534,0.00116,0.000414,0.005052,0.010187,0.048368,0,0
84080,119.089824,25.23445,Alces alces,56003281,Cervidae,LC,0,0,20.467803,6.514206,27.880794,625.955292,32.074674,8.733392,23.341282,1187.61806,223.836268,24.150056,63.039698,530.36859,83.665878,351.538994,141.946575,20.491181,1081.388576,33.989138,0.102523,179.103444,150.334629,3097.176094,31.698476,10.882121,57.895148,29.545328,12.559524,28.179209,17.657266,1.912595,363.811706,55.463044,121.3983,7.517935,0,0.015989,0,0,0.000166,0,0,0.011101,0.070002,0.033469,0.008036,0.062878,0.277525,0.029989,0,0.007042
85404,119.124445,48.755332,Alces alces,56003281,Cervidae,LC,1,1,-1.200551,13.158742,22.735187,1664.271496,25.663788,-32.211792,57.875581,321.093114,97.427421,1.723092,119.332901,230.872722,6.680665,230.872722,8.828688,694.754114,742.439727,56.528,-0.551171,21.665089,-188.710306,6072.883654,6.995538,12.815426,53.797925,38.371018,7.831058,49.815492,7.266563,202.964787,159.650385,28.668696,51.962049,4.894097,0,0,0,0,0,0,0,0,0,0.998592,0.000331,0.000497,0,0,0,0.000414
84255,119.129868,37.03406,Alces alces,56003281,Cervidae,LC,0,0,13.167803,10.008662,26.156829,1033.479988,31.48111,-6.632622,38.113732,644.967504,199.200604,6.665381,110.248708,414.619433,23.202041,414.598587,23.202041,0.350939,1095.670598,54.382741,-0.434507,56.31262,23.366244,5417.772903,1.336824,14.225612,58.578669,36.901609,4.519722,47.581242,8.17818,82.491056,260.618756,43.281703,71.520394,6.552933,0,0,0,0,0,0,0,0,0.010607,0.068943,0.001906,0.470915,0.057756,8.3e-05,0,0.069771
85076,119.141602,45.193724,Alces alces,56003281,Cervidae,LC,1,1,0.863691,13.834478,25.900564,1460.741356,25.836766,-27.592983,53.429748,365.146072,114.872196,2.873047,116.484009,258.414897,9.467795,258.414897,9.467795,1013.019088,783.828489,50.197435,-0.493125,28.674132,-132.259812,5888.690048,18.512104,11.867538,50.878585,47.198607,1.922808,62.886165,7.742008,181.349353,182.660363,30.939045,55.054984,5.437881,0,0,0,0.000414,0,0,0,0,0.003063,0.99346,0,0.002732,0.000248,0,0,8.3e-05
84747,119.175118,41.592605,Alces alces,56003281,Cervidae,LC,0,0,7.621121,12.457713,27.281321,1223.512955,29.350037,-16.309873,45.65991,444.933136,136.253688,1.828169,116.635338,310.026159,7.613179,310.026159,7.613179,624.12198,951.775368,53.007534,-0.483946,38.794988,-42.697317,5682.772114,20.849736,11.716281,46.894556,49.613696,3.491749,65.585812,7.832438,150.261749,209.767576,37.212191,65.503491,6.230918,0.000829,0,0,0,0,0,0,0,0.001078,0.464517,0.000249,0.522467,0.010778,8.3e-05,0,0
84583,119.233215,39.784274,Alces alces,56003281,Cervidae,LC,0,0,10.528869,10.748665,26.396078,1101.981528,30.060339,-10.62536,40.685698,609.757933,193.375873,3.01431,125.333856,435.059761,11.233715,435.05685,11.233715,40.039477,1003.222705,63.42345,-0.347364,56.578716,-2.997307,5286.397445,14.640978,12.209351,47.836219,47.767946,4.395835,57.9024,7.682868,116.068835,232.889363,41.494155,71.02762,6.536313,8.3e-05,0,0,8.3e-05,0.000331,0,0,0.00058,0.000663,0.058146,0.002154,0.651951,0.065601,0,0,0.000745
85486,119.299747,49.215213,Alces alces,56003281,Cervidae,LC,1,1,-1.47168,12.986124,22.080571,1695.57674,25.62115,-33.189314,58.810464,331.161816,98.349524,1.549952,120.32422,240.175567,6.55129,240.175567,8.979747,642.092265,738.074254,54.662163,-0.531841,22.334854,-193.047487,6052.231002,6.680837,12.864054,48.075078,43.775901,8.149021,48.267572,7.154269,206.276002,156.5397,28.085553,51.419772,4.805149,0,0,0,0,0,0,0,0,0,0.987244,0.002402,0,0.005467,0,0,0.000497
85157,119.309076,45.660065,Alces alces,56003281,Cervidae,LC,1,1,0.501691,14.238461,25.634246,1513.643858,26.270491,-29.291767,55.562258,357.365382,113.30328,3.02111,116.849013,253.062205,9.984673,253.062205,9.984673,926.35111,781.323491,51.319181,-0.501379,27.562466,-139.755843,5965.943964,12.640903,12.411143,49.500083,47.27046,3.229457,61.16334,7.554832,184.860038,179.051312,30.080791,53.468389,5.31653,0,0,0,0,0,0,0,0,0,0.984005,0.000249,0.005387,0.009199,0,0,0.001077
85322,119.320799,47.451352,Alces alces,56003281,Cervidae,LC,1,1,-1.342517,14.510605,25.325687,1597.601013,25.255671,-32.042926,57.298597,358.060986,108.756368,3.620545,110.122853,240.900341,12.221218,240.900341,13.299354,880.138325,738.974337,53.033385,-0.511582,24.000176,-178.057046,5986.534208,19.517056,11.575551,58.65364,29.825826,11.520534,50.854266,7.754708,198.163599,163.636291,29.987811,52.884588,5.012012,0.002071,0,0.000994,0.000994,0,0,0,0.009111,0.006129,0.799553,8.3e-05,0.180817,0,0.000248,0,0
84829,119.322136,42.06128,Alces alces,56003281,Cervidae,LC,0,0,7.264959,12.496848,27.151906,1245.723965,29.241428,-16.776465,46.017894,405.902255,123.916449,1.422911,114.711154,280.850472,6.749949,280.850472,6.749949,625.133234,955.955428,55.938991,-0.55939,32.852383,-45.777968,5819.261669,23.315048,11.693047,46.917735,50.762726,2.31954,67.705773,7.638159,154.29807,206.884575,35.212457,61.780353,6.077456,0,0,0,0,0,0,0,0,0,0.781045,0,0.195924,0.02303,0,0,0
84163,119.337957,27.503783,Alces alces,56003281,Cervidae,LC,0,0,14.315787,8.606723,31.390037,682.571625,28.580357,1.168127,27.41223,1844.461665,310.592926,39.629402,55.828544,768.960799,158.811059,681.953191,198.074466,904.81046,1027.875769,3.308265,0.462818,243.881574,90.411123,3273.00401,98.781734,8.619365,37.909202,10.053083,52.037715,26.325086,15.27211,7.647936,357.515317,57.312819,126.931947,8.221576,0.060937,0.261467,0,8.3e-05,0.193906,0,0,0.452144,0.028399,0.000331,0.000166,0,0.002401,0.000166,0,0
84162,119.341293,26.60674,Alces alces,56003281,Cervidae,LC,0,0,17.239294,7.505313,29.65376,658.275611,30.491078,5.22831,25.262768,1651.705208,291.586963,40.386456,58.241096,700.01502,135.808476,573.504595,183.603546,520.144297,1073.087506,14.252796,0.358747,226.953016,116.888149,3291.314942,90.15716,8.77827,42.34619,11.585169,46.06864,26.6457,16.369451,6.768835,358.858779,56.478917,125.121597,7.976637,0.003727,0.211612,0,0,0.062448,0,0,0.508199,0.151897,0.006377,0.00588,0.001408,0.019049,0.015322,0,8.3e-05
84166,119.350296,30.210904,Alces alces,56003281,Cervidae,LC,0,0,14.783743,8.142599,25.279775,869.254774,31.009632,-1.17805,32.187682,1440.962117,229.647225,38.091846,48.446051,572.130254,147.611143,534.171472,171.743543,384.238454,1026.153018,10.139552,0.297458,159.660132,62.896337,4022.236683,82.222537,9.00265,47.743946,12.235442,40.020613,28.521405,13.484851,21.350932,340.147273,49.43282,100.99977,7.568984,0.011095,0.000166,0,0.070707,0.102583,0,0,0.785229,0.024342,0.000662,0.00149,8.3e-05,0.003229,0,0,0
84168,119.395889,32.032192,Alces alces,56003281,Cervidae,LC,0,0,15.603551,8.732163,25.559198,932.605394,32.684459,-1.463076,34.147534,1018.94074,177.560725,27.432144,56.681443,455.415785,106.548465,455.415785,106.675159,22.912128,1053.740108,15.757623,-0.005424,109.235295,59.364327,4529.949581,6.998066,13.300986,62.225814,24.990216,12.78397,32.324471,12.100974,37.358359,314.309885,45.693866,81.351406,6.904429,0,0,0,0.002402,0.002402,0,0,0,0.295155,0.018054,0.017226,0.279172,0.14617,0.194948,0,0.002816
84172,119.433961,35.694552,Alces alces,56003281,Cervidae,LC,0,0,12.542231,9.861248,26.76052,981.96597,30.339407,-6.447044,36.786451,809.798362,222.989089,9.797099,99.5318,492.388897,34.595639,492.328156,34.595639,104.518621,921.082897,39.738858,-0.097179,84.729448,21.842491,4089.097376,22.464493,11.477444,66.209414,28.738064,5.052522,41.832471,8.92975,64.831895,275.397983,45.923968,74.074505,6.691704,0,0,0,0.007869,0,0,8.3e-05,0.000994,0.001077,0.033714,0.001657,0.848492,0.033217,0.000828,0,0.002651
84169,119.438402,32.94877,Alces alces,56003281,Cervidae,LC,0,0,15.050161,8.131188,24.081573,931.851596,31.697014,-1.943905,33.640919,923.755018,219.074052,27.11172,73.381211,469.358843,87.82925,469.358844,87.82925,2.212456,1049.869973,26.905431,-0.106446,97.224844,54.347377,4454.194005,0.603346,14.536891,56.323763,26.933825,16.742413,32.912484,11.896459,39.44914,310.553925,45.745236,80.035604,6.860271,0,0,0,0,0,0,0,0,0.121759,0.072973,0.090533,0.432204,0.024269,0.000331,0,0
85075,119.468998,44.330556,Alces alces,56003281,Cervidae,LC,0,0,4.449158,13.49358,27.841122,1285.184198,27.697735,-20.766618,48.464352,382.853939,124.193352,1.246521,122.991674,281.718644,5.22583,281.718644,5.22583,769.375199,859.650099,53.343601,-0.532378,30.139281,-93.329246,5952.696669,41.102596,10.290792,51.16731,45.811989,3.020701,64.679109,7.53777,178.349442,185.943151,30.909982,54.803687,5.480141,0,0,0,0,0,0,0,0,0,0.977472,0,0.01408,0.008199,0,0,0.000248
84910,119.47358,42.529556,Alces alces,56003281,Cervidae,LC,0,0,7.29874,12.38604,26.685565,1275.117265,29.466128,-16.945861,46.411989,396.360754,120.916117,1.863184,113.183947,272.83571,7.783459,272.83571,7.783459,549.239362,962.842137,60.277553,-0.602709,29.600261,-48.28563,5957.975631,17.063788,11.662408,44.428772,54.518075,1.053153,69.62521,7.61915,156.02343,206.027009,34.820798,61.095549,6.077981,0,0,0,0,0,0,0,0,0,0.691027,0.000829,0.295551,0.009694,8.3e-05,0,0.000249
85568,119.478908,49.674774,Alces alces,56003281,Cervidae,LC,1,1,-2.020715,13.433321,22.617366,1708.709374,25.329018,-34.071154,59.400173,355.64262,104.850593,1.841708,119.771565,256.641684,6.550588,256.641684,9.123073,652.491988,725.662193,51.02441,-0.493297,23.656606,-198.827153,6004.950143,14.431546,11.875339,47.195829,45.133476,7.670695,46.614617,7.309955,208.668952,153.961578,28.442906,53.046006,4.806492,0,0,0,0,0,0,0,0,0,0.952858,0,0.043413,0.003728,0,0,0
85239,119.4802,46.125923,Alces alces,56003281,Cervidae,LC,1,1,-0.457413,14.592658,26.142464,1519.075002,25.348684,-30.484344,55.833028,374.756742,117.048315,3.588712,113.837755,259.589136,12.079591,259.589136,12.079591,1003.980061,749.268939,47.605989,-0.459961,28.267213,-155.264172,5864.652771,17.821248,11.828351,58.518033,37.771035,3.710932,58.056548,7.478577,188.278544,175.202511,29.525732,52.391814,5.174546,0,0,0,0,0,0,0,0,0,0.950828,0.000662,0.047103,0,0,0,0.000166
85403,119.492031,47.911512,Alces alces,56003281,Cervidae,LC,1,1,-1.487075,14.123628,24.826925,1596.147589,24.984348,-31.911085,56.895433,359.909781,109.590387,2.710258,113.396504,247.280683,9.146869,247.280683,10.820663,845.946903,731.322365,51.75699,-0.498294,24.370954,-183.065502,5954.51929,11.464749,12.265921,57.744263,25.361157,16.89458,50.744309,7.730576,198.533177,163.309591,29.947833,53.052826,5.010458,0.042074,0,0.002899,0.000166,0.00058,0,0,0.059053,0.017061,0.791701,0.001905,0.081912,0,0.000166,0,0.000414
84246,119.60392,28.884412,Alces alces,56003281,Cervidae,LC,0,0,16.287197,8.224435,26.492312,817.572615,31.934003,0.939078,30.994924,1556.12538,260.661389,36.824077,49.669322,630.304453,160.992072,547.814926,189.643469,342.827975,1112.320209,15.940801,0.269167,167.87326,88.985658,4060.575728,64.552566,9.601542,42.540992,15.84254,41.616468,27.761758,13.991661,17.042478,346.100724,52.111748,109.371008,7.766024,0.04839,0.063994,0,0.006723,0.251328,0,0,0.311089,0.167331,0.001494,0.000913,0.004565,0.062832,0.080926,0,0
84336,119.605856,36.630362,Alces alces,56003281,Cervidae,LC,0,0,12.66659,11.078123,28.152232,1031.882342,31.472874,-7.856233,39.329107,686.002848,194.841093,8.199213,102.82764,425.121303,27.493906,425.121304,27.493906,17.287415,1003.2491,53.768617,-0.331053,64.428857,18.516014,4790.888086,2.10975,13.853455,68.887199,27.317843,3.794958,45.683869,7.886264,80.949141,259.850859,44.283571,72.474703,6.611206,0,0,0,0,0,0,0,0,0.000166,0.012092,0,0.904091,0.060295,0,0,0
85156,119.635115,44.797153,Alces alces,56003281,Cervidae,LC,1,0.181275,3.179461,13.55288,27.592081,1314.730054,26.784611,-22.33511,49.119722,386.640548,124.448635,2.054987,120.640554,280.616123,7.390591,280.616123,7.390591,843.434095,824.969957,50.611064,-0.502454,30.377195,-108.976041,5900.456259,39.019371,10.335126,51.401445,44.180128,4.418427,65.638269,8.124683,179.656451,183.906333,32.170945,57.785128,5.631555,0,0,0,0.010933,0,0,0,0,0.05591,0.92388,0,0.008614,0.000663,0,0,0
84828,119.647032,41.191935,Alces alces,56003281,Cervidae,LC,0,0,8.228611,12.394674,27.259213,1214.763573,29.842247,-15.625191,45.467438,495.868921,155.952925,1.832049,120.816372,350.967741,6.842794,350.967741,6.842794,460.58351,959.235015,62.84825,-0.41436,44.686264,-36.358071,5575.051107,32.794221,10.442032,53.24843,38.030896,8.720674,63.206656,7.690702,138.54331,217.734742,38.568724,67.305131,6.33948,0,0,0,0.006462,0.00058,0.000249,0,0,0.01632,0.543368,0.00058,0.411813,0.020628,0,0,0
85649,119.662047,50.134023,Alces alces,56003281,Cervidae,LC,1,1,-2.49256,13.91029,23.157046,1720.809823,25.203844,-34.874645,60.078489,379.225321,111.076244,2.210779,118.615516,271.285784,7.246129,271.285784,9.579267,618.601853,720.771023,48.370864,-0.461993,24.785999,-201.67489,6013.81428,17.952555,11.714436,54.341839,36.153263,9.504898,45.543623,7.27217,209.402367,152.968255,28.560645,53.69446,4.777432,0,0,0,0.000248,0,0,0,0.000745,0.000828,0.917336,0,0.075375,0.005467,0,0,0
85485,119.666932,48.371308,Alces alces,56003281,Cervidae,LC,1,1,-1.501661,13.63309,23.913471,1626.106799,24.944818,-32.067661,57.012479,357.874359,108.192815,2.044295,116.489767,251.970015,7.818768,251.970015,10.377073,781.933162,729.324937,51.234034,-0.4945,24.498329,-186.089188,5944.716099,10.977476,12.322502,53.901017,30.090804,16.00818,50.068872,7.485594,200.779881,161.538224,29.409288,52.652156,4.953466,0.051603,0,0.002733,0.000166,0.001988,0,0,0.045556,0.00936,0.872111,0.000414,0.013915,0.001325,0.000248,0,0.000331
84251,119.741164,33.439441,Alces alces,56003281,Cervidae,LC,0,0,14.461753,9.168373,26.262568,938.239189,31.719088,-3.157134,34.876223,877.492781,211.887495,28.095607,77.028021,464.594247,87.358021,464.594247,87.365746,-5.527256,1030.171538,32.201456,-0.136049,92.707743,52.133197,4298.646039,2.156364,14.06094,60.819435,24.091815,15.08875,33.881558,11.006535,43.652936,302.854295,45.58771,78.259339,6.793177,0,0,0,0,0,0,0,0,0.050783,0.054097,0.087814,0.737884,0.038605,0.0029,0.000166,0.000331
85238,119.805075,45.263252,Alces alces,56003281,Cervidae,LC,1,0.910319,1.517975,13.650097,27.012097,1364.792482,25.43463,-25.125296,50.559926,395.816762,126.707845,2.839666,118.742548,283.838825,9.787009,283.838825,9.787009,989.632046,776.860346,46.333043,-0.447919,31.423626,-128.910803,5791.186293,33.344983,10.682428,56.156723,37.893682,5.949595,65.49109,8.195297,180.332772,183.064204,32.261763,58.029536,5.636756,0,0,0,0.010768,0,0,0,0,0.051934,0.898203,0,0.03777,0.000497,0,0,0.000828
85402,119.833315,47.056155,Alces alces,56003281,Cervidae,LC,1,1,-2.499405,14.603543,26.514979,1491.324456,23.216516,-31.87796,55.094476,427.680996,125.061585,4.576932,105.753662,280.121342,16.345729,280.121342,16.581833,1125.363552,690.588598,38.558709,-0.34692,30.89385,-183.369021,5635.92742,38.405208,10.142258,56.553264,19.692284,23.754452,51.678141,7.92397,197.334809,164.375186,30.493867,53.88567,5.082772,0,0,8.3e-05,0.122474,0.006625,0,0,0.123054,0.098211,0.409241,0,0.226151,0.004389,0.009771,0,0
85567,119.845615,48.830747,Alces alces,56003281,Cervidae,LC,1,1,-1.56417,13.162405,22.833748,1660.980106,25.06711,-32.591713,57.658823,358.143173,106.67984,1.512305,119.10553,257.531405,6.60164,257.531405,9.723782,707.006807,729.888302,51.027413,-0.493047,24.485156,-188.586681,5949.627508,10.116587,12.481465,56.425031,31.613486,11.961483,47.694118,7.404527,204.463731,158.150749,29.10503,52.991744,4.92707,0.001657,0,0.001408,0.000746,0.000249,0,0,0.011018,0.002154,0.953028,0,0.028829,0.000663,0.000249,0,0
85731,119.849287,50.592968,Alces alces,56003281,Cervidae,LC,1,1,-3.178989,13.946459,23.597219,1677.059001,24.234836,-34.867441,59.102277,416.575521,120.216525,2.813504,115.87409,292.540166,9.71334,292.540166,10.776306,705.165736,696.974255,42.220486,-0.39393,26.892686,-209.387675,5914.470392,34.070656,10.615826,64.658251,16.576236,18.765512,45.471712,7.409132,210.847563,152.440816,28.216594,53.117509,4.817283,0,0,0.002154,0.126678,0,0,0,0.082933,0.040679,0.429329,0,0.309196,0.008865,0.000166,0,0
84326,119.86416,27.563748,Alces alces,56003281,Cervidae,LC,0,0,15.744789,8.181152,29.474377,706.693585,30.260136,2.527219,27.732918,1723.793838,270.898324,37.855595,53.975644,675.631062,152.773037,631.751272,182.509913,600.486172,1065.897663,8.068463,0.402938,222.046866,99.24535,3445.075801,92.459268,8.685641,43.653006,11.25921,45.087784,25.092899,15.773581,5.721207,358.942621,60.783907,136.478763,8.568209,0.029088,0.200878,0,0,0.118422,0,0,0.558217,0.07997,0.003398,0.005635,0.000331,0.004061,0,0,0
84325,119.864503,26.666613,Alces alces,56003281,Cervidae,LC,0,0,18.362785,5.542476,23.478278,672.472965,30.640876,7.07646,23.564417,1580.864101,266.394725,43.120533,54.935887,624.191616,139.917007,514.669371,196.861362,97.700647,1076.418394,11.222706,0.319343,212.463098,121.78677,3376.140513,84.49043,8.79971,43.8171,14.822583,41.360317,25.992587,16.046626,5.844475,359.329072,56.571118,123.83913,7.947875,0.002154,0.086557,0,0,0.011762,0,0,0.188023,0.130374,0.011016,0.08051,0.004721,0.005881,0.024021,0,0.000745
84328,119.87343,29.36574,Alces alces,56003281,Cervidae,LC,0,0,16.350915,8.275872,25.958622,849.397388,32.408698,0.574304,31.834394,1456.035956,232.568919,38.736171,47.332927,571.288881,154.945014,510.778888,181.385798,231.4552,1109.527297,14.003711,0.239435,156.36249,84.870351,4180.415346,49.049016,10.093509,46.937598,17.673059,35.389343,28.125023,13.591179,19.038623,342.955655,50.662791,104.621942,7.682735,0.044494,0.019223,0,0.009777,0.151214,0,0,0.338056,0.247494,0.002486,0.002817,0.014251,0.101583,0.067694,0,0
84991,119.947252,42.128657,Alces alces,56003281,Cervidae,LC,0,0,6.655719,12.445414,27.148527,1236.33723,28.664,-17.173758,45.837758,450.16652,141.514667,1.789081,116.854321,314.425637,7.383684,314.425637,7.383684,720.945787,921.539283,52.337215,-0.504579,35.719461,-57.562999,5728.582872,28.666211,10.712072,47.821367,48.737207,3.441426,69.495268,7.625599,153.583443,207.959546,35.129393,61.482235,6.110435,8.3e-05,0,0,0,0,0,0,0,0,0.884287,0,0.112897,0.002733,0,0,0
85155,119.953452,43.931684,Alces alces,56003281,Cervidae,LC,0,0,6.449668,12.946368,26.633415,1324.553197,29.554887,-19.05272,48.607607,385.554947,126.287068,1.117546,123.461902,283.917206,4.631792,283.917206,4.631792,480.913929,923.614743,58.21213,-0.58206,29.314072,-69.316174,6061.981607,17.439814,11.945277,46.628584,51.957232,1.414184,66.061486,7.737638,174.10774,190.039845,31.717899,56.108196,5.593661,0,0,0,0,0,0,0,0,0,0.948162,0.000166,0.019129,0.032295,0,0,0.000248
85320,119.978838,45.728839,Alces alces,56003281,Cervidae,LC,1,1,1.325208,13.843572,26.800753,1399.503224,25.652388,-26.034726,51.687114,395.884148,126.228716,3.183322,117.665626,281.520369,10.574005,281.520369,10.574005,905.959586,772.134008,46.079951,-0.448732,30.620923,-136.793723,5847.986816,33.368399,10.658957,52.449788,44.772807,2.777405,62.095922,7.911487,182.360728,181.007684,31.063815,55.381492,5.442503,0,0,0,0,0,0,0,0,0,0.94797,0,0.05203,0,0,0,0
84332,119.98578,33.009587,Alces alces,56003281,Cervidae,LC,0,0,14.843707,8.778149,25.771294,923.844429,31.739071,-2.304355,34.043426,968.48861,222.888584,29.55764,72.110648,489.45122,93.291904,489.45122,93.291905,-0.642551,1044.069807,26.614527,-0.081196,100.058123,53.742287,4346.094988,1.242793,14.476057,56.796503,28.370609,14.832888,32.51045,11.993697,38.788968,311.114757,46.034895,80.213948,6.856095,0,0,0,0,0,0,0,0,0.275785,0.105459,0.041753,0.506835,0.042499,0.000497,0,8.3e-05
85484,120.015285,47.520514,Alces alces,56003281,Cervidae,LC,1,1,-2.927266,14.130708,25.889345,1486.685243,22.604359,-31.969748,54.574107,440.642938,127.457528,4.333129,106.099866,289.073321,15.343481,289.073321,16.082343,1126.031555,678.662284,37.091596,-0.328648,31.222849,-190.077747,5590.687862,42.36831,9.895844,52.808636,17.081247,30.110117,45.752368,8.963435,204.773656,154.08202,33.077829,56.870355,5.07914,0,0,0.000663,0.234709,0.009614,0,0,0.263302,0.102271,0.072849,0,0.280872,0.002072,0.033648,0,0
85648,120.028192,49.289837,Alces alces,56003281,Cervidae,LC,1,1,-2.003572,13.258804,22.694676,1688.440196,24.856479,-33.563591,58.420069,366.811685,108.640542,1.72366,120.177636,265.433196,6.912177,265.433196,10.066939,662.095632,726.794109,49.792024,-0.480243,24.850631,-191.985314,5951.183265,10.973743,12.468745,56.54847,35.889285,7.562245,46.31719,7.553428,206.931835,155.705697,29.322548,54.420667,4.934257,0,0,0,0,0,0,0,0,0,0.810191,8.3e-05,0.158741,0.03082,0,0,0.000166
85813,120.040758,51.051617,Alces alces,56003281,Cervidae,LC,1,1,-3.548686,13.73881,23.949612,1605.473172,23.239465,-34.130627,57.370092,450.371242,127.096974,3.054428,112.483904,309.762729,11.950495,309.762729,12.085682,779.477926,675.173177,38.593833,-0.330904,28.636711,-215.804893,5827.015134,42.762,9.920697,38.907218,15.303283,45.789499,45.537705,7.656755,214.050055,150.300255,28.057581,53.582834,4.880284,0,0,0.08314,0.236254,0.00058,0,0,0.363283,0.032792,0.239483,0,0.042812,0.001656,0,0,0
84416,120.082532,36.224614,Alces alces,56003281,Cervidae,LC,0,0,12.737498,9.235071,25.462752,983.010784,30.19499,-5.929872,36.124862,696.851001,174.636877,9.684288,93.744948,411.640828,31.672476,410.089886,31.672476,19.594074,905.952125,43.685348,-0.205659,73.157746,19.879451,4091.823171,7.044198,12.940542,60.247443,35.172182,4.580375,39.223352,7.863414,63.801434,270.78742,46.603529,74.881721,6.692289,0,0,0,0.000828,0,0,0,8.3e-05,0.001408,0.04489,0.006543,0.497184,0.243001,0,0,0.005963
84406,120.126558,27.143991,Alces alces,56003281,Cervidae,LC,0,0,17.043487,6.653179,26.545658,680.583276,30.299938,5.314238,24.9857,1627.176016,248.509855,38.744084,54.684862,621.244404,145.396147,564.607641,186.845871,332.487231,1056.271803,9.559525,0.359031,216.331796,110.756863,3350.418117,74.628733,9.009753,48.643123,13.373165,37.983712,25.252289,15.413018,5.770897,359.131729,58.724234,129.473245,8.271843,0.002153,0.110403,0,0,0.016647,0,0,0.448898,0.213765,0.011926,0.027994,0.004141,0.010187,0.033046,0,0.000414
84408,120.135032,28.943357,Alces alces,56003281,Cervidae,LC,0,0,16.528947,8.481665,27.068283,823.795268,32.334575,1.038439,31.296136,1470.505924,234.720421,38.773058,48.110836,577.88942,155.698625,522.693759,177.094382,265.155662,1117.405505,9.067657,0.252261,162.981689,91.983434,4065.424568,49.856736,9.870788,47.603343,17.261925,35.134732,27.623074,13.401093,15.63066,346.554368,52.290694,108.191917,7.723176,0.022062,0.026938,0,0.002314,0.134523,0,0,0.46389,0.220459,0.002644,0.001901,0.030656,0.089489,0.004875,0,0
85401,120.156374,46.193904,Alces alces,56003281,Cervidae,LC,1,1,0.958832,14.203184,27.246278,1408.207769,25.495879,-26.636666,52.132546,403.518223,127.255741,3.45597,116.169614,283.879799,11.596523,283.879799,11.596523,882.992208,755.79556,44.324512,-0.426904,30.735636,-147.732319,5840.046947,34.60276,10.483205,55.091274,42.493622,2.415103,59.160764,7.885286,184.428205,178.421951,30.445906,54.030301,5.333206,0,0,0,0,0,0,0,0,0.000166,0.984591,0,0.015243,0,0,0,0
84410,120.164452,30.75452,Alces alces,56003281,Cervidae,LC,0,0,15.914774,7.914501,24.167347,894.918026,32.479902,-0.214965,32.694867,1180.442442,185.002156,38.36781,50.890643,477.926093,128.03687,477.400513,161.805772,19.259348,1063.336491,21.870816,0.106031,130.851355,79.620494,4131.130122,9.349994,13.657526,51.019769,31.694675,17.285556,28.969971,12.738011,22.402415,336.134911,49.812468,98.457733,7.481485,0,0,0,0.000166,0.005301,0,0,0.035699,0.493498,0.00878,0.087385,0.057484,0.152241,0.063696,0,0.000828
85566,120.200866,47.984363,Alces alces,56003281,Cervidae,LC,1,1,-2.584185,13.688691,25.110523,1508.216337,22.722121,-31.795933,54.518054,426.584984,126.022298,3.255611,111.365867,289.661742,11.274453,289.661742,12.688548,1011.570075,689.274807,39.342288,-0.362418,30.142913,-188.905726,5658.714151,35.026297,10.364886,52.962435,16.174636,30.862929,50.805345,8.042945,197.640117,163.771402,30.661709,54.749082,5.112055,0.037028,0,0.003313,0.237989,0.030152,0,0,0.170974,0.127899,0.039099,0,0.275762,0,0.077783,0,0
85730,120.214785,49.748585,Alces alces,56003281,Cervidae,LC,1,1,-3.11332,13.82064,23.588,1669.575746,24.029111,-34.569503,58.598614,404.273876,118.542179,2.174768,118.528715,289.212238,7.419718,289.212238,9.898051,768.259731,700.98224,43.687699,-0.411474,26.987559,-201.167706,5850.950606,25.326026,10.913152,71.47534,18.682499,9.842161,44.691702,7.489,208.784978,153.552915,29.126547,54.75196,4.852499,0,0,0,0.020454,0,0,0,0.000248,0.03155,0.596804,0,0.348046,0.002816,8.3e-05,0,0
84412,120.23314,32.580103,Alces alces,56003281,Cervidae,LC,0,0,15.074723,8.978174,26.396526,915.048896,32.106756,-1.903379,34.010134,989.744028,204.599359,31.920918,64.350821,474.291647,103.374751,474.291647,103.374751,2.755073,1030.98059,24.401718,-0.042486,104.472191,53.723514,4249.438244,0.545997,14.617316,64.784826,22.62105,12.594124,31.495664,12.948328,38.759873,313.779391,46.252075,80.968894,6.839495,0,0,0,0,0,0,8.3e-05,0,0.09691,0.018388,0.003727,0.783152,0.085563,0.009194,0,8.3e-05
85894,120.236594,51.50998,Alces alces,56003281,Cervidae,LC,1,1,-3.710092,13.967066,23.818408,1636.67751,23.619931,-34.991322,58.611253,451.407628,124.711557,3.136838,110.143589,306.304535,12.322919,306.304535,12.355526,708.56039,678.834424,38.854338,-0.336242,28.302564,-214.359552,5887.749582,47.851207,9.555098,32.795479,16.446444,50.758078,44.321083,7.903507,217.058716,147.731934,27.901625,54.047365,4.903465,0,0,0.175346,0.121782,0.001407,0,0.000745,0.4531,0.038414,0.184287,0,0.024091,0.000828,0,0,0
85154,120.265665,43.063606,Alces alces,56003281,Cervidae,LC,0,0,7.038312,12.549347,25.890648,1328.1844,30.340031,-18.130968,48.470999,412.854577,127.696167,2.476614,113.595862,284.588529,9.03055,284.588529,9.03055,372.072083,962.36406,60.287319,-0.602892,29.472026,-53.663543,6054.123908,2.764262,14.107835,35.962495,63.453083,0.584422,66.928917,8.091459,155.594931,206.149962,35.098542,62.098099,6.078882,0,0,0,0,0,0,0.023437,0,0,0.859379,0,0.101201,0.00265,0,0,0.013333
85319,120.293848,44.863943,Alces alces,56003281,Cervidae,LC,0,0,4.192927,13.182732,27.213544,1304.106163,27.416194,-21.019389,48.435583,391.09468,129.052876,1.496788,124.410515,290.30229,5.622275,290.30229,5.622275,685.088718,841.57412,50.521271,-0.502213,31.432466,-99.99159,5879.012933,34.30381,10.463977,47.887253,49.778813,2.333934,66.750169,8.443332,178.032897,185.016364,33.059495,59.565131,5.751891,0,0,0,0.000497,0,0,0,0,0,0.984095,0,0.000414,0.014993,0,0,0
85483,120.337663,46.658437,Alces alces,56003281,Cervidae,LC,1,1,0.29524,14.566982,28.152846,1376.331506,24.719956,-27.023824,51.74378,423.232703,132.004837,3.74201,114.636305,293.910257,12.997239,293.910257,12.998829,952.854094,725.06956,39.601127,-0.37179,32.054577,-162.344727,5728.709719,47.791735,9.861872,56.394467,32.556681,11.048853,54.263565,8.14862,190.788967,171.298636,30.867186,55.359273,5.263789,0,0,8.3e-05,0.032226,0.000414,0,0,0.001574,0.219369,0.658272,0,0.086405,0.001408,0.000249,0,0
163296,120.353448,23.170671,Alces alces,56003281,Cervidae,LC,0,0,23.207946,7.314759,40.055379,407.196972,31.845993,13.581091,18.264902,2199.539829,501.330995,17.793139,100.384,1367.360192,64.077198,1366.20694,88.376251,107.578466,1329.343508,58.579049,0.35527,409.303767,221.32498,2433.735586,26.517342,11.539784,60.026372,20.7076,19.266027,25.914667,26.093114,0.269688,364.968782,62.929972,138.954355,7.527521,0,0.088996,0,0,0,0,0,0.161584,0.119572,0.043338,0.027594,0.246271,0.155204,0.118744,0,0.020633
85647,120.382754,48.44334,Alces alces,56003281,Cervidae,LC,1,1,-2.642923,13.5259,24.216413,1578.580334,23.152023,-32.707088,55.859111,416.4548,124.105069,2.593016,115.213885,290.706017,8.911294,290.706017,11.281486,887.426734,700.357095,41.308368,-0.390659,29.277537,-187.390037,5731.904463,29.990163,10.422191,61.486207,15.334134,23.179659,49.209979,7.855252,199.520169,162.406928,30.251084,54.743357,5.097486,0.001409,0,0.001989,0.152705,0.003729,0,0,0.073328,0.1363,0.156682,8.3e-05,0.430773,0,0.042754,0,0.000249
84488,120.390796,27.621406,Alces alces,56003281,Cervidae,LC,0,0,17.444233,7.425786,27.550989,714.201801,31.267082,4.355472,26.91161,1549.506714,226.058916,38.799907,51.334134,576.181,156.73717,530.794831,169.757021,204.606944,1069.461795,7.684589,0.353846,208.058781,110.086724,3493.97928,75.102043,9.345592,51.610754,17.044383,31.344864,25.286722,15.32862,5.996126,358.80375,58.738257,129.160054,8.286639,0.013836,0.046645,0,0,0.048799,0,0,0.331152,0.29652,0.011599,0.002983,0.06512,0.094532,0.060812,0,0.000663
85812,120.405517,50.207,Alces alces,56003281,Cervidae,LC,1,1,-3.255702,14.196565,23.948424,1681.370896,24.203742,-35.092201,59.295943,420.656045,123.266684,2.377074,118.202553,299.451785,7.99499,299.451785,9.76588,724.230288,698.464659,41.656874,-0.388779,27.53151,-203.651633,5888.4803,27.871736,10.686454,67.377387,19.387927,13.234686,44.589071,7.564061,209.343091,153.236651,29.111884,54.932095,4.872702,0,0,0,0.070488,0,0,0,0.044811,0.056821,0.371324,0,0.442475,0.013087,0.000994,0,0
84490,120.406384,29.423546,Alces alces,56003281,Cervidae,LC,0,0,15.666172,8.100835,25.583024,847.027616,31.784437,0.151371,31.633067,1416.443244,217.609542,39.395847,46.690059,537.913929,151.13894,507.052455,171.933523,293.667388,1083.618492,7.146592,0.258599,158.684659,81.248257,4062.476033,62.318284,9.575957,45.517839,14.648662,39.8335,27.928642,13.291797,17.09957,344.803859,51.458025,105.285954,7.722763,0.034217,0.019056,0,0.013587,0.193455,0,0,0.466611,0.154681,0.00058,0.00174,0.015079,0.061392,0.038525,0,0
85072,120.415565,41.725285,Alces alces,56003281,Cervidae,LC,0,0,8.065661,12.308957,26.848819,1238.021279,29.817208,-16.02738,45.844588,476.92246,155.050517,1.892826,120.445019,337.062842,6.92129,337.062842,6.92129,383.497742,981.104435,57.728109,-0.502843,37.521062,-40.904094,5836.155462,32.152607,10.635046,42.646007,52.234324,5.119669,63.209528,8.30347,144.87652,213.805108,37.46501,66.121349,6.292992,0,0,0,0,8.3e-05,0,0,0,0.000746,0.604424,0,0.364593,0.030072,0,0,8.3e-05
84491,120.422496,30.329129,Alces alces,56003281,Cervidae,LC,0,0,16.327333,7.647042,24.004315,869.426797,32.611093,0.793948,31.817145,1253.788347,183.678883,42.543416,44.751608,461.099769,146.963267,452.000322,176.014821,11.160495,1087.814366,13.033209,0.155728,138.561125,82.674083,4225.220477,4.882346,14.034002,55.572698,31.248926,13.178377,28.179404,13.183709,19.214603,342.285387,50.068315,101.498164,7.586161,0.000331,0,0,0,0.005715,0,0,0.00497,0.201358,0.001408,0.018222,0.095834,0.531765,0.075209,0,0.00116
84492,120.447,31.238162,Alces alces,56003281,Cervidae,LC,0,0,15.748382,7.093739,22.058284,903.821506,31.754854,-0.310578,32.065431,968.935084,156.514598,31.867827,54.359231,425.855567,105.803622,425.855568,133.655564,3.182149,1026.631995,22.960684,-0.035294,111.753989,75.605211,3994.625038,5.092335,13.743366,54.847594,33.801912,11.350494,29.161584,11.937213,22.637102,333.233322,49.070312,92.046001,7.311491,0,0.000166,0,0,0.007123,0,0,0,0.194566,0.006378,0.036279,0.018305,0.318148,0.006295,0,0.001822
85400,120.470013,45.32927,Alces alces,56003281,Cervidae,LC,1,0.552247,3.295007,13.210729,26.927755,1328.062433,26.651259,-22.406112,49.057371,393.355615,130.151461,1.87384,124.012072,290.763383,6.648573,290.763383,6.648573,692.328901,819.085376,48.776966,-0.482136,31.351851,-112.577792,5883.61018,36.51778,10.487197,52.402733,44.205363,3.391903,65.000853,8.221579,178.260713,184.862152,32.441752,57.969855,5.649546,0,0,0,0.000911,0,0,0,0,0.000166,0.997184,0,0.001077,0.000663,0,0,0
85565,120.522693,47.122431,Alces alces,56003281,Cervidae,LC,1,1,-1.714342,13.763088,27.338572,1344.045328,22.345211,-28.035535,50.380746,465.696129,141.537829,4.07981,112.463317,318.620035,14.346936,318.620035,14.357061,1182.152521,672.36945,36.057895,-0.262899,34.962853,-181.883689,5471.661893,59.416207,9.453568,33.490319,20.566045,45.943636,52.330217,8.113226,195.59784,165.925947,30.895386,55.103556,5.179672,0,0,0.00439,0.177338,0.025263,0,0,0.29479,0.264971,0.227367,0,0.005881,0,0,0,0
84494,120.533557,33.067871,Alces alces,56003281,Cervidae,LC,0,0,14.642973,8.608312,25.834957,901.442254,31.427817,-1.792599,33.220417,1003.497826,215.989709,28.366853,68.927845,495.593019,93.975519,494.860235,93.975519,1.328881,1022.53299,30.1235,-0.040854,104.656984,54.173192,4185.994351,0.469239,14.615766,64.820016,23.516799,11.663185,31.846607,11.141145,34.017693,314.901073,47.287399,81.761047,6.959402,0,0,0,0,0,0,0,0,0.074458,0.010436,0.019712,0.80371,0.02054,0.031058,0,0.006543
85729,120.56857,48.90194,Alces alces,56003281,Cervidae,LC,1,1,-2.552155,13.137996,23.670346,1582.468972,23.037378,-32.48228,55.519658,420.122443,125.741689,2.033662,118.220477,299.164293,7.181938,299.164293,9.460874,852.304009,696.944089,40.951902,-0.381543,29.457745,-190.33676,5734.787915,27.114865,10.941197,67.465914,12.753676,19.78041,47.415609,7.704511,203.320504,159.051251,29.693637,54.678903,5.034876,0.007454,0,0.002899,0.140053,0.001408,0,0,0.017227,0.085556,0.341063,0,0.380984,0,0.023356,0,0
85153,120.573481,42.192876,Alces alces,56003281,Cervidae,LC,0,0,7.312389,12.131845,26.384988,1247.784951,29.212315,-16.767788,45.980103,463.146615,147.578315,1.720102,118.201293,324.816866,6.6489,324.816866,6.6489,506.890071,941.681471,52.795404,-0.524069,35.212164,-53.683781,5800.852059,26.394076,10.882789,43.833897,52.327744,3.838359,66.49952,8.064364,151.775753,209.224668,35.651059,62.803496,6.136255,8.3e-05,0,0,0.000994,0.000166,0,0,0,0.001574,0.880229,0,0.116707,8.3e-05,0,0,0.000166
85893,120.600517,50.665087,Alces alces,56003281,Cervidae,LC,1,1,-3.748084,14.462362,24.934517,1602.269013,23.407955,-34.587163,57.995118,452.192756,129.580912,2.950918,114.429867,314.617106,11.206299,314.617106,11.470106,794.160736,677.708409,37.92753,-0.333608,28.803598,-211.043215,5821.822273,36.54588,10.226126,39.183518,16.449529,44.366953,44.635761,8.008539,211.014571,152.354405,29.629663,56.350402,5.004039,0,0,0.082221,0.228595,0.000663,0,0,0.266473,0.062329,0.290095,0,0.068297,0.000497,0.000829,0,0
163377,120.602317,22.75749,Alces alces,56003281,Cervidae,LC,0,0,21.68607,7.337427,43.290629,356.744798,29.518354,12.556297,16.962057,2942.556177,719.655596,21.889185,103.784454,1824.794606,81.48922,1818.32156,89.707311,493.390578,1261.241954,48.24694,0.541762,621.133028,210.598618,2227.072974,93.309097,9.409872,51.238535,12.815951,35.945515,25.196203,27.829524,0.035623,365.240764,64.100239,141.484555,7.51691,0.002153,0.407239,0,8.3e-05,0.000331,8.3e-05,0,0.057727,0.114792,0.016399,0.001574,0.12001,0.081994,0.19455,0,0.001242
163378,120.62419,23.63714,Alces alces,56003281,Cervidae,LC,0,0,20.787527,7.748649,41.535112,405.465767,29.573751,10.878818,18.694933,2137.349473,436.195657,19.848478,89.461437,1218.620665,78.121944,1218.332733,119.951928,495.433181,1212.066039,46.248744,0.456692,467.292957,193.614295,2405.440881,74.783857,9.505642,52.072015,11.959245,35.96874,24.085471,24.521013,0.325207,364.907015,62.003899,136.398171,7.455334,0,0.361024,0,0,0,0,0,0.107918,0.118519,0.028739,0.001905,0.217741,0.099304,0.063359,0,0.001408
85482,120.6501,45.794044,Alces alces,56003281,Cervidae,LC,1,1,2.52282,13.631226,27.399322,1340.952921,26.189168,-23.560828,49.749997,406.518402,133.592119,2.416537,122.578236,297.293199,8.07698,297.293199,8.07698,737.495629,790.292187,46.404191,-0.446701,31.845405,-127.231615,5852.743481,37.175138,10.286656,49.978982,47.12493,2.896088,62.078302,8.092202,179.275218,183.648343,31.445171,55.931327,5.504388,0,0,0,0.000497,0,0,0,0,8.3e-05,0.99561,0,0.00058,0.003231,0,0,0
84570,120.657401,28.098886,Alces alces,56003281,Cervidae,LC,0,0,16.823073,6.958215,25.607881,739.222677,30.887495,3.747649,27.139846,1539.604163,224.669847,42.54413,48.383763,567.101015,169.433193,524.065343,174.328448,219.625338,1041.417426,2.195333,0.392202,210.859304,102.584366,3459.820816,85.583735,9.041434,47.351682,19.009958,33.63836,25.754045,14.839906,6.887588,357.885953,56.771845,122.516295,8.067324,0.034768,0.074421,0,0,0.078477,0,0,0.366887,0.204387,0.017964,0.00654,0.009603,0.15654,0.014652,0,0.003146
84571,120.666576,28.999939,Alces alces,56003281,Cervidae,LC,0,0,14.913819,8.086464,26.341717,810.504952,30.614762,-0.065336,30.680098,1523.504434,229.578195,40.696168,48.376209,573.864188,159.852166,562.942488,172.151266,446.61833,1031.227153,1.158378,0.360181,184.30396,80.441256,3716.818664,79.227643,9.097261,41.341306,12.852071,45.806623,27.19053,13.246291,12.367129,350.214833,53.092529,109.068304,7.780808,0.067624,0.050946,0,0.01311,0.281198,0,0,0.416445,0.092267,0.001245,0.00083,0.0307,0.022984,0.022652,0,0
84573,120.702723,30.811257,Alces alces,56003281,Cervidae,LC,0,0,15.977179,7.842379,24.140602,887.599942,32.557074,0.078543,32.478531,1065.232263,166.598106,35.651377,50.518481,433.529419,120.899098,432.358456,154.138112,5.100491,1047.060634,16.791791,0.016322,118.525256,79.179805,4033.520112,0.53144,14.73266,58.920006,29.285933,11.794061,28.297802,12.300133,17.931603,341.227023,49.815768,96.229556,7.445426,0,0,0,0,0.000166,0,0,0,0.221753,0.027005,0.04117,0.280732,0.259526,0.133946,0,0.000249
85646,120.711462,47.58588,Alces alces,56003281,Cervidae,LC,1,1,-2.200548,13.457921,26.865352,1347.924419,21.74829,-28.368465,50.116755,474.603803,144.247065,3.636675,113.734996,326.971122,12.982274,326.971122,12.985843,1195.496187,659.85686,36.88078,-0.243568,35.377961,-187.837845,5422.094595,53.48666,9.568954,33.115935,20.728301,46.155764,51.61425,8.154323,196.477746,164.921193,31.016035,55.393124,5.17724,0,0,0.002567,0.148712,0.052331,0,0,0.60785,0.091993,0.095719,0,0.000662,0,0,0,0
85071,120.725363,40.851526,Alces alces,56003281,Cervidae,LC,0,0,8.673966,10.301689,24.055455,1189.867208,29.223181,-13.555307,42.778488,549.217743,173.274805,2.129738,120.415558,384.611298,8.212458,384.611298,8.212458,117.031111,927.954452,61.405187,-0.374262,48.355292,-30.77748,5194.732652,25.716834,11.026451,50.189918,41.767074,8.043008,54.430219,7.852495,124.104502,226.637982,40.345515,69.2648,6.409832,0,0,0,0.004143,0.000414,0.000414,0,0.000746,0.010439,0.314913,0.004971,0.480779,0.073322,0,0,8.3e-05
84660,120.747321,36.752528,Alces alces,56003281,Cervidae,LC,0,0,12.31743,9.649743,26.291359,989.197114,29.951389,-6.684887,36.636276,716.298519,189.021641,9.363622,100.281083,437.507126,30.004453,436.896784,30.004453,48.293508,897.079103,44.999073,-0.180357,73.812744,7.728097,4249.837104,10.398488,12.407518,65.572431,30.248834,4.178735,39.655476,7.108814,69.441114,264.193785,46.219153,74.128648,6.65975,0,0,0,0.001491,0,0,0,8.3e-05,0.000248,0.029322,0.000911,0.820012,0.079848,0,0,0.004804
85811,120.758433,49.360168,Alces alces,56003281,Cervidae,LC,1,1,-2.860246,13.624254,23.54018,1650.331225,23.725501,-34.151986,57.877487,419.980617,126.682426,2.159735,120.266706,302.519248,7.509537,302.519248,9.816402,743.010284,706.070997,41.67082,-0.392168,28.916454,-190.1376,5828.029474,21.512225,11.981219,64.419116,21.655359,13.925526,45.713884,7.874727,205.441291,157.113767,29.739975,55.68969,5.028112,0,0,0.000248,0.050112,8.3e-05,0,0,0.02634,0.071068,0.202767,0.000248,0.618653,0.019299,0.011182,0,0
85399,120.775641,44.462183,Alces alces,56003281,Cervidae,LC,0,0,6.478193,12.267416,25.478431,1331.167447,29.384873,-18.766725,48.151598,385.369957,128.435024,1.081212,125.639673,287.695872,4.131576,287.695872,4.131576,361.537656,904.902235,55.918076,-0.559139,30.491746,-73.660215,5956.036838,15.190889,12.29023,44.45792,54.177046,1.365034,64.749103,8.500216,173.259308,189.95186,33.036156,59.27559,5.755054,0,0,0,0,0,0,0,0,0,0.982771,0,0.003479,0.013418,0,0,0.000331
85975,120.799917,51.122855,Alces alces,56003281,Cervidae,LC,1,1,-4.293695,14.476453,25.62888,1544.89124,22.554881,-33.904574,56.459455,482.006436,135.34066,2.901405,112.059635,330.852418,11.652246,330.852418,11.652246,917.872697,649.274757,38.306759,-0.262494,30.3471,-219.982728,5705.234673,44.711659,9.912307,25.708539,17.393826,56.897636,44.566646,8.110969,212.141794,151.773806,29.428061,56.226342,5.02268,0,0,0.20383,0.056366,0.009698,0,0.000995,0.65368,0.000414,0.067805,0,0,0.007212,0,0,0
85564,120.834084,46.258254,Alces alces,56003281,Cervidae,LC,1,1,2.01771,13.776227,27.417114,1352.359212,25.724748,-24.521208,50.245956,414.953093,135.636572,2.675571,121.80446,301.707881,9.096658,301.707881,9.096658,723.881333,773.426984,44.910174,-0.424975,31.992215,-137.666699,5847.686761,45.605996,9.944629,54.99855,40.859868,4.141582,58.837195,8.010331,184.392568,178.068977,30.90522,55.204274,5.376685,0,0,0,0.00555,0,0,0,0,0.004391,0.981277,0,0.007953,0.000828,0,0,0
86139,120.851701,52.883432,Alces alces,56003281,Cervidae,LC,1,1,-4.345755,14.579618,24.873273,1635.02205,23.907282,-34.663276,58.570558,442.371139,116.662168,2.921868,108.29392,298.334871,11.026809,298.334871,11.029405,683.769348,662.603724,38.571945,-0.324771,27.76751,-216.387526,5896.857849,46.614786,9.639034,25.999544,18.403063,55.597393,43.39405,8.251503,223.733558,141.420808,27.589587,55.248583,4.955324,0.000497,0,0.574565,0.007622,0.004308,0,0,0.41135,0,0.001574,8.3e-05,0,0,0,0,0
85728,120.903975,48.04878,Alces alces,56003281,Cervidae,LC,1,1,-2.340988,13.111675,25.497264,1409.475669,21.927583,-29.524439,51.452022,467.966545,142.287137,3.184556,115.241567,325.798087,11.63709,325.798087,11.790383,1066.0144,671.31525,38.535473,-0.278926,34.454644,-185.634859,5502.421206,49.564778,9.690758,30.993663,20.993643,48.012694,51.340681,8.113955,196.461263,165.219674,31.096843,56.205737,5.24494,0,0,0.000331,0.283585,0.059467,0,0,0.478466,0.095909,0.063111,0,0.014494,0.002319,0.002319,0,0
84651,120.926576,28.576459,Alces alces,56003281,Cervidae,LC,0,0,15.232389,6.902043,24.454209,772.523392,30.02531,1.842432,28.182878,1572.71411,229.031803,43.423968,48.623499,582.637399,171.508728,570.460795,174.744273,406.992486,991.608539,0.207933,0.416954,206.969821,88.05515,3394.345903,101.485662,8.562467,40.450447,11.497912,48.051641,25.528427,14.138595,7.474501,356.987422,55.84678,117.747466,7.949584,0.047371,0.239172,0,0.008116,0.247536,0,0,0.341532,0.090766,0.003313,0.003313,0.00472,0.002733,0.002816,0,0
85892,120.952467,49.818032,Alces alces,56003281,Cervidae,LC,1,1,-3.79956,14.536869,25.13258,1601.742695,23.138243,-34.702302,57.840545,452.228907,133.304525,2.533797,117.846552,320.83485,8.765884,320.83485,9.871195,848.887086,681.047011,37.52289,-0.332796,30.104735,-200.61323,5744.856082,28.519432,10.848056,57.610682,13.302566,29.086752,44.734258,7.875786,208.819356,154.059095,29.686002,56.019029,4.996038,0,0,8.3e-05,0.276056,0.001243,0,0,0.014747,0.280282,0.139851,0,0.278128,0.005634,0.003977,0,0
84824,120.966719,37.689807,Alces alces,56003281,Cervidae,LC,0,0,11.8993,9.127482,24.918897,1005.447551,29.419515,-7.178695,36.59821,613.791456,166.433713,8.082231,100.587378,378.925408,29.722392,371.571696,29.733727,48.196599,895.96738,52.701474,-0.304612,64.896109,9.020879,4438.313199,19.463319,11.346525,64.0166,29.921728,6.061672,42.648985,7.220736,79.433304,256.696616,45.346398,73.28696,6.596931,0,0,0,0.000497,0,0,0,8.3e-05,0.001988,0.04713,0.002154,0.480245,0.068914,0.000828,0,0.001657
84654,120.987272,31.293718,Alces alces,56003281,Cervidae,LC,0,0,15.804448,7.520997,23.507882,885.333632,31.995655,0.023599,31.972056,1024.919325,168.614259,37.847329,52.462941,438.665286,126.278307,437.366776,141.66287,3.102854,1006.674315,18.528,0.031044,116.277131,69.9955,3913.196849,0.665622,14.663637,55.518618,34.617291,9.864091,29.02144,11.60066,20.833021,334.579173,49.335179,91.806964,7.319119,0,0,0,0,0,0,0,0,0.201657,0.03604,0.061143,0.116321,0.48227,0.000911,0,0.000166
86057,121.003857,51.58031,Alces alces,56003281,Cervidae,LC,1,1,-4.023277,14.070122,24.810829,1569.255338,22.944152,-33.746494,56.690646,473.504739,130.092685,2.749956,110.275651,321.213454,11.22572,321.213454,11.22572,801.927063,661.012486,37.562925,-0.288661,29.449692,-217.477938,5810.876488,52.195347,9.553483,26.084284,16.381619,57.534097,43.370845,8.073613,217.492164,147.225624,28.490264,55.634674,4.977273,0,0,0.14952,0.036448,0.002651,0,8.3e-05,0.802353,0,0.00729,0,0,0.001657,0,0,0
85645,121.021944,46.721891,Alces alces,56003281,Cervidae,LC,1,1,1.403959,14.12566,27.785519,1352.802731,25.379338,-25.454787,50.834125,429.266239,139.509471,2.698246,121.484043,311.006022,9.312771,311.006022,9.313225,768.672931,748.36731,42.798756,-0.387751,32.834161,-149.172187,5781.062439,52.421964,9.702642,56.872771,30.818765,12.308463,54.94387,8.205007,189.598412,172.533586,31.062,55.936678,5.32081,0,0,0,0.063137,0,0,0,0,0.219157,0.686221,0,0.026348,0.005137,0,0,0
84655,121.026829,32.20662,Alces alces,56003281,Cervidae,LC,0,0,15.244615,7.737126,24.147541,888.130994,31.541124,-0.49125,32.032373,1027.806985,175.96697,28.977443,55.40062,449.804471,107.792688,448.926296,107.792687,3.794139,947.03096,12.315185,0.088878,117.176291,52.268672,3803.804329,0.344005,14.651297,64.352141,25.198256,10.449604,31.054262,10.902362,29.504046,320.721658,47.442957,82.965281,7.013962,0,0,0,0,0,0,0,0,0.09894,0.000166,0,0.74466,0.143484,0.008362,0,8.3e-05
85810,121.100247,48.511128,Alces alces,56003281,Cervidae,LC,1,1,-2.829633,12.983889,24.90154,1439.831429,21.620765,-30.540611,52.161376,475.268925,144.936042,2.629709,117.666434,336.065181,9.800704,336.065181,10.198496,1047.51517,665.421625,41.731744,-0.266604,34.910781,-188.386593,5491.94041,40.884556,10.110172,37.843577,15.694939,46.461484,50.852033,8.044373,197.010504,164.947941,30.87529,56.35003,5.238493,0,0,0.000746,0.350924,0.100737,0,0,0.288874,0.153426,0.039433,0,0.056002,0.002817,0.007042,0,0
85563,121.136371,45.391757,Alces alces,56003281,Cervidae,LC,1,0.178826,4.81655,12.809063,26.155965,1347.687873,28.010252,-20.964303,48.974555,402.047072,134.33454,1.617244,125.13733,298.689452,5.8745,298.689452,5.8745,443.288199,850.510069,51.006848,-0.508382,30.959323,-101.509809,5949.466921,23.558096,11.448066,46.108474,51.825982,2.065544,63.946418,8.083386,176.776617,186.260927,31.523427,56.141753,5.56132,0,0,0,0,0,0,0,0,0.000166,0.983683,0,0.013336,0.002816,0,0,0
163540,121.145452,23.688253,Alces alces,56003281,Cervidae,LC,0,0,13.046479,8.183831,43.773521,388.893934,21.876385,3.26942,18.606965,2935.300523,491.241701,63.516934,62.084586,1292.529114,211.728471,1264.825572,269.74928,1870.967674,972.718994,13.173303,0.614831,629.833638,127.678211,1798.129717,224.828602,7.210653,23.409932,6.562958,70.027109,22.363086,25.27966,0.043149,365.238813,62.197071,136.790442,7.398656,0.150302,0.737344,0,0.00174,0.04698,0,0,0.040517,0.013091,0.003149,0.001657,0.000746,0,0.004391,0,8.3e-05
85974,121.1508,50.275537,Alces alces,56003281,Cervidae,LC,1,1,-3.786261,14.794729,25.648139,1586.251974,23.257005,-34.454733,57.711738,469.562099,136.18451,2.655491,115.68457,328.442362,9.980442,328.442362,10.456729,840.292569,673.740429,39.996808,-0.3104,29.970302,-206.22467,5772.302784,36.110174,10.294165,44.248157,15.842383,39.90946,44.191248,8.202285,210.446741,152.764542,30.302434,57.76226,5.085072,0,0,0.025346,0.28924,0.087634,0,0,0.177255,0.134598,0.136834,0,0.148845,0.000166,8.3e-05,0,0
86138,121.212481,52.037461,Alces alces,56003281,Cervidae,LC,1,1,-4.44126,14.263319,24.316732,1637.169117,23.500337,-35.121371,58.621708,469.07427,125.996949,2.937218,108.097338,314.031824,11.89142,314.031824,11.89142,741.962351,663.97048,37.572623,-0.298544,28.967747,-217.477515,5859.688765,53.322752,9.371567,26.915083,16.730765,56.354152,43.171921,8.138506,218.690797,146.378617,28.274664,55.51573,4.973077,0,0,0.269722,0.057756,0.008204,0,0,0.663573,0,0.000746,0,0,0,0,0,0
85727,121.213673,47.18495,Alces alces,56003281,Cervidae,LC,1,1,1.020781,13.653187,27.095235,1351.274718,24.81987,-25.568451,50.388321,437.294628,141.59125,2.503626,121.71609,316.382427,8.883576,316.382427,8.887849,757.434736,735.61491,41.736363,-0.372294,33.127381,-155.53645,5749.559609,55.311735,9.579232,49.637591,24.695224,25.667184,53.841119,8.280596,191.007412,170.918681,31.338541,56.457963,5.327767,0,0,0.002237,0.127816,0.001657,0,0,0.050779,0.498095,0.273774,0,0.045643,0,0,0,0
84734,121.216261,29.958201,Alces alces,56003281,Cervidae,LC,0,0,15.793134,7.613056,24.475776,846.555657,31.833726,0.749401,31.084324,1250.033233,185.679463,41.876383,44.867896,455.534019,146.559855,450.222993,162.991618,154.514096,1034.310705,5.220599,0.235291,152.725144,81.223539,3856.618258,43.505512,11.079555,47.716337,19.411165,32.872497,28.132242,12.612849,15.231977,345.518917,51.296244,102.150407,7.651834,0.028079,0.042823,0,0.004307,0.110577,0,0,0.300422,0.157956,0.017726,0.003562,0.1124,0.190508,0.024352,0,0
84735,121.241406,30.865552,Alces alces,56003281,Cervidae,LC,0,0,16.067792,7.629406,24.023308,871.834784,32.467853,0.742157,31.725697,1021.84295,165.753637,38.348742,50.570834,412.819204,125.470161,412.299893,135.291751,2.705461,1024.661331,13.332418,0.030918,118.910199,78.491945,3882.985113,0.499594,14.691423,60.030005,27.562761,12.407234,28.222349,11.922928,15.99457,342.627619,50.150353,95.770326,7.451146,0,0,0,0,0,0,0,0,0.100381,0.005135,0.004141,0.415852,0.302137,0.048948,0,0.000166
85891,121.293203,48.968819,Alces alces,56003281,Cervidae,LC,1,1,-2.836789,13.176757,23.943426,1547.627839,22.500751,-32.53808,55.038831,461.55561,142.411535,2.119603,120.582582,331.438479,7.71777,331.438479,8.61693,866.050891,686.148412,42.497643,-0.310499,33.526284,-183.767504,5644.609016,33.098414,10.655172,57.09055,10.765478,32.143972,46.29801,8.054386,203.980133,158.607516,30.161091,56.26487,5.11543,0,0,8.3e-05,0.33256,0.005798,0,0,0.060631,0.293713,0.036859,0,0.244264,0.006544,0.019548,0,0
85644,121.322817,45.855655,Alces alces,56003281,Cervidae,LC,1,0.995576,3.622208,13.133936,26.931224,1323.116874,26.617674,-22.150763,48.768438,413.361752,140.093402,1.826466,127.183892,310.041985,6.244172,310.041985,6.244172,568.182689,809.22895,47.688359,-0.455143,32.265626,-119.209119,5876.342326,35.70466,10.499292,50.510804,44.726035,4.763161,62.350168,8.065665,178.119739,184.770388,31.35529,55.727596,5.512708,0,0,0,0.004721,0,0,0,0,0.001077,0.963389,8.3e-05,0.027168,0.003396,0,0,0.000166
86056,121.353565,50.732691,Alces alces,56003281,Cervidae,LC,1,1,-4.047436,15.074457,26.078331,1567.962659,23.255407,-34.53646,57.791868,483.007694,138.08781,2.797571,113.781351,334.398476,11.193666,334.398476,11.25592,845.174403,664.471111,38.464675,-0.287842,29.956003,-211.762945,5779.763243,38.433579,10.20213,30.185275,17.586,52.228725,44.152805,8.263048,211.240353,152.382047,30.135875,57.593624,5.094939,0,0,0.138657,0.112317,0.028659,0,0,0.52431,0.020542,0.14901,0,0.010768,0.015738,0,0,0
85809,121.409269,47.647423,Alces alces,56003281,Cervidae,LC,1,1,-0.028564,12.95448,26.045754,1354.136652,23.491027,-26.247116,49.738143,457.166791,147.32028,2.433279,121.80229,330.46774,8.889769,330.46774,8.891556,862.747183,705.947482,41.870934,-0.318361,34.849358,-165.769903,5619.241889,64.688913,9.324594,39.644304,23.893092,36.462603,52.878966,8.205417,194.218343,167.602933,31.503433,57.040437,5.348968,0,0,0.000829,0.18215,0.010442,0,0,0.284329,0.369852,0.129693,0,0.022707,0,0,0,0
84809,121.419163,24.153188,Alces alces,56003281,Cervidae,LC,0,0,12.837587,7.779967,40.645102,424.821768,22.024112,3.031457,18.992655,3012.808756,416.434464,83.143607,49.48704,1183.21082,286.635867,1093.04586,355.022559,1747.917816,933.586682,0.769636,0.650214,622.019104,119.278976,1864.761771,222.490955,7.280711,26.587641,6.295326,67.117033,22.737394,21.502218,0.34234,364.853012,58.565185,127.80702,7.363275,0.136409,0.696041,8.3e-05,0.002319,0.063525,0,0,0.027083,0.014494,0.011264,0.001077,0.004224,0.013169,0.002319,0,8.3e-05
86220,121.425939,52.494313,Alces alces,56003281,Cervidae,LC,1,1,-5.14934,15.094184,25.580068,1638.991576,23.539947,-35.413957,58.953904,484.016356,126.511743,3.329605,105.688454,320.157226,13.208138,320.157226,13.208138,855.122997,638.938671,36.139804,-0.245167,30.026753,-226.110443,5736.451108,47.970027,9.459963,31.812185,17.543024,50.644791,42.402937,8.398295,220.821372,144.40717,28.413849,56.400563,5.022171,8.3e-05,0,0.178634,0.018799,0.011511,0,0.001988,0.776066,0.000414,0.012505,0,0,0,0,0,0
85562,121.430946,44.522856,Alces alces,56003281,Cervidae,LC,0,0,6.583699,12.454708,24.85235,1392.000973,30.30037,-19.817382,50.117752,403.817683,132.095898,1.387467,121.783583,293.712644,5.360417,293.712644,5.360417,208.728564,915.130444,57.100288,-0.57083,29.518382,-74.027825,6019.038218,2.94054,14.102574,44.335285,54.863254,0.801461,65.000078,8.441132,171.625215,191.589627,32.761346,58.674391,5.743886,0,0,0,0,0,0,0,0,0,0.990889,0.000331,0.005632,0.002154,0,0,0.000994
84814,121.457167,28.629495,Alces alces,56003281,Cervidae,LC,0,0,17.120497,6.599586,23.748457,771.243092,31.233025,3.497905,27.73512,1434.322469,206.160885,43.407862,46.181863,515.541463,165.852745,479.407884,168.206815,44.461138,983.458334,0.869529,0.387638,200.690435,106.218405,3284.655005,32.460071,10.997219,52.666927,24.072967,23.260106,25.55166,13.900184,6.640928,357.632829,55.750705,116.274081,7.908252,0.002407,0.04092,0,0.000249,0.017181,0,0,0.080511,0.237882,0.01079,0.011205,0.094705,0.216467,0.062168,0,0.001743
85973,121.490356,49.426115,Alces alces,56003281,Cervidae,LC,1,1,-3.347831,13.799824,24.657177,1558.935422,22.656088,-33.327116,55.983204,474.543339,144.956739,2.341222,120.082317,340.03335,8.689818,340.03335,9.257011,878.750091,677.86969,43.000866,-0.287247,33.282041,-190.58432,5657.469922,30.958465,11.011972,46.765149,15.326016,37.908835,45.293225,8.154465,205.501139,157.262523,30.310988,57.206344,5.134098,0,0,0.002319,0.347329,0.072795,0,0,0.158758,0.130021,0.067412,0,0.207122,0.011925,0.002319,0,0
85315,121.496208,41.378615,Alces alces,56003281,Cervidae,LC,0,0,8.686869,11.479994,25.367565,1245.545518,30.446133,-14.792553,45.238686,544.747148,160.295677,2.498097,112.493528,363.535325,9.228203,363.535325,9.228203,74.305889,930.50009,58.393415,-0.387331,46.690763,-33.608689,5288.879872,15.207097,12.476178,41.44118,53.145608,5.413212,59.337901,8.473127,141.131371,216.474877,38.103508,67.159332,6.308975,0,0,0,0.006462,8.3e-05,0,0,0,0.002486,0.117316,0.000414,0.847887,0.023778,8.3e-05,0,0
85726,121.513279,46.318948,Alces alces,56003281,Cervidae,LC,1,1,3.227713,13.212389,26.775881,1341.064104,26.395053,-22.948569,49.343622,417.172272,141.149882,1.97446,126.865629,312.259323,6.710495,312.259323,6.710495,498.818967,803.135833,46.736128,-0.45324,31.844408,-125.415877,5914.226334,33.391234,10.593488,48.62728,46.234279,5.138441,57.023362,8.177991,186.658264,175.743922,30.977467,55.972376,5.377238,0,0,0,0.015739,0,0,0,0,0.007372,0.900845,0.000249,0.069748,0.004142,0,0,0
84817,121.527943,31.346812,Alces alces,56003281,Cervidae,LC,0,0,16.163511,7.004355,22.905174,854.787651,31.729719,1.214282,30.515437,1036.039798,161.313454,38.209602,51.718962,440.851165,124.793218,426.719054,132.856089,1.508577,999.454149,13.990384,0.056589,119.575791,76.477948,3784.734728,0.783757,14.421966,50.714992,41.442705,7.842303,29.149597,10.566382,19.873479,332.105996,49.002225,87.573749,7.222841,0,0,0,0,0,0,0,0,0.034543,0.012508,0.019549,0.081511,0.590374,0.000911,0,0.002237
85479,121.541862,43.18621,Alces alces,56003281,Cervidae,LC,0,0,7.08128,12.663525,25.624954,1357.420735,30.622443,-18.795902,49.418345,456.992381,140.136662,2.329254,113.00181,312.157265,8.112747,312.157265,8.112747,256.033535,935.767841,55.555114,-0.55533,31.458279,-64.703975,5966.952217,1.618806,14.487417,44.989934,54.304118,0.705948,63.339973,8.201211,155.999192,205.252848,34.53091,60.71951,5.928202,0,0,0,0,0,0,0,0,0,0.829288,0,0.163008,0.001574,0.006129,0,0
86137,121.5609,51.189498,Alces alces,56003281,Cervidae,LC,1,1,-4.81718,15.882872,27.190612,1569.467422,23.086857,-35.315181,58.402038,507.859687,141.235791,3.048156,111.175417,346.7017,12.271235,346.7017,12.271235,961.214603,638.641442,40.289694,-0.221309,31.364642,-220.941404,5667.374405,38.288985,10.134484,34.725791,17.738589,47.53562,44.123983,8.281012,212.242527,151.811217,29.821786,57.138089,5.081682,0,0,0.108921,0.0246,0.005135,0,0.000745,0.77926,0.019051,0.058643,0,0,0.003644,0,0,0
85890,121.608743,48.109308,Alces alces,56003281,Cervidae,LC,1,1,-0.536991,12.712644,25.524031,1363.813342,22.954939,-26.85565,49.810589,468.654585,151.047377,2.114226,123.343585,341.430006,8.157211,341.430006,8.159421,865.300415,695.075168,43.906487,-0.29663,35.752114,-169.349855,5581.808443,53.810504,9.598778,33.904964,20.68652,45.408516,52.19319,8.167072,194.940638,167.031889,31.329855,57.058164,5.333576,0,0,0,0.248281,0.021871,0,0,0.495402,0.132052,0.093944,0,0.007622,0.000828,0,0,0
86302,121.644385,52.950874,Alces alces,56003281,Cervidae,LC,1,1,-4.299772,14.861202,25.283472,1644.299201,24.493199,-34.210171,58.70337,455.631642,117.687073,3.143666,105.15966,300.353567,12.378031,300.353567,12.380221,668.76152,660.604989,38.306054,-0.307798,28.221841,-222.656387,5893.737616,41.052384,9.905872,28.285871,18.928206,52.785923,42.985097,8.451543,223.618555,141.382259,28.173955,56.325701,5.005067,0.000746,0,0.303281,0.03066,0.017401,0,0.001989,0.633991,0.000663,0.011269,0,0,0,0,0,0
85396,121.660172,41.845478,Alces alces,56003281,Cervidae,LC,0,0,8.152806,12.133193,26.007578,1266.692374,30.331378,-16.310247,46.641625,515.39216,151.722537,2.025832,112.22795,344.922343,7.437627,344.922343,7.437627,195.461901,935.677911,51.55074,-0.415316,43.363772,-43.681753,5528.437126,26.507269,11.498546,40.95312,51.985344,7.061536,60.739876,8.519849,144.568756,214.518719,37.537287,66.133575,6.251482,0,0,0,0.014585,0.001657,0,0,8.3e-05,0.002652,0.253418,0.000663,0.672329,0.053037,0,0,0.000249
84890,121.68058,24.624441,Alces alces,56003281,Cervidae,LC,0,0,18.536905,5.977644,32.902631,445.714527,27.113017,8.991068,18.121949,2887.959428,413.434171,123.561749,42.711358,1121.648834,400.551689,1022.65158,407.168164,591.483876,1035.367319,0,0.640573,570.417231,157.436195,2485.572691,136.043198,8.294335,29.325044,9.598925,61.076032,20.268179,20.796649,0.343396,364.845127,58.778389,128.08234,7.391311,0.004804,0.669428,0,0.001077,0.008034,0,0,0.006212,0.030895,0.019879,0.015241,0.054667,0.028328,0.006792,0,0
86055,121.691835,49.883022,Alces alces,56003281,Cervidae,LC,1,1,-3.788525,14.815899,26.290526,1527.577163,22.770471,-33.600397,56.370867,498.241675,148.469787,2.520491,117.555777,351.630054,9.848438,351.630054,9.984419,932.548469,662.407399,45.530474,-0.253114,32.912248,-200.503502,5646.964296,35.312109,10.448926,32.963075,17.52774,49.509185,43.879971,8.584462,207.941934,155.041805,31.290808,60.072812,5.249145,0,0,0.011181,0.241511,0.145354,0,0,0.321186,0.146762,0.100464,0,0.025427,0.008117,0,0,0
85808,121.70774,46.781626,Alces alces,56003281,Cervidae,LC,1,1,2.501583,13.34398,26.637849,1354.266745,25.924433,-24.172374,50.096807,427.910948,143.648677,1.990627,125.982216,318.076665,7.10874,318.076665,7.10874,554.409659,776.571672,45.969661,-0.42057,32.571318,-136.136917,5840.206726,37.344078,10.382928,57.017666,31.767842,11.214493,55.646254,8.255196,188.255584,173.963777,31.268315,56.55089,5.386008,0,0,0,0.053416,0,0,0,0,0.111222,0.814079,0,0.019876,0.001408,0,0,0
85561,121.719292,43.651464,Alces alces,56003281,Cervidae,LC,0,0,6.970339,12.546353,25.241958,1367.367935,30.455318,-19.25069,49.706008,428.958501,135.162523,1.747698,116.980969,301.219285,6.124122,301.219285,6.124122,208.047406,931.589433,57.480227,-0.575473,29.479063,-70.235444,6041.851041,1.24903,14.794396,50.397327,48.837512,0.765161,63.479857,8.24659,157.918992,203.444383,34.112678,60.297703,5.893963,0,0,0,0,0,0,0,0,0,0.384023,0,0.609514,0.003232,0.003232,0,0
86219,121.77295,51.645966,Alces alces,56003281,Cervidae,LC,1,1,-4.83591,15.098499,25.98712,1592.844513,23.034839,-35.01967,58.054509,504.936295,136.339356,3.328459,108.203319,338.154985,13.081324,338.154985,13.081324,897.999573,642.74961,37.522409,-0.229002,31.004342,-221.833902,5717.932398,48.267063,9.769986,32.073012,16.616143,51.310845,42.941385,8.235478,217.553724,147.230221,28.893688,56.481705,5.024916,0,0,0.155598,0.020785,0.025091,0,0.000166,0.791156,0,0.006128,0,0,0.001077,0,0,0
84897,121.780491,30.917406,Alces alces,56003281,Cervidae,LC,0,0,16.117163,7.30465,23.688139,854.1555,32.119997,1.300993,30.819004,974.529942,154.115589,36.558956,48.490117,373.933282,117.68131,367.500277,129.863459,-0.954645,983.071673,12.614843,0.042843,118.875072,80.984271,3659.994454,0.400566,14.735192,56.799252,32.125733,11.075016,28.132433,11.551708,14.005751,344.209793,50.423116,95.36897,7.459513,0,0,0,0,0,0,0,0,0.138374,0.005714,0.004554,0.120073,0.186154,0.007204,0,0
85725,121.804104,45.450689,Alces alces,56003281,Cervidae,LC,1,0.115254,5.659873,12.792258,25.533924,1378.52482,29.13545,-20.975312,50.110762,405.687358,138.653793,1.046325,127.927189,305.135875,4.626973,305.135875,4.626973,275.848346,866.903633,52.238447,-0.522284,30.414108,-97.787814,6005.198375,9.733235,12.717269,43.29996,55.450903,1.249137,65.051488,7.985607,174.794099,188.275541,31.229517,55.544825,5.568092,0,0,0,0,0,0,0,0,0,0.932411,0.00058,0.04597,0.019051,0,0,0.001491
85972,121.812111,48.5706,Alces alces,56003281,Cervidae,LC,1,1,-1.077404,12.597737,25.022118,1389.387553,22.580079,-27.774855,50.354934,481.314152,154.193051,1.88263,124.017093,351.588723,7.638443,351.588723,7.648069,860.587071,687.035706,47.153049,-0.273597,36.785934,-171.890981,5568.349312,49.779269,9.824618,35.063268,19.441755,45.494978,51.043722,8.138937,196.326421,165.802382,31.115883,57.109205,5.303843,0,0,0,0.234822,0.036445,0,0,0.530688,0.068583,0.102046,0,0.02195,0.005467,0,0,0
84898,121.819314,31.828423,Alces alces,56003281,Cervidae,LC,0,0,15.483046,7.150116,23.184359,864.469942,31.165002,0.340226,30.824776,1024.851439,155.190565,31.406057,51.900639,431.681017,115.332028,410.587184,115.917689,-1.241422,940.38973,14.363409,0.09867,120.435014,69.56319,3559.62151,0.247623,14.675456,62.593136,29.268999,8.137865,28.849894,9.730898,18.886182,329.709264,49.108724,85.458471,7.160574,0,0,0,0,0,0,0,0,0.056826,0.018804,0.010023,0.339795,0.034543,0.000249,0,0.010272
85478,121.829156,42.311782,Alces alces,56003281,Cervidae,LC,0,0,7.752686,12.167324,25.770853,1280.193785,30.157947,-17.055806,47.213753,493.757845,146.897146,1.880031,112.25641,331.458292,6.858211,331.458292,6.858211,248.666283,929.780028,48.844321,-0.452596,39.494107,-54.399677,5679.654467,16.169412,11.761764,41.782083,55.491597,2.726319,61.214782,8.39587,148.620273,211.568934,36.419384,63.552707,6.087636,8.3e-05,0,0,0.000249,0.000249,0,0,0,0,0.515327,0,0.476802,0.007208,8.3e-05,0,0
86136,121.897772,50.339544,Alces alces,56003281,Cervidae,LC,1,1,-3.626257,15.195449,27.106434,1499.098804,22.983,-33.06988,56.05288,506.241623,148.418021,2.561464,115.536411,352.580034,10.387214,352.580034,10.39606,912.594313,657.996834,44.492338,-0.24551,31.937493,-206.883646,5699.580635,39.872463,10.077093,27.847584,17.43453,54.717886,43.233325,8.607992,210.812752,152.615147,31.189447,60.071611,5.229567,0,0,0.015162,0.091384,0.174068,0,0,0.623281,0.01773,0.06802,0,0,0.010356,0,0,0
85642,121.9012,44.116092,Alces alces,56003281,Cervidae,LC,0,0,6.675012,12.67366,25.034732,1397.345993,30.559204,-20.065552,50.624755,429.073076,136.262579,1.669193,117.277792,302.150092,6.259419,302.150092,6.259419,184.495513,921.131272,57.48871,-0.575168,28.944473,-74.993572,6047.006844,1.181594,14.848315,45.771037,53.433551,0.795412,64.368771,8.477643,169.749659,193.532172,32.879734,58.760683,5.753067,0,0,0,0,0,0,0,0,0,0.790511,0,0.205349,0.003478,0.000414,0,0.000248
85889,121.906195,47.243683,Alces alces,56003281,Cervidae,LC,1,1,2.051225,13.075383,25.96046,1369.158985,25.541486,-24.823527,50.365012,435.987535,145.176656,1.906688,125.354551,322.07725,7.045266,322.07725,7.045491,557.642132,760.526098,44.937421,-0.402234,32.960759,-142.483987,5795.3884,42.506667,10.264651,55.062852,30.062956,14.874192,54.571083,8.452861,189.638057,172.354774,32.260409,58.533764,5.509058,0,0,0,0.101118,0,0,0,0,0.293665,0.494327,0,0.110559,0.000331,0,0,0
85231,121.943816,39.151928,Alces alces,56003281,Cervidae,LC,0,0,10.148528,8.848595,22.743816,1104.075504,28.562094,-10.266239,38.828333,653.10243,173.794537,8.071037,100.92991,403.484879,28.173524,403.108192,28.173524,23.47533,825.383666,46.899388,-0.213547,63.089994,-16.302111,4285.924851,18.294141,11.080348,43.670146,48.663127,7.666727,47.829783,7.699687,103.972305,240.281781,43.831875,73.35418,6.612856,0,0,0,0.007042,0,8.3e-05,0,0.002651,0.00464,0.212179,0.008865,0.249213,0.090141,0,0,0.002734
86301,121.989862,52.1021,Alces alces,56003281,Cervidae,LC,1,1,-4.937763,14.980779,25.074641,1658.549617,23.646658,-36.064247,59.710906,493.92369,129.763686,3.508932,105.839988,326.031985,13.689659,326.031985,13.689659,802.276847,651.357443,36.337832,-0.252603,30.258191,-221.818228,5794.072157,48.453079,9.737694,32.499731,16.775659,50.724611,42.035979,8.545634,218.921594,146.43025,28.936709,57.06936,5.051471,8.3e-05,0,0.14739,0.04913,0.023944,0,0.000746,0.773902,0,0.003811,0,0,0.000994,0,0,0
85807,121.996939,45.91365,Alces alces,56003281,Cervidae,LC,1,0.995216,4.818076,12.740739,25.440491,1378.900845,28.274934,-21.805952,50.080886,416.128125,143.549886,1.212487,128.876125,314.219821,5.066269,314.219821,5.066269,316.189064,842.160865,49.375112,-0.492291,31.147088,-109.240243,5977.900484,14.452193,12.254183,44.674018,53.35131,1.974673,62.763855,8.05317,176.928042,185.951804,31.271671,55.598659,5.525783,0,0,0,0,0,0,0,0,0,0.848148,0,0.123022,0.028498,0,0,0.000331
86054,122.0194,49.0313,Alces alces,56003281,Cervidae,LC,1,1,-2.174803,13.152154,24.941394,1458.554004,22.433548,-30.305843,52.739391,495.938804,156.310407,1.946456,122.63937,359.534563,8.023414,359.534563,8.10539,862.993685,681.934821,48.669719,-0.256201,36.51467,-177.463791,5594.399162,38.93305,10.179856,38.76643,16.394731,44.838839,45.708457,8.27613,202.108086,160.407985,30.670378,57.449194,5.201158,0,0,0.000331,0.310222,0.057737,0,0,0.280649,0.228131,0.07886,0,0.043655,0.000249,0.000166,0,0
85313,122.089771,39.619968,Alces alces,56003281,Cervidae,LC,0,0,9.383124,9.838049,23.590068,1174.326563,28.86224,-12.83036,41.692601,674.576028,182.824995,7.849784,103.81117,422.16084,26.313535,422.16084,26.313535,88.283494,826.192418,45.790695,-0.187751,61.89145,-30.127305,4419.554651,19.155998,11.136403,44.411259,49.339395,6.249346,46.77917,7.985578,111.055277,235.962472,42.946324,72.929884,6.595398,0,0,0,0.017567,0,0,0,0.000829,0.041846,0.171777,0.00058,0.737239,0.023202,0,0,0.000166
86218,122.108304,50.795688,Alces alces,56003281,Cervidae,LC,1,1,-4.208556,15.478746,27.141493,1529.600936,23.012824,-34.01105,57.023873,517.7691,146.848487,2.839991,112.304174,354.454516,11.445796,354.454516,11.446845,937.591964,647.062819,43.416502,-0.2165,32.166214,-213.472747,5683.067673,38.411202,10.172521,29.251279,17.684152,53.06457,43.208274,8.434607,210.53911,153.502898,30.275962,58.51454,5.163757,0,0,0.088876,0.037356,0.108589,0,0,0.708026,0.009608,0.040835,0,0,0.006709,0,0,0
85971,122.108645,47.705115,Alces alces,56003281,Cervidae,LC,1,1,1.613336,12.76978,25.496852,1370.158489,25.068608,-25.01392,50.082528,446.066187,147.766824,1.919418,125.274871,328.36128,7.051752,328.36128,7.051752,570.901886,745.220814,45.026983,-0.37854,33.706645,-147.784238,5751.302109,47.146603,9.903445,52.022425,24.372378,23.605197,54.370274,8.513863,190.055333,171.975436,32.614619,59.325473,5.557411,0,0,0,0.184446,0,0,0,0.017641,0.447987,0.27671,0,0.072553,0.000663,0,0,0
85477,122.114519,41.434664,Alces alces,56003281,Cervidae,LC,0,0,8.754584,11.534656,25.055941,1266.427312,30.721095,-15.28343,46.004525,572.166961,160.688068,3.326056,107.960458,369.808614,12.467404,369.808614,12.467404,10.983114,925.803875,54.702798,-0.352653,48.207224,-37.200932,5296.631541,1.103174,14.225918,43.018023,52.215986,4.765991,58.288961,8.610829,141.596479,216.442177,38.098636,67.236694,6.298015,0,0,0,0,0,0,0,0,0.000497,0.019959,0.001491,0.925466,0.049607,0,0,0
85641,122.18167,43.242574,Alces alces,56003281,Cervidae,LC,0,0,7.052691,12.488518,25.239888,1356.797787,30.372075,-19.107456,49.479531,466.729818,143.022547,2.13077,113.397245,318.054313,7.444083,318.054313,7.444083,214.734268,922.045498,53.380349,-0.533635,31.796563,-73.043302,5960.161176,1.919026,14.450137,47.382238,51.840629,0.777133,62.495795,8.321382,155.541871,205.888882,34.564807,60.75104,5.913738,0,0,0,0,0,0,0,0,0,0.844765,0,0.153744,0.000828,0.000663,0,0
85888,122.193907,46.375962,Alces alces,56003281,Cervidae,LC,1,1,4.043488,12.805072,25.156874,1407.356878,27.879934,-23.028999,50.908933,424.699562,145.305977,1.60488,127.657697,318.369942,5.653399,318.369942,5.653399,351.01748,818.363818,47.400867,-0.470302,31.446979,-119.123923,5932.612337,15.697075,12.040148,46.693619,51.149379,2.157002,57.027374,8.425987,184.203966,178.248894,30.949636,56.238319,5.428029,0,0,0,0.000414,0,0,0,0,0.000331,0.959331,0.000994,0.031475,0.001242,0,0,0.001408
86382,122.211793,52.557906,Alces alces,56003281,Cervidae,LC,1,1,-4.735994,15.325995,25.481787,1672.409331,24.413163,-35.702457,60.11562,484.2548,123.904308,3.680358,103.481848,314.989545,14.150051,314.989545,14.150051,727.428604,655.861668,36.652485,-0.27013,29.619367,-223.638058,5845.519276,41.072925,9.912667,33.444417,17.142541,49.413043,41.673619,8.784819,221.427561,144.24332,28.81641,57.503994,5.047284,0,0,0.080338,0.01673,0.039341,0,0.000414,0.862929,0,0.000248,0,0,0,0,0,0
86135,122.223844,49.487593,Alces alces,56003281,Cervidae,LC,1,1,-2.154985,13.802159,25.854201,1452.230835,23.052776,-30.340508,53.393284,500.328871,155.084622,2.038623,121.030146,358.794465,8.434513,358.794465,8.436229,826.410235,684.830452,47.913447,-0.259398,34.692996,-183.514015,5687.152705,42.049992,10.112994,31.148513,18.458792,50.392694,43.98896,8.654885,205.827164,157.048888,31.264038,59.980053,5.280186,0,0,0.001325,0.170243,0.115815,0,0,0.495154,0.087234,0.112087,0,0.011598,0.006545,0,0,0
85806,122.278189,45.043397,Alces alces,56003281,Cervidae,LC,0,0,6.059453,12.229047,24.17286,1410.404927,29.78112,-20.806247,50.587367,416.250113,138.234257,1.176866,122.98485,302.920005,5.23895,302.920005,5.23895,169.539267,889.251122,54.503301,-0.545301,29.602079,-89.71479,6032.257162,1.752244,14.542344,46.260769,52.764101,0.97513,71.259393,7.93575,167.902222,195.392371,30.993568,55.611003,5.724429,0,0,0,0,0,0,0,0,0,0.910115,0.005302,0.058487,0.000331,0,0,0.011018
85559,122.283963,41.900857,Alces alces,56003281,Cervidae,LC,0,0,8.413745,12.034107,25.479333,1286.861218,30.659038,-16.572211,47.231249,543.401276,153.519909,2.611003,108.014384,352.623535,9.762796,352.623535,9.762796,49.965713,936.777664,50.615115,-0.39707,44.272539,-44.683085,5515.198762,4.815183,13.627254,38.426392,60.223109,1.350499,59.123782,8.497598,146.601926,212.77403,36.817712,64.427505,6.118979,0,0,0,0,0,0,0,0,0,0.054493,0,0.927039,0.015901,0,0,0
86053,122.315103,48.165917,Alces alces,56003281,Cervidae,LC,1,1,0.921897,12.478228,24.772341,1391.976981,24.51467,-25.856919,50.371589,458.880371,150.779886,1.860334,125.468855,337.302797,7.021459,337.302797,7.021459,582.859439,733.718113,45.846338,-0.352393,34.550788,-152.168112,5736.775062,50.525704,9.803922,41.450319,23.184684,35.364998,51.733554,8.511665,192.668963,169.445766,31.736444,58.463265,5.443537,0,0,0,0.330324,0.000166,0,0,0.119274,0.308126,0.155305,0,0.083741,0.003065,0,0,0
86300,122.323574,51.251457,Alces alces,56003281,Cervidae,LC,1,1,-4.77204,15.621095,27.12771,1552.422462,22.943708,-34.624477,57.568185,529.69283,145.457018,3.329442,109.583672,357.02898,12.830066,357.02898,12.830066,978.176839,634.307387,41.115093,-0.181981,32.741623,-220.103171,5638.436186,40.996052,10.090248,30.414282,17.676987,51.908731,42.598622,8.391678,212.217387,152.398039,29.41563,56.968111,5.064648,0,0,0.066264,0.001988,0.029322,0,0,0.887683,0.000745,0.012673,0,0,0.001325,0,0,0
85970,122.394996,46.837616,Alces alces,56003281,Cervidae,LC,1,1,3.692124,12.569283,24.560718,1422.321335,27.45106,-23.739757,51.190817,423.036059,142.490357,1.481787,126.058729,313.701572,5.683389,313.701572,5.683389,333.615415,802.908472,47.304244,-0.464102,31.099146,-125.296179,5895.869247,19.369196,11.887277,52.852075,41.960528,5.187396,55.284923,8.545372,186.863402,175.084508,31.610213,57.767667,5.469225,0,0,0,0.01798,0,0,0,0,0.016157,0.902063,0,0.056177,0.000911,0,0,0.001409
85476,122.40019,40.554827,Alces alces,56003281,Cervidae,LC,0,0,9.051834,9.680588,22.605196,1209.847376,29.491619,-13.284242,42.77586,663.779979,182.914389,6.087551,107.124722,422.996292,20.979895,422.996292,20.979895,43.9203,864.949166,44.480841,-0.199019,57.950141,-40.528012,4823.636662,18.178569,12.528008,44.102927,44.193733,11.70334,47.900707,8.219652,116.139548,233.054556,42.221902,72.330236,6.555756,0,0,0,0.015743,0,0,0,0.0087,0.066451,0.066866,0.005883,0.455299,0.140857,0.010771,0,0.005054
86217,122.432767,49.94347,Alces alces,56003281,Cervidae,LC,1,1,-2.420861,14.455095,26.668042,1453.797507,23.29615,-30.910596,54.206746,511.439919,153.976597,2.234434,118.010408,360.035463,8.886716,360.035463,8.886928,822.698766,680.505179,45.44597,-0.250379,33.542911,-191.335917,5740.293254,42.959113,10.065876,30.059597,17.499679,52.440724,40.188605,9.570255,211.36832,151.685503,33.551729,66.768018,5.549047,0,0,0.000497,0.087843,0.097124,0,0,0.697605,0.034474,0.07707,0,0.002569,0.002818,0,0,0
86464,122.438901,53.013389,Alces alces,56003281,Cervidae,LC,1,1,-4.398566,15.757761,25.499352,1719.798953,25.333895,-36.45897,61.792865,459.819468,116.037025,4.116875,101.849137,295.890641,15.26358,295.890641,15.273146,568.118509,672.438854,37.233448,-0.318505,28.165957,-222.306313,5970.122971,32.04598,10.226813,34.727329,17.577544,47.695127,42.3193,8.601613,221.318248,143.812391,28.580989,56.842706,5.029668,0,0,0.049288,0.24329,0.047217,0,0.001905,0.628893,0.012674,0.010272,0,0,0.006461,0,0,0
85887,122.473166,45.506044,Alces alces,56003281,Cervidae,LC,1,0.108399,5.405171,12.19092,24.136895,1413.761892,28.971602,-21.531928,50.50353,411.447754,137.879786,1.041425,124.598642,302.103872,4.801443,302.103872,4.801443,170.600102,872.744846,52.811562,-0.528118,29.919559,-97.943706,6028.592405,1.916692,13.964994,47.974423,50.035246,1.99033,65.064923,8.344818,171.580926,191.346952,31.655664,56.885202,5.664267,0,0,0,0,0,0,0,0,0,0.288484,0.000414,0.704722,0.004308,0,0,0.00116
86134,122.52559,48.626086,Alces alces,56003281,Cervidae,LC,1,1,0.065679,12.672827,25.091155,1392.115303,23.947123,-26.559143,50.506265,484.842372,156.275755,1.76808,124.212886,353.425188,7.291563,353.425188,7.291563,668.573006,715.720963,48.273156,-0.304157,35.682048,-160.544246,5707.330307,49.934974,9.776053,35.087035,18.999586,45.913379,46.761849,8.383552,197.556041,164.654992,30.67417,57.109203,5.245051,0,0,0,0.410951,0.00058,0,0,0.359924,0.134692,0.087061,0,0.006296,0.000497,0,0,0
86381,122.543731,51.706857,Alces alces,56003281,Cervidae,LC,1,1,-5.286138,15.550154,26.664462,1588.464297,22.781119,-35.527864,58.308984,534.466742,143.053268,3.530592,107.406727,355.577301,13.60229,355.577301,13.60229,1000.202615,624.338008,38.956922,-0.1566,33.100199,-225.9948,5602.285982,45.285904,9.978721,34.28522,15.783015,49.931765,41.76314,8.53918,214.953302,150.049129,29.339087,57.354617,5.085096,8.3e-05,0,0.055155,0.000828,0.058219,0,0.000166,0.88,0.000166,0.005383,0,0,0,0,0,0
86052,122.6002,47.298606,Alces alces,56003281,Cervidae,LC,1,1,3.241394,12.495581,24.346616,1430.560439,26.984327,-24.348443,51.332771,424.847385,141.555778,1.274904,124.934632,312.035807,5.590584,312.035807,5.590584,309.543987,788.264649,46.069713,-0.452545,31.122714,-130.396863,5849.929659,19.984213,11.967404,65.82591,27.978309,6.195782,55.44759,8.794694,187.953453,174.034813,33.23784,60.767291,5.672355,0,0,0,0.020542,0.000248,0,0,0.002154,0.02253,0.339932,0,0.612192,0.002402,0,0,0
86299,122.646305,50.398936,Alces alces,56003281,Cervidae,LC,1,1,-2.489784,14.603189,26.740831,1467.861453,23.514599,-31.090445,54.605043,513.068706,149.718549,2.571735,114.764999,354.392989,10.330342,354.392989,10.330342,766.484981,683.19066,44.767793,-0.261135,32.322736,-195.992732,5818.61451,43.283041,10.017511,30.351545,16.768039,52.880416,42.57204,8.79895,208.092308,155.47062,31.431563,61.199292,5.324959,0,0,0.000331,0.08265,0.081656,0,0,0.754865,0.009193,0.065673,0,0.000994,0.004638,0,0,0
85969,122.672416,45.968004,Alces alces,56003281,Cervidae,LC,1,0.992162,5.032714,12.116225,23.654553,1441.472801,29.028691,-22.195268,51.22396,416.60717,141.160505,1.066141,125.828904,307.543903,5.01684,307.543903,5.01684,215.164403,849.289734,50.870544,-0.50819,30.185242,-107.825194,5991.772764,6.29733,13.385533,46.166621,51.847194,1.986185,59.379286,8.645746,176.292583,186.300759,31.177113,56.586023,5.505899,0,0,0,0,0,0,0,0,0,0.882134,0.000248,0.113808,0.001077,0,0,0.00116
85475,122.688824,39.672296,Alces alces,56003281,Cervidae,LC,0,0,9.393163,9.478249,22.944716,1164.220385,28.837149,-12.444274,41.281423,729.180172,196.92799,9.113183,102.74933,453.166054,30.01174,453.10146,30.01174,50.892741,825.816273,40.826358,-0.135991,64.833716,-33.555031,4436.668533,19.323593,11.312235,49.207838,41.312563,9.4796,44.206085,8.250436,112.751316,234.789312,43.08199,73.685461,6.618771,0,0,0,0.025686,0.000166,0,0,0.000249,0.049797,0.178639,0.005386,0.479244,0.012346,0,0,0.000331
85639,122.733742,41.487604,Alces alces,56003281,Cervidae,LC,0,0,8.566295,11.516504,24.670275,1284.29402,30.427413,-16.25098,46.678393,616.922159,166.841498,4.346398,105.270208,391.990438,15.708226,391.990438,15.708226,12.917007,925.972946,50.312314,-0.300125,51.481802,-42.804851,5357.935726,0.558505,14.819667,51.60151,44.368753,4.029737,50.875496,9.360632,142.446039,215.285031,38.014903,68.344386,6.216056,0,0,0,0,0,0,0,0,0,0.014828,0.000911,0.94715,0.035951,0,0,0
86216,122.740135,49.085622,Alces alces,56003281,Cervidae,LC,1,1,-0.659236,13.285589,25.605601,1417.820706,23.912539,-27.977504,51.890043,502.56863,157.926144,1.907694,121.462942,360.335339,8.127107,360.335339,8.127325,693.363835,711.87589,48.831207,-0.282434,35.174268,-167.614638,5759.57514,48.819213,9.736762,36.548655,16.230819,47.220526,45.046077,8.7046,200.987275,161.53728,31.115195,58.993962,5.28885,0,0,0,0.358433,0.013751,0,0,0.372763,0.13171,0.101557,0,0.02162,0.000166,0,0,0
85886,122.745318,44.633819,Alces alces,56003281,Cervidae,LC,0,0,6.309965,12.278506,24.206791,1416.907101,30.037148,-20.687395,50.724542,433.60772,142.701983,1.239731,120.216339,308.663529,5.693644,308.663529,5.693644,155.945533,891.537076,54.056104,-0.54038,29.83824,-88.571577,5998.403143,1.459173,14.659869,42.617904,56.746251,0.635845,65.182231,8.541567,168.100287,194.742761,31.792901,57.533583,5.718521,0,0,0,0,0,0,0,0,0,0.829593,0,0.166184,0.00356,0.000662,0,0
86463,122.768929,52.161892,Alces alces,56003281,Cervidae,LC,1,1,-5.044894,14.882405,25.635444,1610.695805,23.073273,-34.957683,58.030956,524.438598,136.336477,3.904412,104.504027,342.361322,14.471912,342.361322,14.471912,913.36544,630.935445,35.664108,-0.180533,32.308112,-226.768992,5665.833465,53.538749,9.557589,33.755519,14.096997,52.147484,42.045779,8.688745,218.450109,146.8818,29.10987,57.407466,5.071877,8.3e-05,0,0.051877,0.003481,0.110135,0,8.3e-05,0.834093,0,0.000249,0,0,0,0,0,0
86133,122.809526,47.758928,Alces alces,56003281,Cervidae,LC,1,1,2.712523,12.636507,24.322388,1444.220586,26.893653,-25.071222,51.964876,439.087605,144.325034,1.477166,123.806789,319.685317,6.399236,319.685317,6.399236,329.411604,771.184571,45.569781,-0.422171,31.912694,-136.650057,5806.643486,18.648497,12.112508,62.388841,32.020823,5.590336,54.147544,8.782386,188.760567,173.243567,32.745636,60.137049,5.604397,0,0,0,0.017893,0.000331,0,0,0.004722,0.035123,0.242462,0,0.684062,0.015408,0,0,0
86380,122.8646,50.853993,Alces alces,56003281,Cervidae,LC,1,1,-3.007102,14.427781,26.27747,1490.200295,23.228233,-31.667405,54.895638,520.00385,146.932223,2.929402,111.706836,353.521215,11.410763,353.521215,11.410763,793.970704,670.97631,40.768384,-0.236966,32.346085,-204.073474,5796.777701,50.634915,9.837414,29.387728,17.16072,53.451552,42.788374,8.588962,209.062077,155.077947,30.626846,59.077878,5.210102,0,0,0.003894,0.028498,0.068346,0,0,0.842018,0.000663,0.047966,0,0.00058,0.008036,0,0,0
86051,122.875916,46.42927,Alces alces,56003281,Cervidae,LC,1,1,4.674092,11.980014,23.258606,1453.01635,28.647333,-22.855675,51.503008,409.101156,137.609044,1.154155,124.905417,300.647007,5.128717,300.647007,5.128717,191.457536,836.00892,51.097802,-0.509689,29.439349,-113.853134,5972.049849,5.52359,13.438912,46.176221,51.52041,2.303369,55.350229,8.758415,182.344463,179.77301,31.056086,57.144567,5.461991,0,0,0,0,0,0,0,0,0,0.71057,0.001325,0.268141,0.002154,0,0,0.003479
85721,122.908707,41.953074,Alces alces,56003281,Cervidae,LC,0,0,8.132622,11.78693,24.840866,1300.411625,30.485424,-16.959317,47.444741,589.203718,158.244503,3.657604,104.33306,373.171395,13.524694,373.171395,13.524694,32.776267,937.028097,50.658537,-0.348864,47.255148,-49.15721,5557.948684,0.847765,14.561272,48.55598,47.51034,3.93368,55.079014,9.072721,147.241967,212.282282,36.732364,65.421147,6.087889,0,0,0,0,0,0,0,0,0,0.039271,0.001574,0.929412,0.027423,0,0,0
85968,122.942205,45.09617,Alces alces,56003281,Cervidae,LC,0,0,5.803069,12.006521,23.478247,1440.151683,29.676204,-21.46404,51.140244,428.386283,140.868658,1.081728,120.551478,305.452953,5.312002,305.452953,5.312002,146.313747,877.999292,52.982875,-0.530035,29.912062,-95.205461,5996.933548,1.067638,14.856858,41.626561,57.475533,0.897906,66.039548,8.440715,168.448116,194.393804,31.519082,57.024651,5.704902,0,0,0,0,0,0,0,0,0,0.734344,8.3e-05,0.257372,0.006793,0,0,0.000994
86298,122.958776,49.544523,Alces alces,56003281,Cervidae,LC,1,1,-0.894053,13.809913,26.041917,1435.758578,24.361202,-28.67283,53.034032,506.54484,156.208627,2.052791,119.758581,358.868622,8.346527,358.868622,8.347172,645.573752,718.254231,48.341852,-0.289204,33.72862,-172.299689,5873.84157,45.820669,9.848325,31.877867,19.266267,48.855866,43.02303,8.863506,205.74021,157.454569,31.800072,61.169244,5.368649,0,0,0.000249,0.239536,0.017074,0,0,0.480646,0.14712,0.113469,0,0.001326,0.000249,0,0,0
86545,122.999327,52.616566,Alces alces,56003281,Cervidae,LC,1,1,-4.501129,15.165004,25.367669,1664.122508,24.316387,-35.425192,59.741579,499.038315,126.140295,4.328371,101.859654,320.268579,15.499316,320.268579,15.499717,704.140927,655.911591,34.400349,-0.254468,30.312607,-221.350176,5842.961051,39.707946,10.07778,31.116592,16.789824,52.093584,41.701282,8.776091,219.720785,145.583768,29.241566,57.955265,5.090718,0,0,0.041159,0.033954,0.190559,0,0.000663,0.732754,0.000331,0.00058,0,0,0,0,0,0
85638,123.009523,40.60602,Alces alces,56003281,Cervidae,LC,0,0,7.915005,10.942827,24.598385,1219.291659,28.713168,-15.772295,44.485463,759.129422,208.844097,7.044771,106.25599,484.385017,25.403717,484.385017,25.403717,297.132862,844.324641,35.024459,-0.063921,66.089998,-54.47061,4853.04441,48.260416,10.083326,49.204928,25.365592,25.42948,43.578505,9.048796,123.189715,226.952741,42.436666,74.39201,6.538357,0,0,0,0.10974,0.000248,0,0,0.145768,0.294766,0.04812,0.000414,0.344625,0.013334,0.042322,0,0.000414
86215,123.022987,48.218579,Alces alces,56003281,Cervidae,LC,1,1,1.947871,12.832352,24.703311,1431.314214,26.285388,-25.667331,51.952719,460.282315,149.074071,1.936252,123.01644,332.932881,7.495369,332.932881,7.495369,386.686241,757.743936,47.314254,-0.383032,32.862917,-143.772113,5821.050736,26.353395,11.430587,54.73436,34.598772,10.666867,50.085578,8.735188,190.966273,171.154647,31.568394,58.640556,5.436551,0,0,0,0.106105,0,0,0,0.026671,0.104282,0.251139,0.00058,0.508324,0.002568,0,0,0
86132,123.083654,46.889834,Alces alces,56003281,Cervidae,LC,1,1,3.93358,11.89835,22.966898,1466.902932,27.78349,-24.02214,51.80563,407.012823,135.435149,1.07237,123.746614,296.664397,4.893201,296.664397,4.893201,182.083582,811.361124,49.681629,-0.493264,29.500417,-120.625044,5867.939272,4.806334,13.613678,64.108625,32.081944,3.809431,54.064159,8.968677,184.22145,177.867905,31.861945,58.852571,5.550044,0,0,0,0,0,0,0,8.3e-05,8.3e-05,0.208185,0.00058,0.777732,0.007539,0,0,0.001823
86462,123.0878,51.308646,Alces alces,56003281,Cervidae,LC,1,1,-4.053236,15.081482,26.772057,1529.512283,23.198928,-33.118981,56.31791,536.642445,146.124901,3.479558,108.536538,358.689464,12.935489,358.689464,12.935489,894.41604,646.512253,40.192557,-0.183652,33.250912,-214.991253,5693.049759,47.384827,9.97589,27.844333,17.362733,54.792934,41.606979,8.558821,213.141872,151.585937,29.805651,57.956338,5.135264,0,0,0.008034,0.006709,0.034623,0,8.3e-05,0.900191,0,0.049946,0,0,0.000414,0,0,0
85803,123.088915,42.417876,Alces alces,56003281,Cervidae,LC,0,0,7.690619,11.907207,24.807805,1313.710893,30.191427,-17.805867,47.997294,562.872593,155.400298,2.996552,106.644188,363.97243,11.017542,363.97243,11.017542,89.301329,932.597746,49.544698,-0.384106,43.467024,-59.081343,5700.704455,9.457025,12.933012,44.997831,53.429525,1.572644,56.422772,9.070708,149.417981,211.220566,36.309473,64.483384,6.036953,0,0,0,0.000166,8.3e-05,0,8.3e-05,0,0,0.02692,8.3e-05,0.946989,0.00994,0.000166,0.000166,0.000745
86050,123.143509,45.557798,Alces alces,56003281,Cervidae,LC,1,0.017879,5.383921,11.686159,22.821837,1452.775609,29.269375,-21.939833,51.209209,414.356895,137.915946,1.025061,122.948138,299.650818,4.887755,299.650818,4.887755,140.451237,865.784299,52.566966,-0.526155,29.545665,-101.706422,6003.06565,0.945917,14.875038,45.537252,51.703684,2.759064,59.255701,8.955415,172.317833,190.068316,31.520826,57.686416,5.595244,0,0,0,0,0,0,0,0,0,0.328861,0.000994,0.654824,0.015238,0,0,8.3e-05
86379,123.175137,49.999298,Alces alces,56003281,Cervidae,LC,1,1,-1.168005,14.068428,26.313637,1446.821748,24.374205,-29.101413,53.475618,513.957128,153.566482,2.496451,116.399784,356.730489,9.839921,356.730489,9.839921,635.112002,713.943892,45.473462,-0.284146,32.877737,-180.210871,5919.206925,45.53764,9.769281,32.058504,17.874107,50.067389,42.284159,8.939438,206.873989,156.484685,31.948144,61.761184,5.385573,0,0,0.000165,0.204483,0.036231,0,0,0.572835,0.091902,0.089337,0,0.005046,0,0,0,0
85720,123.178839,41.07204,Alces alces,56003281,Cervidae,LC,0,0,8.2498,10.952921,24.015947,1258.613332,29.357441,-16.249778,45.607219,728.278542,196.369985,5.883685,105.40609,463.794609,22.046436,463.794609,22.046436,164.088059,895.294163,39.717921,-0.143007,61.983883,-50.278219,5197.313416,31.835902,11.316531,44.61334,35.884436,19.502224,43.899013,9.302279,127.648456,223.69741,41.862848,73.994111,6.470443,0,0,8.3e-05,0.107016,0.011099,0,0,0.136751,0.134184,0.069494,0.002568,0.308457,0.217759,0.007455,0,0.000414
85967,123.205743,44.22199,Alces alces,56003281,Cervidae,LC,0,0,6.466895,12.230151,24.154758,1409.514421,30.027361,-20.605189,50.63255,450.737934,146.178103,1.402858,118.521686,316.223163,6.445315,316.223163,6.445315,147.227063,888.645615,51.428797,-0.514144,31.450684,-88.384181,5927.940625,1.708757,14.492728,39.579747,59.488521,0.931733,58.79548,9.272416,166.498499,196.462304,32.402236,59.820938,5.730262,0,0,0,0,0,0,0,0,0,0.602088,0,0.389543,0.0058,0,0,0.002403
86626,123.235092,53.070884,Alces alces,56003281,Cervidae,LC,1,1,-3.954254,15.326714,25.346386,1693.210029,25.117171,-35.320099,60.437271,474.321945,118.391227,4.488616,100.133423,301.111958,16.519367,301.111958,16.526922,528.419613,674.318527,35.696478,-0.311631,28.648689,-215.527859,5978.787165,30.997835,10.342033,32.937814,15.573896,51.48829,42.439054,8.751992,220.253173,144.545931,29.298508,57.97758,5.137114,0,0,0.009357,0.321934,0.128343,0,0.001656,0.52836,0.005299,0.001408,0,8.3e-05,0.00356,0,0,0
86297,123.240609,48.677556,Alces alces,56003281,Cervidae,LC,1,1,1.156637,13.191154,25.230645,1430.85038,25.914058,-26.373303,52.287361,484.984928,154.355367,1.98556,121.645943,347.082298,8.064875,347.082298,8.064875,449.560627,751.784276,47.727282,-0.347581,33.361272,-150.661528,5894.57956,33.213438,10.788652,47.191845,31.341175,21.46698,47.538071,8.745815,196.033673,166.499755,31.208555,58.81936,5.380976,0,0,0,0.233643,0,0,0,0.075037,0.155044,0.116366,0,0.414196,0.000745,0.004969,0,0
86214,123.295628,47.34969,Alces alces,56003281,Cervidae,LC,1,1,3.444317,12.030699,22.875667,1494.314279,27.675216,-24.922136,52.597353,418.719277,136.923074,1.023996,121.510448,299.971257,5.735678,299.971257,5.735678,179.027344,783.325108,46.617337,-0.460286,30.228355,-127.864846,5731.124243,3.968502,14.019511,65.091846,30.309697,4.598457,54.032119,8.7438,187.278401,174.749496,31.971464,58.895312,5.537089,0,0,0,0,0,0,0,0,0,0.096595,0.001823,0.884351,0.016154,0,0,0.000414
86544,123.316058,51.762897,Alces alces,56003281,Cervidae,LC,1,1,-4.161449,14.441936,25.527663,1565.754722,23.187062,-33.368254,56.555316,533.551961,140.283315,3.87135,105.169431,348.839309,14.22115,348.839309,14.22115,847.482524,645.909086,37.069273,-0.191607,32.728278,-218.156089,5719.527642,61.428598,9.433678,30.717863,15.245418,54.036719,41.553337,8.663285,214.47353,150.253846,29.735495,58.153949,5.137163,0,0,0.030569,0.008036,0.081021,0,0,0.867202,0,0.011681,0,0,0.001491,0,0,0
86131,123.349198,46.018694,Alces alces,56003281,Cervidae,LC,1,0.546148,5.117942,11.433667,22.157464,1471.972077,29.187987,-22.412521,51.600508,418.350872,137.42334,1.066083,120.19435,297.3738,5.183031,297.3738,5.183031,134.274627,853.761699,53.015294,-0.53041,28.644153,-108.098719,6003.837913,1.435517,14.811094,42.213734,54.977103,2.809163,56.607397,9.10636,174.39267,187.782642,31.561489,57.983821,5.559886,0,0,0,0,0,0,0,0,0,0.641266,0.010851,0.327756,0.004224,0,0,0.002816
86461,123.396268,50.453632,Alces alces,56003281,Cervidae,LC,1,1,-1.745823,14.095703,26.065473,1471.325383,24.022005,-30.061298,54.083303,520.277313,149.120431,2.98618,112.431573,353.189187,11.475772,353.189187,11.476404,654.235796,701.822799,43.204326,-0.269916,32.528776,-189.723139,5907.200238,45.79383,9.806313,32.877488,15.821988,51.300524,42.604893,8.761297,206.374527,157.612989,31.124861,60.051653,5.318338,0,0,0,0.216966,0.051363,0,0,0.612625,0.041587,0.065695,0,0.004142,0.007622,0,0,0
85719,123.450968,40.188226,Alces alces,56003281,Cervidae,LC,0,0,8.607611,10.289969,23.872786,1187.700043,28.888659,-14.186481,43.075139,837.855149,229.819204,9.245933,104.244514,526.417111,31.673328,526.417111,31.673328,136.638686,848.255143,32.530414,-0.015637,72.075105,-43.308935,4685.647026,36.156544,10.248801,52.595324,26.14693,21.257747,42.752985,8.697092,116.321551,231.47529,43.493914,75.328048,6.60658,0,0,0,0.063779,0,0,0,0.001739,0.392943,0.173196,0.000414,0.356746,0.0082,0,0,0
86378,123.462425,49.135857,Alces alces,56003281,Cervidae,LC,1,1,0.331336,13.714939,25.642473,1459.781091,25.915016,-27.585415,53.500431,500.332298,155.833828,2.242164,119.630494,352.993521,8.982043,352.993521,8.983774,449.944244,758.635023,47.251926,-0.334386,32.965879,-154.558706,6027.188577,32.871419,10.590979,41.401073,22.96166,35.637267,44.069408,8.868917,200.547374,162.312533,31.442536,59.74213,5.355177,0,0,0,0.360782,0.000497,0,0,0.081352,0.327893,0.05799,0,0.151354,0.001243,0.018888,0,0
86296,123.511846,47.808835,Alces alces,56003281,Cervidae,LC,1,1,2.912037,12.4486,23.24941,1511.444561,27.772615,-25.776131,53.548746,435.704219,140.709602,1.156992,120.860826,310.156979,6.323187,310.156979,6.323187,191.822332,770.644794,44.605665,-0.429588,30.953866,-134.473193,5728.110978,4.713734,13.759385,59.801835,35.212684,4.98548,51.035008,8.704859,188.825298,173.283373,31.234576,57.977112,5.437287,0,0,0,0.000249,0,0,0,0.000414,0,0.034714,8.3e-05,0.956587,0.004971,0,0,0.000331
85883,123.534373,42.002114,Alces alces,56003281,Cervidae,LC,0,0,7.764763,11.706249,24.456316,1312.722651,30.190257,-17.665252,47.855509,648.478859,168.159018,4.399142,102.545501,406.95534,16.899723,406.95534,16.899723,74.372435,943.21516,47.674246,-0.277711,51.940202,-53.590093,5664.857457,7.159588,13.357221,47.623016,44.050042,8.326942,49.38567,9.806297,146.797172,212.163241,37.419892,68.228949,6.154102,0,0,0,0.003479,0.010437,0,0,0.034874,0.008284,0.056909,0.006544,0.670726,0.20618,0.000994,0,0
86625,123.549531,52.216751,Alces alces,56003281,Cervidae,LC,1,1,-3.976745,14.04947,24.69013,1598.973923,23.543502,-33.337082,56.880584,518.442086,133.125426,4.448143,102.637099,333.430778,15.607396,333.430778,15.607396,743.561927,653.598767,33.972794,-0.221486,31.721651,-217.63801,5791.44892,57.485682,9.381272,30.852889,15.495734,53.651377,41.616224,8.698098,215.298399,149.587646,29.681278,58.08894,5.129596,0,0,0.040186,0.021211,0.13224,0,0,0.798906,0,0.004143,0,0,0.003314,0,0,0
86213,123.55925,46.478848,Alces alces,56003281,Cervidae,LC,1,1,4.520044,11.202509,21.733633,1470.595596,28.335049,-23.210355,51.545404,402.65108,133.329614,1.015725,122.195449,290.200803,5.059885,290.200803,5.059885,136.744186,831.05458,52.158362,-0.520952,28.334126,-115.583686,5924.204131,1.505111,14.734247,57.596638,35.120798,7.282564,54.139866,8.982966,182.016237,180.138085,31.312632,57.984434,5.503624,0,0,0,0,0,0,0,0,0,0.272757,0.002816,0.718463,0.005301,0,0,0.000331
86130,123.607431,45.145383,Alces alces,56003281,Cervidae,LC,0,0,5.442241,11.630344,22.518898,1464.075841,29.49663,-22.149683,51.646314,455.070235,146.314092,1.435299,115.812927,312.373568,6.617413,312.373568,6.617413,135.580126,864.380691,51.357925,-0.513342,30.253222,-100.592329,5939.297724,1.453966,14.662677,41.863789,56.925339,1.210871,58.068638,9.080417,170.99758,191.382057,31.531395,57.711466,5.575425,0,0,0,0,0,0,0,0,0,0.849225,0.001408,0.120703,0.00058,0,0,0.019054
85801,123.619633,40.654182,Alces alces,56003281,Cervidae,LC,0,0,7.346083,11.172574,25.052089,1204.637118,28.428856,-16.159729,44.588584,867.982422,238.483927,8.078602,105.654549,554.164216,30.049814,554.164216,30.049814,364.848176,851.907139,29.810235,0.04904,74.047747,-59.295863,4966.984511,58.866612,9.353899,44.562686,18.55724,36.880074,41.747722,9.407658,125.098951,225.166069,42.777067,75.729291,6.542468,0,0,0,0.329716,0.000497,0,0,0.157816,0.324165,0.040013,0,0.143899,0.003811,8.3e-05,0,0
86543,123.622318,50.907527,Alces alces,56003281,Cervidae,LC,1,1,-2.313639,14.148685,25.936961,1490.087595,23.800588,-30.738001,54.538589,524.195189,145.571739,3.129569,109.780438,350.743915,11.877185,350.743915,11.877185,685.41651,686.684988,39.781622,-0.249965,32.474716,-199.089404,5867.543572,45.10362,9.861892,29.097637,15.308361,55.594002,42.756645,8.679163,206.686139,157.559231,30.694988,59.06972,5.267247,0,0,0,0.115649,0.099163,0,0,0.732002,0.008367,0.04399,0,8.3e-05,0.000746,0,0,0
86048,123.65972,43.807941,Alces alces,56003281,Cervidae,LC,0,0,6.515368,12.02169,23.814415,1404.923597,29.997245,-20.485392,50.482638,469.770156,147.688743,2.002397,117.253874,328.274721,7.868058,328.274721,7.868058,144.596414,885.930183,46.800736,-0.459249,35.097559,-87.579914,5839.618406,2.355528,14.129401,41.002887,57.849731,1.147382,55.563324,9.609909,165.926595,196.991629,32.732931,60.827852,5.732504,0,0,0,0,0,0,0,0,0,0.164734,8.3e-05,0.830214,0.003893,0.000911,0,0.000166
86460,123.688476,49.593482,Alces alces,56003281,Cervidae,LC,1,1,-0.255266,14.041668,25.719678,1494.549547,25.807806,-28.793923,54.601729,507.944567,153.538918,2.681731,116.964369,352.569,10.298235,352.569,10.298449,447.565281,754.299524,44.854509,-0.329078,32.340163,-163.236012,6078.729046,26.839697,10.623403,41.251103,23.007994,35.740903,43.136398,8.880622,201.883863,161.237897,31.588585,60.141385,5.36799,0,0,8.3e-05,0.273254,0,0,0,0.085314,0.443883,0.036611,0,0.138491,0.000414,0.02195,0,0
86377,123.732327,48.267265,Alces alces,56003281,Cervidae,LC,1,1,2.569387,12.846332,23.916421,1499.019612,27.644178,-26.077432,53.72161,462.247251,147.95831,1.827637,120.740841,328.270554,7.624974,328.270554,7.630713,262.836633,767.491461,48.084227,-0.392519,31.853022,-142.44275,5851.353863,13.86936,12.77206,45.792959,49.370971,4.836069,49.491133,8.714424,190.205883,172.011997,31.001995,57.841115,5.396694,0,0,0,0.000331,0,0,0,0.000994,0.001326,0.03944,8.3e-05,0.947717,0.008451,8.3e-05,0,0
86295,123.773656,46.938255,Alces alces,56003281,Cervidae,LC,1,1,3.844904,11.11386,21.290336,1494.283409,27.97927,-24.209922,52.189192,410.789266,134.529097,1.112162,120.395737,291.460615,6.014286,291.460615,6.014286,140.415546,789.811869,48.205585,-0.477356,29.455036,-124.624156,5696.06318,1.658637,14.828041,51.229863,39.522562,9.247575,53.167799,8.967004,183.267497,178.846818,31.171423,57.911649,5.492409,0,0,0,0,0,0,0,0,0.000331,0.346036,0.047635,0.585204,0.00613,0,0,0.000994
86707,123.788386,52.670211,Alces alces,56003281,Cervidae,LC,1,1,-3.656602,14.163418,24.749451,1614.586805,24.0594,-33.113854,57.173255,505.680841,127.520229,4.5852,100.965635,321.78045,16.057448,321.78045,16.057448,643.450602,660.034138,32.602816,-0.250337,30.781493,-215.793882,5857.316687,45.508909,9.766489,28.23126,15.180589,56.588151,42.320927,8.79912,218.631063,146.208886,29.798488,58.534192,5.174058,0,0,0.026582,0.053826,0.238986,0,0,0.678288,0,0.001159,0,0,0.001159,0,0,0
85882,123.794319,41.119491,Alces alces,56003281,Cervidae,LC,0,0,7.001766,11.134142,24.549799,1230.541927,28.233456,-17.118541,45.351997,842.611871,226.349928,7.242372,104.926833,537.788271,27.452641,537.788271,27.452641,400.448145,877.8201,31.597629,0.011719,70.581906,-64.12586,5277.869241,66.471453,9.416004,36.985222,21.67761,41.337168,41.980336,9.643491,129.23013,222.351317,42.02192,75.02603,6.476002,0,0,0,0.496977,0.010188,0,0,0.219498,0.052183,0.071233,0.00555,0.062785,0.072641,0,0,0
86624,123.853436,51.360986,Alces alces,56003281,Cervidae,LC,1,1,-3.347112,14.460433,26.149976,1513.122545,23.374155,-31.910005,55.28416,539.307582,144.765362,3.772395,106.614783,354.615889,13.739123,354.615889,13.739123,812.40629,655.954598,39.170539,-0.188444,33.554216,-211.917023,5730.538428,49.838833,9.713037,29.354849,15.154522,55.49063,41.46891,8.649522,212.621844,151.904052,30.053085,58.424499,5.174576,0,0,8.3e-05,0.026604,0.087021,0,0,0.849577,0.000332,0.035969,0,0,0.000414,0,0,0
86542,123.918813,50.050431,Alces alces,56003281,Cervidae,LC,1,1,-0.753603,14.271349,26.064667,1490.001678,25.415851,-29.347423,54.763274,514.026883,149.612185,3.188865,113.119684,348.777627,11.886468,348.777627,11.887745,481.166745,737.08681,41.860017,-0.313322,32.108873,-175.698364,6041.714044,30.365722,10.575353,38.813055,20.346615,40.84033,42.921146,8.651297,204.365697,159.675814,31.151412,59.448706,5.34285,0,0,0,0.286555,0.000497,0,0,0.067683,0.514125,0.076713,0,0.041753,0,0.012675,0,0
86459,123.957096,48.724978,Alces alces,56003281,Cervidae,LC,1,1,1.490567,13.447908,24.510016,1518.646355,27.295565,-27.57926,54.874825,485.378016,152.374059,2.046465,119.589684,341.81917,8.3107,341.81917,8.31901,308.746678,771.190716,46.307867,-0.368541,32.118557,-149.090908,6003.363156,19.159314,12.058453,52.159174,41.613837,6.226989,45.845445,8.824404,194.698674,167.787759,31.208995,58.612985,5.359782,0,0,0,0.008367,0,0,0,0.000663,0.06992,0.093861,0,0.816999,0.000663,0.009527,0,0
85964,123.974815,41.5841,Alces alces,56003281,Cervidae,LC,0,0,7.155076,11.639128,24.706716,1275.032907,29.054852,-18.04936,47.104212,778.634667,203.156097,6.017346,103.241296,492.451281,23.463891,492.451281,23.463891,268.523386,918.557852,37.487612,-0.098539,63.159421,-60.28674,5559.379535,37.65603,10.678905,42.073974,29.012011,28.914015,46.29199,10.084212,145.324229,212.707134,38.094507,70.111323,6.219233,0,0,0.000248,0.309043,0.005714,0,0,0.250745,0.032792,0.031716,0.001077,0.316081,0.03685,0.015568,0,0
86376,123.992416,47.396909,Alces alces,56003281,Cervidae,LC,1,1,3.316198,11.43619,21.518351,1524.374327,27.910699,-25.219901,53.130599,425.890829,136.267243,1.27983,118.080079,297.369998,6.814604,297.369998,6.814604,147.80616,758.259154,49.100528,-0.433004,30.586725,-133.259544,5535.685237,0.901884,15.127396,52.300033,41.507549,6.192419,50.713305,8.877268,184.586935,177.556046,30.413123,56.898018,5.411973,0,0,0,0,0,0,0,0,0.001325,0.378676,0.010438,0.55712,0.047718,0,0,0.000828
86294,124.027233,46.065693,Alces alces,56003281,Cervidae,LC,1,0.021429,4.688918,10.843329,21.16088,1467.911205,28.539131,-22.693288,51.23242,420.831339,139.262701,1.142287,120.726706,298.714569,5.820474,298.714569,5.820474,130.586554,837.355692,51.25138,-0.511272,28.964068,-113.605015,5925.146947,1.715684,14.733907,47.221598,44.249615,8.528787,54.964985,9.213625,174.110526,188.007053,31.32949,57.770388,5.520133,0,0,0,0,0,0,0,0,0,0.407125,0.020878,0.542585,0.003894,0,0,0.001657
86789,124.032792,53.123277,Alces alces,56003281,Cervidae,LC,1,1,-3.183095,14.685216,24.755876,1679.874358,25.327062,-33.972168,59.299231,480.16892,118.350184,4.951889,98.546862,301.346638,18.006087,301.346638,18.013021,420.308056,684.69459,35.97961,-0.322476,28.752509,-206.399727,6030.747592,28.519389,10.384811,31.826885,15.947391,52.225724,42.625412,8.757798,219.162863,145.429436,29.633562,58.267929,5.16808,0,0,0.037427,0.2961,0.099445,0,8.3e-05,0.546907,0.007618,0.010764,0.000331,0.001325,0,0,0,0
86211,124.064429,44.730795,Alces alces,56003281,Cervidae,LC,0,0,5.480235,11.581405,22.412927,1459.025689,29.367504,-22.306495,51.673998,456.266095,152.127074,1.464741,120.211659,321.197839,7.070688,321.197839,7.070688,154.88971,857.129705,51.701031,-0.475339,32.42282,-101.688758,5855.29995,1.831571,14.391231,37.506338,61.534349,0.959314,54.1623,9.603169,168.671773,193.903879,31.703658,58.992947,5.57243,0,0,0,0,0,0,0,0,0,0.240186,0.000166,0.750787,0.004555,0.000166,0,0.003975
86706,124.08978,51.81401,Alces alces,56003281,Cervidae,LC,1,1,-3.679564,14.073397,25.103547,1560.292002,23.372579,-32.661346,56.033925,538.054501,140.179238,4.352152,103.432558,346.630319,15.363699,346.630319,15.363699,786.713619,650.042915,36.718307,-0.186859,33.231839,-216.257346,5727.299806,56.145624,9.458771,30.631279,14.561063,54.807657,41.579687,8.674142,213.391624,151.288117,30.008514,58.331061,5.16333,0,0,0.001574,0.012181,0.187935,0,0,0.785631,0,0.008204,0,0,0.004475,0,0,0
86128,124.107515,43.391699,Alces alces,56003281,Cervidae,LC,0,0,6.325028,11.665064,23.024441,1399.402843,29.706416,-20.959021,50.665438,553.38518,161.975117,3.507707,110.416313,369.859908,12.598699,369.859908,12.598699,145.638828,891.158924,52.51396,-0.351009,42.590894,-84.374545,5775.916609,3.323813,13.839517,55.771352,42.75464,1.474008,50.206181,10.075184,157.653549,203.87638,34.70515,64.661773,5.906957,0,0,0,0,0,0,0,0,0,0.00522,0,0.980282,0.014499,0,0,0
86623,124.147526,50.50356,Alces alces,56003281,Cervidae,LC,1,1,-1.299147,14.109014,25.508366,1518.853449,25.001594,-30.310403,55.311997,516.103157,144.186973,3.431391,109.831174,343.686368,12.771119,343.686368,12.773658,503.282439,721.400307,37.733851,-0.299664,31.918444,-186.065955,6003.341185,30.826014,10.561184,41.883234,16.465264,41.651502,42.813474,8.622136,204.801216,159.401534,30.93069,58.988919,5.312569,0,0,0,0.296919,0.008614,0,0,0.279112,0.268262,0.055325,0,0.044476,0.019712,0.02758,0,0
86541,124.186192,49.181974,Alces alces,56003281,Cervidae,LC,1,1,0.570056,13.865799,25.27538,1509.041366,26.626117,-28.238523,54.864639,505.348869,153.842469,2.497244,117.170648,350.21111,9.91452,350.21111,9.925598,389.995066,761.268131,44.90346,-0.335354,32.627768,-160.272124,6042.106407,23.472089,10.932093,52.404382,31.795511,15.800108,43.918787,8.809105,199.548251,163.492204,31.206383,59.092086,5.348633,0,0,0,0.031972,0,0,0,0.007786,0.195643,0.003313,0,0.586101,0.000248,0.174936,0,0
86458,124.21554,47.854807,Alces alces,56003281,Cervidae,LC,1,1,2.530435,12.030077,22.08197,1554.490523,27.832072,-26.64451,54.476583,444.451924,141.262132,1.609713,118.380232,310.093595,7.568593,310.093595,7.568814,162.372922,765.647325,49.333857,-0.416468,30.937865,-140.12029,5717.054994,0.741947,14.882922,44.956171,46.514962,8.528867,50.521071,8.639205,187.401055,174.735421,30.233869,56.500969,5.368442,0.000166,0,0.000248,0,0.000662,0,0,0.004472,0.000828,0.195181,0,0.788589,0.009854,0,0,0
86375,124.243855,46.524669,Alces alces,56003281,Cervidae,LC,1,0.523154,4.173495,10.966455,20.805577,1516.084394,28.605436,-24.055305,52.660741,426.606767,138.889034,1.218507,119.349226,300.725107,6.201224,300.725107,6.201224,139.280206,810.77647,49.25441,-0.488638,29.235221,-122.422537,5827.529841,2.426954,14.569227,53.746328,42.67455,3.579122,53.035539,9.023097,181.47581,180.669279,30.88032,57.449449,5.461219,0,0,0,0,0,0,0,0,0,0.641567,0.033217,0.177767,0.001408,0,0,0.018638
86293,124.273822,45.191014,Alces alces,56003281,Cervidae,LC,0,0,5.104341,10.886106,21.181643,1469.120602,28.831139,-22.527719,51.358858,449.781121,147.936084,1.455929,119.101076,314.851955,6.772079,314.851955,6.772079,131.919048,854.445817,49.143735,-0.490068,31.057453,-105.037647,5899.321694,1.361114,14.597577,46.344882,49.81714,3.837978,53.817398,9.570292,169.033274,193.426304,31.534227,58.481189,5.531741,0,0,0,0,0,0,0,0,0,0.315253,0.047201,0.505134,0.007204,0,0,0.014823
86210,124.308683,43.853299,Alces alces,56003281,Cervidae,LC,0,0,5.709729,11.656583,22.817573,1425.878693,29.459725,-21.626822,51.086547,515.357568,158.923518,2.618635,114.577041,352.692305,10.234225,352.692305,10.234225,174.351156,864.335776,50.539493,-0.38708,38.557608,-97.10227,5763.769419,3.368821,13.801394,56.747779,41.610456,1.641765,53.166463,9.846118,166.3762,196.40292,32.620754,61.088275,5.700505,0,0,0,0,0,0,0,0,0,0.002236,0,0.986582,0.009774,0,0,0.000166
86788,124.331514,52.266601,Alces alces,56003281,Cervidae,LC,1,1,-3.121046,13.737078,24.129697,1609.293885,24.2745,-32.62481,56.89931,513.255453,130.913612,4.548882,101.053371,325.277658,15.877216,325.277658,15.877216,590.609788,670.604935,32.347574,-0.251604,31.348267,-211.28424,5876.736565,46.264869,9.942312,29.722803,16.01402,54.263176,41.94955,8.820219,214.533097,150.239103,30.352659,58.941197,5.211684,0,0,0.009026,0.028072,0.192531,0,0,0.755962,0.000662,0.0053,0,8.3e-05,0.008364,0,0,0
86127,124.352511,42.511034,Alces alces,56003281,Cervidae,LC,0,0,6.445769,11.871318,23.955302,1348.618074,29.50404,-20.061114,49.565154,693.490244,183.098579,5.457566,102.82011,440.964439,19.472508,440.964439,19.472508,222.300541,921.4244,43.274161,-0.218861,52.59667,-72.130698,5807.442887,28.257841,11.2009,51.847118,28.44727,19.705612,42.406023,11.059416,155.38087,205.565036,35.950492,68.633996,6.039242,0,0,0,0.152336,0.004059,0,0,0.158714,0.167164,0.019715,0.007455,0.457753,0.020129,0.008201,0,0
86705,124.381314,50.956217,Alces alces,56003281,Cervidae,LC,1,1,-1.895553,14.00263,25.333604,1523.584228,24.488637,-30.776192,55.264828,522.321631,141.470144,3.747004,106.972456,342.206174,13.48834,342.206174,13.48834,575.070606,697.957714,36.318485,-0.2665,32.312959,-197.328724,5914.099714,38.201482,9.971929,35.145945,13.633418,51.220637,42.796899,8.634834,205.673375,158.665204,30.635411,58.604713,5.267885,0,0,0,0.240288,0.050443,0,0,0.502029,0.121262,0.075872,0,0.000497,0.009608,0,0,0
86045,124.410591,41.163848,Alces alces,56003281,Cervidae,LC,0,0,6.172011,11.600116,25.168079,1232.2643,27.835755,-18.252868,46.088623,918.924448,244.465731,8.157304,103.251879,581.990356,31.609049,581.990356,31.609049,499.698382,869.584808,28.578053,0.119126,76.493865,-68.628334,5306.155328,75.278775,9.099844,33.586063,18.709793,47.704145,41.17573,10.18969,136.694613,217.648358,40.775265,74.566267,6.381703,0,0,0.000663,0.663076,0.006961,0,0,0.179069,0.023119,0.025688,0.001574,0.084438,0.010855,0.000331,0,8.3e-05
86622,124.41966,49.638251,Alces alces,56003281,Cervidae,LC,1,1,0.143775,14.043265,24.892622,1563.862082,26.691723,-29.738285,56.430008,501.546382,148.706087,2.648833,115.351337,343.698362,10.292081,343.698362,10.339025,346.202942,760.074962,38.229528,-0.345616,31.733202,-168.259784,6104.258265,18.741251,11.314593,55.246628,32.273398,12.479974,43.021642,8.717303,200.435437,163.386134,31.169353,58.940926,5.368277,0,0,0,0.02593,0,0,0,0.010604,0.138679,0.031895,0,0.698782,0.017066,0.077044,0,0
86540,124.443049,48.311946,Alces alces,56003281,Cervidae,LC,1,1,1.946158,12.188241,22.219366,1566.287333,27.418714,-27.433168,54.851882,464.467339,145.238226,1.950939,118.096262,322.945842,8.099808,322.945842,8.108175,199.262209,771.732576,44.630486,-0.395828,31.345406,-148.272646,5905.007326,4.302342,13.944635,57.148318,36.008485,6.843197,49.073723,8.695976,189.280509,172.999822,30.465926,57.047143,5.361804,0,0,0,0.000497,0,0,0,8.3e-05,0.00058,0.141638,0.001242,0.836743,0.009443,0,0,0.00116
86457,124.464943,46.982851,Alces alces,56003281,Cervidae,LC,1,0.998799,3.454946,11.026378,20.887429,1522.548676,27.891465,-24.878698,52.770163,431.254441,138.917263,1.689015,118.358887,301.196014,7.050724,301.196014,7.050724,142.838705,785.079603,46.127189,-0.455625,29.979293,-131.437569,5723.828294,0.984076,15.135513,48.503672,39.645222,11.851106,50.63217,8.890944,182.991593,179.143621,29.957509,56.195027,5.374881,0,0,0,0,0,0,0,0,8.3e-05,0.584051,0.111295,0.285442,0.004886,0,0,0.00265
86374,124.487845,45.650411,Alces alces,56003281,Cervidae,LC,0,0,4.853645,10.991101,21.222442,1480.19235,28.737073,-23.03978,51.776853,445.29456,145.960491,1.535833,119.14044,311.951413,6.819363,311.951413,6.819363,127.366064,844.695871,49.450272,-0.492473,30.198531,-111.409671,5931.103838,1.809113,14.651444,45.801624,49.377645,4.820731,54.300577,9.323815,172.011354,190.120624,31.340379,57.630099,5.494906,0,0,0,0,0,0,0,0,0,0.412077,0.010022,0.553052,0.009111,0,0,0.002899
86292,124.514753,44.314066,Alces alces,56003281,Cervidae,LC,0,0,5.279484,11.592263,22.496578,1447.88644,29.144783,-22.385513,51.530296,498.391712,160.618579,2.033743,117.616313,346.603707,8.849282,346.603707,8.849282,205.839013,847.35404,50.787972,-0.40271,36.644364,-104.287309,5764.402391,3.75358,13.610577,47.457472,51.316997,1.225532,53.803255,9.697253,166.905486,195.753115,32.251576,60.003436,5.636598,0,0,0,0,0,0,0,0,0,0.029487,0.006875,0.95403,0.007455,0,0,0
86869,124.578806,52.718761,Alces alces,56003281,Cervidae,LC,1,1,-3.02151,14.275255,24.724516,1627.490293,24.767363,-32.919409,57.686772,504.681064,126.952851,4.918792,99.290247,316.213604,17.407545,316.213604,17.407745,520.099374,670.783917,31.301294,-0.262169,30.883977,-211.482174,5904.032427,31.72432,10.406843,30.927104,15.470345,53.602551,42.01794,8.830023,214.645876,150.109958,30.59359,59.233752,5.226045,0,0,0.000911,0.165107,0.19061,0,0,0.624741,0.001822,0.013662,0,0,0.003146,0,0,0
86787,124.620333,51.408403,Alces alces,56003281,Cervidae,LC,1,1,-2.718534,14.107845,25.312657,1542.039342,24.078117,-31.648858,55.726975,534.975658,140.839372,4.123368,104.151304,345.11263,14.827713,345.11263,14.827713,678.711976,669.845932,36.451233,-0.215887,33.179924,-209.055751,5791.58632,42.325577,9.819323,34.200083,14.693756,51.106161,41.521976,8.797815,210.425826,154.244504,30.042244,58.227869,5.183514,0,0,0,0.052688,0.101069,0,0,0.776903,0.046392,0.020462,0,0,0.002485,0,0,0
86704,124.657554,50.09381,Alces alces,56003281,Cervidae,LC,1,1,-0.783322,14.391495,25.182391,1579.607561,26.211575,-30.947466,57.159042,507.657709,144.12518,3.270821,111.344378,340.055471,12.334074,340.055471,12.437485,382.975575,742.639987,35.877853,-0.328219,31.731852,-178.951684,6061.798567,17.981428,11.566978,59.982666,13.611192,26.406143,42.431651,8.556401,200.818995,163.435163,31.565739,58.833678,5.419386,0,0,0,0.134609,0,0,0,0.008284,0.338883,0.001077,0,0.22664,0.002982,0.287525,0,0
86621,124.674974,48.768325,Alces alces,56003281,Cervidae,LC,1,1,1.343225,12.676113,22.991169,1561.592368,27.024522,-28.107441,55.131962,489.14589,149.264104,2.14262,116.560737,336.052793,8.903388,336.051055,8.916645,268.240604,767.488182,42.212835,-0.367103,31.927379,-159.487397,5998.80683,14.759299,12.661844,51.882129,39.6134,8.504471,44.427872,8.892372,195.699401,166.917549,30.5862,58.044758,5.316755,0,0,0,0.005966,0.000166,0,0,0.006794,0.034386,0.066866,0.011931,0.792775,0.001906,0.010854,0,0.002486
86539,124.6905,47.440234,Alces alces,56003281,Cervidae,LC,1,1,2.817281,11.356294,21.095033,1555.958042,27.653501,-26.167183,53.820684,444.020283,141.15124,1.932034,117.921758,309.167109,7.738247,309.167109,7.738247,155.454337,773.052072,46.557036,-0.426326,30.719207,-140.226898,5738.423076,0.479073,15.259056,46.158369,45.340448,8.501183,51.518901,8.576565,182.083445,179.926321,28.65688,54.097893,5.320312,0,0,0,0,0,0,0,0,0.000663,0.149118,0.014829,0.828515,0.004971,0,0,0.000249
86373,124.725654,44.773983,Alces alces,56003281,Cervidae,LC,0,0,4.980965,11.492111,22.100537,1469.02835,28.975803,-23.01364,51.989443,486.757714,159.193009,1.914529,118.769759,340.240504,8.370297,340.240504,8.370297,195.143944,844.361599,50.901181,-0.425916,34.683631,-107.408865,5814.206266,3.674584,13.634522,46.024109,51.831939,2.143952,52.650754,9.666445,167.646036,194.66968,31.620185,58.150976,5.481151,0,0,0,0,0,0,0,0,0,0.100497,0,0.894449,0.005054,0,0,0
86208,124.788359,42.090599,Alces alces,56003281,Cervidae,LC,0,0,5.736272,12.182165,25.093462,1306.694436,28.615193,-19.935747,48.550939,806.997487,205.623566,7.045877,100.451505,506.745663,25.979193,506.745663,25.979193,435.191268,902.013437,34.69347,-0.074175,60.197594,-77.793431,5767.046238,43.975187,9.824059,38.732683,17.37615,43.891167,40.19158,11.317504,155.059638,205.54908,36.302798,69.831101,6.073402,0,0,8.3e-05,0.621678,0.002898,0,0,0.274489,0.00621,0.012503,8.3e-05,0.076095,0.005548,0.000414,0,0
86125,124.842079,40.741367,Alces alces,56003281,Cervidae,LC,0,0,6.868341,11.286614,24.99549,1207.708222,28.016662,-17.108551,45.125213,976.765262,264.048272,9.49166,103.32957,615.295717,36.137137,615.295717,36.137137,353.783382,880.10838,31.937755,0.191311,86.488225,-49.577427,5108.845922,55.52419,9.587188,41.669698,16.059376,42.270927,35.448296,10.232949,125.375267,224.914245,44.214288,80.061783,6.662819,0,0,0,0.452489,0.00174,0,0,0.358462,0.071494,0.024522,0.004142,0.062215,0.011764,0.00232,0,8.3e-05
86868,124.864744,51.86012,Alces alces,56003281,Cervidae,LC,1,1,-2.759237,13.383627,23.98282,1575.281887,23.965575,-31.797011,55.762586,526.594038,135.731035,4.350199,101.887588,334.647441,15.387513,334.647441,15.387513,618.923792,667.800147,33.521502,-0.22463,32.581411,-212.166079,5811.892362,43.224516,9.92028,29.754095,14.445151,55.800754,41.596913,8.867082,212.313262,152.586669,30.088787,58.413413,5.2019,0,0,0.000994,0.03488,0.225186,0,0,0.724109,8.3e-05,0.010108,0,0,0.00464,0,0,0
86786,124.899938,50.548651,Alces alces,56003281,Cervidae,LC,1,1,-1.315115,14.203512,24.840501,1583.252899,25.737959,-31.4465,57.184459,513.923335,140.57756,3.810622,107.56247,336.924854,14.212579,336.924854,14.234932,424.112088,723.879349,35.067515,-0.307294,31.849109,-188.446471,6001.748009,23.317808,10.894538,54.003438,11.368316,34.628246,42.338286,8.712388,202.174967,161.893731,30.931461,58.605425,5.325976,0,0,0,0.282211,0.000166,0,0,0.011931,0.489021,0.015494,0,0.1073,0.000497,0.09338,0,0
86703,124.911355,49.223942,Alces alces,56003281,Cervidae,LC,1,1,0.616743,13.162822,23.38496,1589.643481,26.848616,-29.447209,56.295825,495.527596,147.153927,2.607226,115.040617,337.899101,10.279722,337.899101,10.347781,289.225907,763.224867,37.709498,-0.355253,31.885457,-169.728673,6058.467586,14.971572,12.051304,56.317331,33.467136,10.215533,43.08467,8.862009,198.138046,165.257527,30.591742,58.417447,5.329034,0,0,0,0.015573,0.000746,0,0,0.00058,0.064778,0.054838,0.000746,0.790838,0.006875,0.060305,0,8.3e-05
86620,124.920539,47.896815,Alces alces,56003281,Cervidae,LC,1,1,2.164309,11.6363,21.237802,1590.473686,27.375484,-27.410368,54.785852,460.676915,145.224751,2.000444,118.129628,320.532843,7.989508,320.532843,7.989508,193.849315,767.827058,50.137441,-0.397513,31.457926,-149.815541,5830.311109,2.854783,14.301513,54.379644,37.67807,7.942286,49.886328,8.774475,184.035642,178.125312,29.353938,55.414546,5.339801,0,0,0,0,0,0,0,0,0.000663,0.022695,0.000745,0.972501,0.00323,0.000166,0,0
86538,124.929673,46.566707,Alces alces,56003281,Cervidae,LC,1,0.001126,4.017674,10.885964,20.628916,1516.306512,28.353765,-24.392901,52.746666,452.339892,144.583822,1.877163,117.486232,314.072122,8.131284,314.072122,8.131284,142.927378,812.495596,47.33941,-0.468649,29.843551,-129.362308,5925.006094,1.260512,14.968756,48.325846,46.940753,4.733401,51.847095,9.113254,179.240595,182.657774,30.219726,56.289763,5.382294,0,0,0,0,0,0,0,0,0.000166,0.614582,0.034631,0.181276,0.145153,0,0,0.00406
86290,124.98567,42.55272,Alces alces,56003281,Cervidae,LC,0,0,5.530457,11.968633,24.008211,1356.708597,28.671655,-21.193899,49.865553,754.246137,196.223862,6.542297,101.233929,476.709602,23.304537,476.709602,23.304537,395.698781,888.674974,37.6033,-0.130768,55.026328,-87.946556,5806.25931,35.992628,10.415617,51.171427,22.949525,25.879047,32.598436,12.554401,159.952204,201.323198,35.062537,70.248522,6.024864,0,0,0,0.309214,0.001987,0,0,0.10986,0.107625,0.002318,0.000497,0.370643,0.002566,0.095289,0,0
86950,125.114715,52.311367,Alces alces,56003281,Cervidae,LC,1,1,-2.382854,13.676163,23.805932,1631.048547,25.039283,-32.388404,57.427687,508.670109,128.052311,4.913923,98.4881,315.729705,17.559767,315.729705,17.559767,448.871669,682.505851,31.62928,-0.269688,31.196465,-209.295421,5924.67281,27.278514,10.601386,34.456619,14.281683,51.261699,41.719706,8.96622,212.768294,152.028368,31.294171,60.12532,5.281514,0,0,0.002402,0.188385,0.087565,0,0,0.676083,0.015492,0.019634,0,0.000663,0.009775,0,0,0
86867,125.141444,50.999994,Alces alces,56003281,Cervidae,LC,1,1,-1.745874,13.934788,24.757739,1563.316123,25.042674,-31.241771,56.284445,521.070608,137.997907,4.101395,104.572235,335.85624,15.114281,335.85624,15.114281,501.61351,699.091716,34.507266,-0.270827,32.376099,-199.28221,5901.200355,25.685758,10.696711,45.564882,11.352924,43.082194,41.477011,8.892104,204.203316,160.035106,30.094167,57.906468,5.220559,0,0,0,0.359781,0.001988,0,0,0.224698,0.36972,0.023108,0,0.018138,0,0.002568,0,0
86785,125.15224,49.678798,Alces alces,56003281,Cervidae,LC,1,1,-0.389974,13.629352,23.575256,1630.469868,26.497885,-31.324093,57.821978,500.53486,143.180932,2.983398,112.313501,336.191435,11.295939,336.191435,11.499397,315.107597,751.883237,36.039712,-0.33916,32.000398,-177.06007,6055.196599,14.814655,11.895204,57.250556,24.003827,18.745616,42.379244,8.782394,199.056339,165.044596,31.050772,58.416387,5.392435,0,0,0,0.092024,0,0,0,0.006047,0.2055,0.011679,0,0.631823,0.010933,0.041995,0,0
86702,125.155083,48.352592,Alces alces,56003281,Cervidae,LC,1,1,1.480379,11.911369,21.418857,1613.876731,27.018334,-28.592067,55.6104,479.036272,147.739549,2.011859,117.360102,331.551957,8.053741,331.551957,8.053741,248.667415,761.861946,45.591924,-0.366969,32.236908,-160.370105,5908.249483,6.677916,13.393075,48.846219,44.20145,6.952331,45.802739,9.115528,188.71554,173.404563,29.953369,56.747388,5.30078,0,0,0,0,0,0,0,0,0,0.014993,0,0.974652,0.010355,0,0,0
86619,125.157454,47.023594,Alces alces,56003281,Cervidae,LC,1,0.597287,3.107384,11.244752,20.824576,1558.58981,28.003826,-25.980516,53.984342,454.538907,144.999115,1.92051,118.515669,317.081508,7.330415,317.079922,7.330415,154.303176,793.486743,44.372069,-0.436248,30.711108,-139.173173,5882.161368,0.451534,14.877887,46.418238,46.161853,7.419909,49.67507,8.964402,181.088014,181.043541,29.229961,55.463593,5.328926,0,0,0,0,0,0,0,0,0,0.203181,0.017063,0.751346,0.006047,0,0,0.00058
86537,125.161738,45.691219,Alces alces,56003281,Cervidae,LC,0,0,4.563778,11.58063,21.820915,1502.67163,28.863019,-24.199081,53.0621,474.259544,152.258392,1.992589,117.434609,328.786625,8.206728,328.786625,8.206728,136.450412,839.769703,46.529139,-0.453985,31.801142,-118.443361,5980.964606,1.505928,14.583158,48.854065,47.255338,3.890597,49.489309,9.91063,171.639896,190.334255,30.939088,58.359536,5.439923,0,0,0,0,0,0,0,0,8.3e-05,0.250932,0.003727,0.726542,0.013913,0,0,0.00265
86371,125.188396,43.013959,Alces alces,56003281,Cervidae,LC,0,0,5.314826,11.82474,23.031858,1410.934548,28.926284,-22.412586,51.338871,698.467299,188.203429,5.987588,103.085161,446.579169,20.641684,446.579169,20.641684,315.142816,871.715292,41.580517,-0.184181,50.42216,-97.782238,5790.940871,16.76063,11.664164,57.104502,29.124258,13.771239,39.086714,11.330531,157.555749,203.151596,35.697168,68.707632,5.939095,0,0,0,0.047639,0.003314,0,0,0.014416,0.010439,0.008616,0.004722,0.779536,0.03198,0.094366,0,0.000249
86289,125.219206,41.667994,Alces alces,56003281,Cervidae,LC,0,0,5.121487,12.07057,25.090143,1292.472029,27.748797,-20.376294,48.125091,894.507306,229.580893,8.80135,100.286678,560.93741,32.92683,560.93741,32.92683,546.199058,875.283742,27.639277,0.061714,68.35392,-81.744053,5607.608465,48.317182,9.695926,37.224801,17.046541,45.728659,38.469995,11.228565,152.994552,206.559877,37.449387,71.37001,6.087371,0,0,0,0.626916,0.005801,0,0,0.230049,0.003895,0.002983,8.3e-05,0.104748,0.002486,0.023038,0,0
87032,125.37042,52.762145,Alces alces,56003281,Cervidae,LC,1,1,-2.330774,14.14867,24.058704,1669.143028,25.679746,-33.128377,58.808124,502.418659,125.10537,5.276746,96.334469,306.739642,19.14011,306.739642,19.143304,360.231312,684.531436,31.655381,-0.275424,30.956777,-209.935849,5960.784298,16.643157,11.062337,36.28932,13.960945,49.749735,42.360121,8.85106,213.678856,151.104322,30.169694,58.323089,5.193924,0,0,0.002153,0.168088,0.017223,0,0,0.605283,0.180177,0.021694,0.000497,0.002981,0.001904,0,0,0
86618,125.38685,46.14852,Alces alces,56003281,Cervidae,LC,0,0,4.001281,11.635765,21.72832,1522.723746,28.543269,-25.003729,53.546998,476.440165,150.393514,1.986433,116.495049,328.708692,8.709926,328.708692,8.709926,162.812502,826.074189,46.201234,-0.444769,31.409951,-128.840589,6017.4997,2.055447,14.381083,60.366064,36.984401,2.649535,47.985448,9.652449,174.726858,187.057226,30.260796,56.971414,5.366356,0,0,0,0,0,0,0,0,0,0.239374,0.013671,0.712569,0.018809,0,0,0.000994
86536,125.387935,44.813607,Alces alces,56003281,Cervidae,LC,0,0,4.84926,11.930075,22.58682,1484.61763,29.167559,-23.644848,52.812407,525.330455,165.156138,2.381885,114.929601,359.745911,10.235621,359.745911,10.235621,179.370071,843.284768,47.910747,-0.37337,37.270466,-112.428393,5867.390226,5.40614,13.377796,55.516614,41.997753,2.485633,49.473571,9.907173,167.743211,194.348326,31.368747,58.109476,5.422188,0,0,0,0,0,0,0,0,8.3e-05,0.028735,0.007618,0.949652,0.009357,0,0,0.002484
86949,125.38834,51.450832,Alces alces,56003281,Cervidae,LC,1,1,-2.00387,13.700689,24.245844,1581.10728,24.858856,-31.637531,56.496387,518.616015,134.150087,4.126809,102.341762,329.982127,15.488661,329.982127,15.489076,500.403581,686.755049,32.903977,-0.25936,32.20134,-206.222998,5866.732006,23.951196,10.852621,42.372738,12.56713,45.060132,41.149168,9.031736,208.662703,156.061344,29.732595,57.845993,5.185612,0,0,0,0.106161,0.034034,0,0,0.55366,0.243458,0.062355,0,0.000331,0,0,0,0
86701,125.389815,47.479636,Alces alces,56003281,Cervidae,LC,1,1,2.422061,11.012798,20.312099,1585.161105,27.275692,-26.937552,54.213244,467.220144,147.331695,2,118.185921,325.483564,7.815981,325.483564,7.815981,195.272354,774.955147,49.186298,-0.395709,31.898086,-149.905418,5857.710243,2.480188,14.269404,48.096173,46.248082,5.655745,50.218305,8.758693,181.264298,180.787924,28.550886,54.307586,5.300265,0,0,0,0,0,0,0,0,0,0.040842,0.001823,0.947395,0.006296,0,0,0
86784,125.394165,48.807564,Alces alces,56003281,Cervidae,LC,1,1,0.714019,12.359627,22.266266,1597.843785,26.362034,-29.148507,55.510541,494.546583,147.925789,2.245281,115.477557,338.195343,8.942443,338.195343,8.942443,307.885554,753.759375,41.501387,-0.338968,32.864629,-171.200393,5946.431271,11.390346,12.89044,50.860311,37.782319,11.35737,43.426789,9.023796,193.606525,169.069518,30.088636,57.617901,5.283074,0,0,0,0.037522,0.000166,0,0,0.006709,0.032552,0.006626,0.000911,0.895718,0.005218,0.014164,0,8.3e-05
86453,125.396412,43.47429,Alces alces,56003281,Cervidae,LC,0,0,5.168723,11.516839,22.345462,1433.303777,28.781152,-22.754703,51.535855,646.959557,183.379479,5.093812,106.234045,421.931215,17.99506,421.931215,17.99506,265.667947,853.952439,44.894275,-0.220499,47.312855,-105.60663,5763.371709,12.451408,12.267155,62.324883,28.370742,9.304374,40.499005,11.13816,161.14498,199.863074,34.795975,66.59182,5.770377,0,0,0,0.038583,0.003063,0,0,0.002401,0.000745,0.008362,0.006458,0.888889,0.017139,0.019043,0,0.000331
86866,125.397689,50.132892,Alces alces,56003281,Cervidae,LC,1,1,-1.10125,13.899669,23.92393,1626.020678,26.110857,-31.992944,58.103801,510.723604,139.995817,3.405939,108.591249,336.168496,13.09557,336.168496,13.264146,373.710069,732.159267,35.587268,-0.310853,32.437533,-184.952845,5990.418431,18.285702,11.328487,61.33753,12.448943,26.213527,42.051876,8.738869,199.612394,164.62711,31.109418,58.368486,5.391498,0,0,0,0.164486,0,0,0,0.001242,0.441776,0.001988,0,0.313318,0.005963,0.071227,0,0
86370,125.41662,42.130015,Alces alces,56003281,Cervidae,LC,0,0,4.99375,11.971873,24.198052,1340.128666,27.904668,-21.579796,49.484464,834.909292,212.477296,7.860111,99.351836,522.155306,29.475599,522.155306,29.475599,506.519105,875.258916,30.919362,-0.023423,60.924339,-90.95508,5750.176827,36.184291,10.555809,45.48723,21.910476,32.602294,37.173089,11.553107,156.158983,204.115237,36.465516,70.475466,6.018038,0,0,0.000248,0.389814,0.00265,0,0,0.169275,0.003478,0.003313,0.001739,0.347164,0.007867,0.073954,0,0
86288,125.454366,40.780369,Alces alces,56003281,Cervidae,LC,0,0,6.835777,11.11403,24.337717,1227.263092,27.936891,-17.721024,45.657916,977.005188,260.223462,10.103566,102.772379,613.400581,37.637818,613.400581,37.637818,334.004401,900.188909,32.649113,0.146327,83.354429,-48.959138,5290.89284,72.600089,9.125838,41.769925,16.166391,42.063683,33.16261,10.779295,130.23931,221.104502,43.534922,79.936811,6.542606,0,0,0.00058,0.452829,0.024435,0,0,0.413567,0.006295,0.032966,0.001822,0.045888,0.00058,0.001822,0,0
86535,125.609612,43.933692,Alces alces,56003281,Cervidae,LC,0,0,5.033414,11.412922,22.032914,1453.571165,28.840026,-22.947537,51.787562,607.546833,181.375454,3.930463,109.982914,404.806358,14.81358,404.806358,14.81358,216.179496,847.216611,47.619098,-0.254293,44.988173,-108.780058,5782.753724,8.004393,12.841292,57.018719,33.872854,9.108427,43.77391,10.55042,166.991652,194.924425,31.9798,60.965915,5.484533,0,0,0,0.019545,0.013582,0,0,0.003644,0.003313,0.026253,0.012836,0.766542,0.120663,0.017308,0,0.000414
86700,125.616648,46.604934,Alces alces,56003281,Cervidae,LC,0,0,3.279567,11.26055,20.886403,1547.877527,28.130293,-25.775276,53.905569,470.064304,148.550488,1.99865,117.89848,326.728397,8.743148,326.728397,8.743148,162.006114,809.928259,45.374,-0.424047,31.757071,-138.265441,5994.895368,1.589619,14.480404,56.847283,37.245001,5.907715,47.892715,9.350137,178.03928,183.82506,29.517223,55.706111,5.288125,0,0,0,0,0,0,0,0,0,0.229068,0.02824,0.726211,0.005135,0,0,0.001325
86783,125.626772,47.934829,Alces alces,56003281,Cervidae,LC,1,1,1.875449,11.184615,20.574627,1590.13405,26.801077,-27.561552,54.362629,483.065695,150.103181,2.035427,117.173589,333.888316,8.055939,333.888316,8.055939,242.351822,761.388172,47.03509,-0.359246,32.914753,-159.821243,5864.91815,7.341585,13.443763,52.559059,42.129246,5.311695,45.636315,9.236387,184.796613,177.356391,29.152626,55.995307,5.269826,0,0,0,0,0,0,0,0,0.001077,0.020704,0.00207,0.963478,0.010269,0.000166,0,0
86865,125.637829,49.26173,Alces alces,56003281,Cervidae,LC,1,1,-0.118342,12.88261,22.281144,1660.175943,26.411971,-31.411981,57.823952,502.47487,144.661949,2.873691,112.606522,338.343988,10.818929,338.343988,10.968857,299.252542,751.62064,35.638612,-0.33155,32.835949,-175.908348,5999.86858,11.549895,12.441946,55.318909,34.286979,10.394113,42.58255,9.087055,194.77806,168.426509,30.233713,57.684473,5.301551,0,0,0,0.007952,0.000828,0,0,0.010105,0.027251,0.015903,8.3e-05,0.915597,0.002568,0.019713,0,0
87031,125.640792,51.901162,Alces alces,56003281,Cervidae,LC,1,1,-1.761581,13.183231,23.265611,1614.046633,25.129938,-31.519024,56.648961,507.661311,128.130538,4.496683,99.320413,316.720696,16.424147,316.720696,16.424147,401.995066,689.671409,32.114555,-0.27935,31.280953,-208.268933,5916.258663,25.274829,10.583832,33.241773,12.871161,53.887066,41.727644,9.130203,209.627831,154.814892,30.029912,58.321691,5.203889,0,0,0.000166,0.2197,0.075719,0,0,0.631182,0.038522,0.029575,0,0.000166,0.004971,0,0,0
86948,125.647769,50.586225,Alces alces,56003281,Cervidae,LC,1,1,-1.52555,13.984328,24.034147,1624.854816,25.780331,-32.406536,58.186867,518.061545,137.110011,3.97114,105.021807,334.064631,15.067331,334.064631,15.089043,409.970672,714.211115,35.30632,-0.28938,32.592174,-192.731878,5927.431316,21.312028,10.876598,56.953155,10.545675,32.50117,41.157544,9.038544,201.089418,163.112066,29.97179,57.610817,5.254203,0,0,0,0.262779,0.000331,0,0,0.001905,0.564079,0.005716,0,0.142159,0.001823,0.021208,0,0
86616,125.827908,44.392147,Alces alces,56003281,Cervidae,LC,0,0,4.869157,12.036109,22.844336,1474.604043,29.09171,-23.59499,52.6867,577.888284,175.12979,3.200119,111.516919,388.077385,12.728675,388.077385,12.728675,191.780433,845.457979,46.080439,-0.291708,42.101096,-112.222625,5854.16244,6.61552,13.092373,62.1704,34.3224,3.5072,44.556081,10.383129,167.416134,194.447146,31.592741,59.913349,5.429588,0,0,0,0.004391,0,0,0,8.3e-05,0,0.001657,0,0.968432,0.024029,0.001409,0,0
86534,125.828283,43.051285,Alces alces,56003281,Cervidae,LC,0,0,4.835304,11.763032,22.876474,1415.343986,28.474736,-22.945732,51.420468,724.779251,195.48041,6.394175,102.184267,461.06457,23.085454,461.06457,23.085454,364.011771,857.299939,38.244461,-0.133475,51.87979,-105.113054,5796.617271,21.224658,11.580194,52.954305,24.764304,22.28139,37.922162,11.48718,161.30733,199.610752,35.16794,68.077045,5.809571,0,0,0,0.191846,0.000249,0,0,0.010607,0.013922,0.006713,0.002403,0.644734,0.013176,0.11635,0,0
86451,125.842578,41.705179,Alces alces,56003281,Cervidae,LC,0,0,4.77212,11.947733,24.523183,1314.441449,27.39476,-21.332289,48.727049,897.431076,228.01286,9.713807,98.671337,558.580753,36.106634,558.580753,36.106634,567.331925,859.805297,26.533737,0.056821,66.27293,-93.417176,5633.81309,52.441445,9.58136,35.816185,20.384991,43.798825,34.505676,11.362123,148.263334,208.258397,38.425364,72.804857,6.072692,0,0,8.3e-05,0.541787,0.001077,0,0,0.299097,0.01375,0.011099,0,0.078025,0.026505,0.028576,0,0
86782,125.851127,47.060457,Alces alces,56003281,Cervidae,LC,1,0.164221,2.576346,10.785833,20.228886,1551.36505,27.115402,-26.196117,53.311519,482.097573,150.047932,2.032892,117.081356,333.859632,8.554669,333.859632,8.554669,205.81143,784.194251,47.515733,-0.378444,33.140863,-149.9642,5908.214091,4.598524,13.863796,62.777533,32.54567,4.676797,47.555342,9.294957,179.178041,182.68209,29.190021,55.336775,5.270438,0,0,0,0,0,0,0,0,0,0.04,8.3e-05,0.945507,0.014079,0,0,8.3e-05
86864,125.868351,48.389172,Alces alces,56003281,Cervidae,LC,1,1,1.162587,11.401908,20.86494,1597.149563,26.160004,-28.489733,54.649737,499.276,150.321806,2.397587,115.10744,341.011005,8.985629,341.011005,8.985629,294.088247,751.98858,43.470996,-0.327522,33.781521,-168.210605,5884.892009,10.048719,12.963653,52.425984,39.871347,7.702669,43.871004,9.373962,186.708068,175.603987,29.532194,56.821379,5.268869,0,0,0,0.02833,0.000166,0,0,0.006544,0.048708,0.013502,0.000663,0.889745,0.003231,0.008615,0,0
86947,125.886128,49.71509,Alces alces,56003281,Cervidae,LC,1,1,-0.918726,13.394876,23.358041,1618.575822,25.844431,-31.515779,57.36021,524.21795,143.83513,3.458638,108.225021,344.439073,13.176339,344.439073,13.192835,406.042387,727.467072,37.983836,-0.283082,34.031126,-183.879103,5911.597009,21.434031,11.073659,57.484677,18.708606,23.806717,42.098757,8.942161,198.074494,165.748889,30.282521,57.761629,5.303412,0,0,0,0.129225,8.3e-05,0,0,0.02394,0.306246,0.005799,0,0.441186,0.003148,0.090374,0,0
87112,125.898972,52.350984,Alces alces,56003281,Cervidae,LC,1,1,-1.926688,13.725928,23.355147,1671.542554,25.784212,-32.98447,58.768682,500.850942,125.037698,4.924655,96.846261,306.55071,18.623383,306.55071,18.624189,316.299546,691.42713,32.20281,-0.282337,31.055286,-210.043613,5954.292799,14.404282,11.568993,48.538665,12.188926,39.272409,42.330643,8.967283,212.007057,152.528611,30.07526,58.231381,5.198707,0,0,0.001243,0.114416,0.007539,0,0,0.2715,0.540182,0.0372,0,0.025601,0.00232,0,0,0
87030,125.902558,51.038796,Alces alces,56003281,Cervidae,LC,1,1,-1.686064,13.753756,23.884381,1613.252082,25.408892,-32.173324,57.582216,516.11075,132.563959,4.028176,102.816452,329.037736,15.441836,329.037736,15.445173,418.488914,699.713309,35.167532,-0.277398,32.366062,-200.523111,5881.206609,16.449966,11.287786,53.456191,11.402473,35.141337,41.169452,9.139875,201.995316,162.25808,29.672069,57.420616,5.208494,0,0,0,0.281501,0.008699,0,0,0.107448,0.534421,0.022699,0,0.044238,0.000994,0,0,0
86615,126.042255,43.510479,Alces alces,56003281,Cervidae,LC,0,0,4.774345,11.602999,22.583865,1423.570485,28.436324,-22.947369,51.383693,683.687087,190.486711,5.634367,104.082844,440.296342,20.294573,440.296342,20.294573,317.824933,847.097109,40.400036,-0.168749,49.09299,-109.499611,5792.837387,26.676055,11.166042,50.946711,23.074934,25.978355,39.132823,11.253706,162.027359,198.925289,34.717529,66.79667,5.735474,0,0,0,0.303786,0.00232,0,0,0.053682,0.012261,0.00671,0.004639,0.5606,0.008533,0.04515,0,0
86533,126.045689,42.166189,Alces alces,56003281,Cervidae,LC,0,0,4.403427,11.956476,24.11563,1343.449343,27.426816,-22.176044,49.602861,840.061828,214.336064,8.18998,98.655477,523.865386,31.348333,523.865386,31.348333,576.581884,848.474894,28.222985,0.007933,60.549987,-105.383891,5707.589603,45.513324,9.984756,38.717794,21.731912,39.550294,33.938626,11.536328,151.402594,205.957356,37.568193,71.904241,5.994416,0,0,8.3e-05,0.534951,0.000994,0,0,0.105268,0.001656,0.003064,0.000745,0.283088,0.007371,0.06278,0,0
86698,126.051226,44.849643,Alces alces,56003281,Cervidae,LC,0,0,4.646808,12.180113,22.894357,1493.674082,29.097142,-24.096328,53.19347,554.065093,167.363826,2.96912,111.62624,372.24012,11.853746,372.24012,11.853746,180.900607,841.225056,42.929272,-0.314689,39.915906,-118.083943,5929.211231,5.163593,13.459638,54.930023,39.772412,5.297565,45.672917,10.279929,169.408383,192.686389,31.095359,59.162915,5.415397,0,0,0,0,0,0,0,0,0,0.01748,0.000249,0.964129,0.018143,0,0,0
86781,126.068324,46.184295,Alces alces,56003281,Cervidae,LC,0,0,3.706654,11.576687,21.437321,1539.997781,28.477838,-25.523738,54.001577,495.077249,151.719049,2.00942,115.058918,338.676918,9.18272,338.676918,9.18272,150.049666,820.390932,47.517908,-0.38384,34.245812,-136.561709,6030.912981,2.80627,14.11062,57.47376,38.24442,4.28182,45.055372,10.163492,173.800259,187.843703,30.183166,58.00135,5.337102,0,0,0,0,0,0,0,0,0,0.0812,0.000331,0.895683,0.022371,0,0,0.000166
86863,126.090296,47.515086,Alces alces,56003281,Cervidae,LC,1,0.954246,2.081011,10.666274,19.954017,1567.445471,26.631488,-26.819949,53.451437,494.876449,152.208277,2.265828,116.170744,340.692086,8.939025,340.692086,8.939025,247.940055,764.195498,44.193182,-0.336995,34.344853,-160.283452,5854.424915,8.772969,13.330747,54.387969,38.172715,7.439316,46.984856,9.272701,182.429157,179.715513,29.291613,56.070042,5.290226,0,0,0,0,0,0,0,8.3e-05,0.007785,0.012009,0.000248,0.973165,0.00588,0.000828,0,0
86946,126.114589,48.842664,Alces alces,56003281,Cervidae,LC,1,1,0.166599,12.145486,21.755229,1609.554967,25.950758,-29.882261,55.83302,512.483071,148.096909,3.015751,112.062095,344.358435,11.150385,344.358435,11.152125,332.716676,744.872213,41.134246,-0.30195,34.432371,-173.525791,5912.339156,11.225745,12.574636,50.667506,31.72499,17.607504,42.801558,9.219288,192.893055,169.987614,29.743035,57.149655,5.25702,0,0,0,0.088642,0,0,0,0.008367,0.150526,0.044652,0.004722,0.643857,0.003231,0.05302,0,0.000663
87029,126.139124,50.167644,Alces alces,56003281,Cervidae,LC,1,1,-1.478013,13.78886,24.298901,1580.190143,25.278164,-31.473752,56.751916,543.363233,142.178458,4.207059,104.117584,348.59775,15.775379,348.59775,15.809141,509.968307,700.726073,38.269168,-0.232159,35.157634,-193.214532,5795.219894,20.005727,10.967214,52.679023,11.137896,36.183081,40.884366,9.035128,199.547377,164.470759,29.623669,57.08938,5.223764,0,0,0,0.305277,0,0,0,0.013503,0.546019,0.014415,0,0.113081,0.003148,0.004556,0,0
87111,126.157302,51.488208,Alces alces,56003281,Cervidae,LC,1,1,-1.404396,13.095359,23.138159,1608.769072,25.264737,-31.323086,56.587823,508.07793,127.376518,4.033406,100.780904,320.637237,15.302751,320.637237,15.302751,372.633983,693.290736,34.276787,-0.284962,31.484024,-206.916948,5882.09653,20.217326,10.953306,38.264741,11.505064,50.230196,41.548426,9.138936,207.979712,156.318723,29.635751,57.669596,5.181889,0,0,8.3e-05,0.305277,0.056251,0,0,0.438572,0.168089,0.027255,0,0.001905,0.002568,0,0,0
86945,126.33417,47.968819,Alces alces,56003281,Cervidae,LC,1,1,1.589089,11.1433,20.478642,1591.644047,26.500441,-27.914109,54.414549,507.613019,151.556893,2.793681,113.788056,344.199365,10.134847,344.199365,10.134847,262.312386,755.651881,42.101861,-0.311711,35.015517,-166.239071,5864.963476,8.865553,13.187957,52.766584,39.348532,7.884883,43.567808,9.540262,185.277217,176.866965,29.225341,56.52226,5.235591,0,0,0,0.024275,0,0,0,0.010025,0.046065,0.005965,0.000497,0.903977,0.006545,0.002568,0,0
87028,126.36553,49.295305,Alces alces,56003281,Cervidae,LC,1,1,-0.603614,12.864831,23.00592,1585.086216,25.524205,-30.421112,55.945317,537.304056,147.052081,3.710928,107.36886,351.636444,13.985631,351.636444,13.98693,435.651452,724.935923,42.520948,-0.251009,35.811084,-180.338002,5856.48944,23.349645,11.091219,55.118913,18.815548,26.065538,41.944139,9.16522,194.065016,169.005709,29.769157,57.161106,5.242615,0,0,0,0.231362,0,0,0,0.048294,0.290507,0.003396,0,0.363154,0,0.063287,0,0
87110,126.396889,50.619393,Alces alces,56003281,Cervidae,LC,1,1,-1.441128,13.584172,23.96988,1587.25867,25.251748,-31.421392,56.673139,540.06343,136.917329,4.252214,101.757217,341.999064,16.602081,341.999064,16.604817,465.112565,694.923225,34.55521,-0.2362,34.587487,-197.40175,5788.61102,23.297181,10.738784,49.776961,10.741096,39.481943,40.823196,9.113434,200.231249,163.825201,29.384608,56.932384,5.188528,0,0,0,0.380952,0,0,0,0.007702,0.583437,0.009855,0,0.017971,0,8.3e-05,0,0
86696,126.469032,43.085243,Alces alces,56003281,Cervidae,LC,0,0,4.435112,11.906149,23.184004,1408.442444,28.20053,-23.164222,51.364752,739.912833,194.792303,7.036987,99.696514,463.580877,25.45489,463.580877,25.45489,402.872709,847.504845,36.09844,-0.10721,52.077247,-108.672156,5779.915322,35.179408,10.437088,52.145229,22.06946,25.785311,36.590891,11.608524,162.708794,198.258485,35.083914,68.364065,5.762328,0,0,0,0.293026,0.000497,0,0,0.025923,0.011098,0.001905,0.000911,0.570482,0.016979,0.079178,0,0
86944,126.545899,47.093411,Alces alces,56003281,Cervidae,LC,1,0.234991,2.533033,10.711416,19.886198,1569.915645,27.161836,-26.69835,53.860186,508.007784,151.323131,2.952077,113.751736,345.334,10.326027,345.334,10.326027,182.992373,779.513835,42.427013,-0.326613,35.582759,-156.581204,5899.642648,5.62134,13.790689,57.537931,35.505222,6.956847,45.30899,9.624008,179.615444,182.179714,29.214729,55.83814,5.232974,0,0,0,0,0,0,0,0,8.3e-05,0.01773,0.002568,0.971085,0.004308,0.000497,0,0
87027,126.582779,48.421655,Alces alces,56003281,Cervidae,LC,1,1,0.696257,11.686993,20.970284,1615.325186,26.361524,-29.367545,55.729068,519.99459,148.68782,3.188063,110.846364,347.317466,11.865923,347.317466,11.865923,289.550727,750.912077,42.104455,-0.288732,35.61343,-169.343939,5901.896029,8.012485,13.138255,52.954651,34.778904,12.266444,42.715566,9.535329,186.649678,175.609048,29.379253,56.81626,5.232798,0,0,0.000166,0.032961,0.001077,0,0,0.023271,0.050352,0.018385,0.002236,0.826749,0.018219,0.022526,0,0
87109,126.621233,49.747094,Alces alces,56003281,Cervidae,LC,1,1,-0.836332,13.325979,24.084464,1542.309659,25.201346,-30.130475,55.331821,557.157373,143.939337,4.546842,102.201827,353.515069,17.44046,353.515069,17.44046,490.473583,707.910058,41.37279,-0.215175,36.699977,-185.421972,5794.085825,22.829315,10.814078,42.850217,15.635949,41.513833,40.291402,9.160755,195.696936,167.660558,29.113494,56.375636,5.161291,0,0,0,0.478257,0.001408,0,0,0.011762,0.434606,0.021039,0,0.051934,0.000166,0.000828,0,0
87192,126.659505,51.070336,Alces alces,56003281,Cervidae,LC,1,1,-1.182387,13.43948,23.328092,1631.624681,25.749117,-31.873924,57.623041,517.176922,128.182864,4.031265,100.831198,326.298549,16.222418,326.298549,16.225756,326.994311,702.255205,36.58301,-0.273413,32.908002,-199.20403,5860.685693,19.403266,11.048536,54.531201,8.728566,36.740233,41.036098,9.183781,201.267554,162.915322,29.268666,56.851133,5.167401,0,0,0,0.250746,0.001905,0,0,0.051773,0.633284,0.006047,0,0.055169,0.000249,0.000746,0,0
86860,126.715484,44.882065,Alces alces,56003281,Cervidae,LC,0,0,4.26331,12.264474,22.840974,1501.778126,28.981337,-24.714399,53.695736,573.008589,164.943554,3.101887,108.265429,377.450408,13.171902,377.450408,13.171902,187.152958,838.980255,44.643675,-0.27011,41.985109,-120.692285,5947.895174,4.864472,13.549459,58.91084,36.147076,4.942084,39.378359,10.739387,170.389091,191.063838,30.529667,59.510191,5.287444,0,0,0,0,0,0,0,0,0,0.007125,0.000414,0.968351,0.023529,0,0,0
86943,126.750834,46.216273,Alces alces,56003281,Cervidae,LC,0,0,3.393513,11.292521,20.855199,1555.05196,28.090217,-26.047944,54.138161,518.688668,151.279885,2.640248,111.40241,347.201476,10.960093,347.201476,10.960093,139.174006,814.949799,43.345741,-0.328832,36.928426,-140.802576,6008.229432,2.829946,14.306164,58.666463,35.210567,6.12297,43.72151,10.092051,175.97995,185.677383,29.660268,57.235569,5.245772,0,0,0,0,0,0,0,0,0.000166,0.031555,0.010022,0.907073,0.013417,8.3e-05,0,0.000166
87026,126.791872,47.546555,Alces alces,56003281,Cervidae,LC,1,1,2.016172,10.870394,19.918825,1591.708131,26.919029,-27.65352,54.572549,520.905925,151.902068,3.054725,112.175161,350.510731,11.116737,350.510731,11.116737,210.424868,762.608898,42.153535,-0.292349,36.545973,-165.113876,5853.418934,6.090384,13.631792,50.400685,40.685806,8.913509,42.085921,9.933628,182.241692,179.521896,28.815915,55.937044,5.162915,0,0,0,0.000414,0,0,0,0.000828,0.007041,0.014826,0.002402,0.961898,0.010768,0.001408,0,0
87108,126.836163,48.873593,Alces alces,56003281,Cervidae,LC,1,1,-0.213204,12.700132,22.553141,1598.217166,25.997225,-30.321904,56.31913,539.225992,146.79818,3.864756,106.808717,352.265139,14.372676,352.265139,14.372676,367.792155,738.001073,44.488234,-0.24766,36.741472,-173.028833,5894.631098,11.010911,12.39574,50.474239,28.951095,20.574665,42.039333,9.314959,192.550124,170.248041,29.468274,56.883139,5.215162,0,0,0.000166,0.098741,0,0,0,0.037442,0.264993,0.00671,0.00058,0.534626,0.003065,0.053678,0,0
87191,126.881762,50.198033,Alces alces,56003281,Cervidae,LC,1,1,-0.645267,13.046885,23.531777,1559.461844,25.379273,-30.065593,55.444866,553.761287,137.563101,4.652454,99.744342,346.364398,18.616783,346.364398,18.631183,397.61343,708.412197,35.394665,-0.228889,36.180519,-185.768848,5801.981603,23.315268,10.754392,39.902195,17.011703,43.086102,39.829934,9.120096,195.910451,167.496166,28.874472,56.060809,5.126312,0,0,0.001077,0.421388,0.000414,0,0,0.034791,0.482107,0.010437,0.000166,0.047631,0,0.00174,0,0
86777,126.890225,42.657997,Alces alces,56003281,Cervidae,LC,0,0,4.140735,11.622578,23.626927,1336.577333,27.000764,-22.191236,49.192,762.97253,194.727825,7.534559,98.139714,474.764397,27.737587,474.764397,27.737587,555.734061,834.17541,32.292198,-0.060935,54.482511,-112.811225,5700.876141,38.91674,10.128608,31.499768,16.974381,51.52585,30.523642,12.137482,159.973725,198.774147,36.071805,71.136383,5.769478,0.000332,0,0.001906,0.75087,0.007708,0,0,0.14976,8.3e-05,0.000995,0,0.068705,0.001409,0.017073,0,0
86859,126.914292,44.000174,Alces alces,56003281,Cervidae,LC,0,0,3.943209,12.177039,23.613161,1412.585348,28.13402,-23.442331,51.57635,659.370089,181.623121,5.009178,103.438228,422.867732,18.760634,422.867732,18.760634,381.114192,825.044781,39.43536,-0.166289,47.699325,-116.757294,5770.617379,38.33167,10.617505,40.797094,19.592549,39.610357,40.257602,10.831882,168.394947,193.332246,31.746128,61.393194,5.418436,0,0,0,0.586621,0.000829,0,0,0.119198,0.010279,0.005968,0.00058,0.215186,0.007875,0.053465,0,0
87107,127.042658,47.998755,Alces alces,56003281,Cervidae,LC,1,1,0.947658,11.739929,21.135817,1595.930524,26.596836,-28.954821,55.551657,538.602223,152.464296,3.552558,109.944848,357.899504,12.947765,357.899504,12.947765,289.90766,750.583466,43.883388,-0.251789,37.651169,-169.381528,5853.815191,8.700217,13.062263,44.753382,32.965736,22.280882,42.043085,9.812074,185.203909,176.864284,29.060996,56.65056,5.194545,0,0,0,0.122048,8.3e-05,0,0,0.069434,0.12122,0.007209,0.000497,0.66037,0.004557,0.014583,0,0
86776,127.09154,41.769945,Alces alces,56003281,Cervidae,LC,0,0,3.647031,12.3119,25.559099,1287.73696,26.582992,-21.596951,48.179943,821.428944,204.553564,8.043482,98.188215,512.511306,31.149374,512.511306,31.149374,762.072398,821.179986,27.360068,0.019942,60.488476,-114.133444,5569.782547,78.373597,9.163623,35.121229,19.954209,44.924562,31.436574,11.844484,154.065477,202.633263,37.625054,72.539454,5.894178,0,0,0,0.568743,0.035448,0,0,0.295511,0.001242,0.011761,0,0.048203,0.005466,0.033626,0,0
87190,127.09437,49.324634,Alces alces,56003281,Cervidae,LC,1,1,-0.186123,13.203395,23.606252,1565.901468,25.880322,-30.056189,55.936511,552.420743,142.950487,4.181342,102.279358,350.901942,16.94073,350.901942,16.950854,377.015058,732.713949,40.276886,-0.231146,37.075706,-172.808312,5918.547662,20.001151,11.407586,53.399992,15.717359,30.882649,41.16964,9.221108,193.514163,169.44799,29.324291,56.657011,5.184745,0,0,0,0.295502,0.010852,0,0,0.013089,0.366995,0.008119,0,0.23776,0.003148,0.064535,0,0
86941,127.144877,44.456049,Alces alces,56003281,Cervidae,LC,0,0,4.028941,12.073579,23.125671,1446.526594,28.366514,-23.847311,52.213825,608.055234,168.058138,4.109272,104.733893,392.7693,16.209401,392.7693,16.209401,277.414006,831.630014,42.88762,-0.21282,45.225423,-117.618094,5849.257992,18.50105,11.998842,48.701002,26.420339,24.878659,38.038189,10.904499,170.425457,190.954657,30.760188,60.223634,5.297759,0,0,8.3e-05,0.310993,0.000249,0,0,0.05128,0.005219,0.007539,0.000746,0.527297,0.009361,0.087234,0,0
87273,127.147194,50.648121,Alces alces,56003281,Cervidae,LC,1,1,-0.750284,13.378823,23.273748,1626.60242,26.140429,-31.359149,57.499578,536.276959,130.362364,4.304613,99.128918,334.229567,18.066464,334.229567,18.395747,272.897992,712.099321,35.096662,-0.247674,35.283121,-187.65691,5831.494216,17.041926,11.267109,50.150433,15.716811,34.132756,40.406744,9.156052,199.305419,164.616702,28.901328,56.332206,5.135791,0,0,0,0.181231,0.000994,0,0,0.051189,0.550567,0.051768,0.001739,0.15514,0.000828,0.006544,0,0
87024,127.189711,45.791342,Alces alces,56003281,Cervidae,LC,0,0,3.679123,11.331031,21.335148,1512.984351,27.938307,-25.173649,53.111956,544.508536,154.559602,3.02405,108.944663,359.751956,12.550662,359.751956,12.550662,181.797467,817.020076,43.360927,-0.274703,40.140814,-135.807424,5963.761011,13.651552,12.697386,57.574848,29.232577,13.192575,41.302289,10.567079,173.294734,188.249022,30.121323,58.687263,5.289398,0,0,0,0.116312,0.003148,0.000249,0,0.023527,0.002982,0.045232,0.010604,0.763234,0.013172,0.005302,0,0.000911
87106,127.241705,47.122424,Alces alces,56003281,Cervidae,LC,1,0.682916,2.214456,11.061985,20.108526,1592.717527,27.270234,-27.740952,55.011186,540.827324,152.970307,3.555807,110.223561,360.096395,12.933293,360.096395,12.933293,193.273025,774.312457,44.587689,-0.267493,38.275908,-159.61279,5879.062995,5.284139,13.781108,47.160598,37.830169,15.009232,41.26725,10.112487,181.700668,179.965284,28.814487,56.135406,5.145785,0,0,0,0.013417,0,0,0,0.005715,0.0135,0.050522,0,0.902435,0.011015,0.003396,0,0
87189,127.298288,48.45001,Alces alces,56003281,Cervidae,LC,1,1,0.127598,12.430292,22.465324,1562.243381,25.93466,-29.407323,55.341983,563.601482,151.553897,4.54131,105.495863,365.375386,16.481641,365.375386,16.481641,389.183505,736.394401,44.693154,-0.205188,38.841404,-173.267935,5839.846941,14.18506,12.119023,36.414127,22.995559,40.590314,40.633156,9.624482,187.089979,174.875215,29.157702,56.880879,5.181787,0,0,0,0.470598,0.00588,0,0,0.22859,0.110568,0.021865,0.001988,0.14494,0,0.005798,0,0
86940,127.33655,43.572533,Alces alces,56003281,Cervidae,LC,0,0,3.794211,12.08284,23.64005,1398.147779,27.676524,-23.445778,51.122302,666.888999,174.869366,5.224442,100.904621,422.544502,19.889633,422.544502,19.889633,433.795699,826.000411,38.360463,-0.160705,48.686387,-110.783117,5697.914454,43.643133,10.077667,43.615633,21.04215,35.342217,36.992904,11.486055,167.205178,194.302363,33.438417,65.385818,5.558821,0,0,0,0.481196,0.003645,0,0,0.079937,0.001077,0.00994,0.005964,0.331677,0.01549,0.065606,0,0.00058
87272,127.35746,49.774778,Alces alces,56003281,Cervidae,LC,1,1,0.141223,12.783452,22.716198,1596.31361,26.141267,-30.150391,56.291658,545.384324,134.435878,4.467198,98.880719,339.159666,18.591479,339.159666,18.862478,246.442136,738.596424,34.723391,-0.248304,36.697202,-170.489314,5946.086807,14.046444,11.903396,55.150328,15.448404,29.401268,39.023933,9.049806,194.460795,168.764935,28.378735,55.375627,5.068228,0,0,0,0.25733,0,0,0,0.064353,0.243913,0.086135,0.009442,0.308017,0.002071,0.02758,0,8.3e-05
87188,127.494476,47.574011,Alces alces,56003281,Cervidae,LC,1,1,1.326857,11.705886,21.209861,1572.174049,26.672621,-28.530638,55.203259,562.4667,155.331031,4.077081,108.738784,371.427636,14.522631,371.427636,14.522631,271.807696,758.115314,42.229697,-0.224464,39.381906,-165.750712,5852.169299,9.233741,12.96122,37.292747,29.09036,33.616893,39.576584,10.580054,182.883718,178.916579,28.113151,56.169846,5.090816,0,0,0,0.281004,0.0029,0,0,0.093364,0.160633,0.037694,0.003065,0.409991,0.002071,0.006545,0,0
86939,127.526668,42.686432,Alces alces,56003281,Cervidae,LC,0,0,3.610474,11.726697,24.239322,1312.487572,26.426282,-21.95265,48.378932,714.456526,178.26294,6.06354,98.337187,446.231512,23.549848,446.231512,23.549848,637.826341,816.210376,34.970094,-0.10798,52.262869,-110.974341,5577.336165,43.940357,10.069716,27.611138,16.559745,55.829117,25.618427,12.779512,165.643527,194.062742,35.36469,72.450434,5.701972,0.000414,0,0.001325,0.843771,0.027253,0,0,0.099818,0.000414,0.003562,8.3e-05,0.007455,0.011349,0.004556,0,0
87271,127.558804,48.90032,Alces alces,56003281,Cervidae,LC,1,1,0.008278,12.70734,22.95713,1554.722116,25.804872,-29.543317,55.348189,567.370482,146.270661,4.717921,102.122738,360.925352,17.499119,360.925352,17.499119,397.728662,731.698326,46.000688,-0.187022,39.129638,-173.769017,5868.491386,17.237337,11.39286,35.32788,19.31388,45.35824,39.765104,9.552715,191.331917,171.059407,28.929813,56.56994,5.143922,0,0,0,0.523198,0.069511,0,0,0.156089,0.097846,0.007374,0,0.132146,0,0.013836,0,0
87022,127.567941,44.028139,Alces alces,56003281,Cervidae,LC,0,0,3.158593,12.375427,24.262514,1386.34408,27.267982,-23.745071,51.013053,646.205961,170.720219,4.449262,101.953357,411.678857,17.679912,411.678857,17.679912,504.899652,802.208674,37.546197,-0.146073,48.236036,-119.717395,5655.985803,50.030532,9.746175,33.677946,16.284029,50.038025,36.227506,11.093604,169.78729,191.22658,31.577945,61.444146,5.32555,0,0,0,0.782011,0.001988,0,0,0.074706,0.000248,0.003644,0.000414,0.112556,0.003313,0.02112,0,0
87104,127.621592,45.364564,Alces alces,56003281,Cervidae,LC,0,0,3.066635,11.811021,22.643288,1449.662763,27.266252,-24.894248,52.160499,586.28024,161.180276,3.479308,106.213944,382.033893,14.261556,382.033893,14.261556,352.754568,795.105948,39.741595,-0.163913,45.263212,-137.176856,5822.523677,41.600362,10.64424,36.036896,19.173077,44.790028,35.003232,10.955486,171.315654,189.801485,30.107388,59.31103,5.19296,0,0,8.3e-05,0.582098,0.000497,0.000331,0,0.121305,0.03486,0.028484,0.002153,0.199801,0.00828,0.01772,0,0
87187,127.683913,46.696468,Alces alces,56003281,Cervidae,LC,1,0.016294,2.311883,11.652834,21.282372,1556.197557,27.292819,-27.466698,54.759518,560.508556,154.678375,3.652918,108.627517,370.034433,14.070258,370.034433,14.070258,220.493619,781.647499,43.373727,-0.232109,40.258123,-153.45931,5887.01627,8.831767,13.165035,42.379585,27.565549,30.054865,40.576698,10.094914,179.143643,181.96208,29.013419,56.258781,5.119779,0,0,0,0.319609,0.000249,0,0,0.074145,0.024853,0.024439,0.000994,0.542043,0.007539,0.005633,0,0
86938,127.717079,41.797493,Alces alces,56003281,Cervidae,LC,0,0,1.496312,13.093839,27.542345,1252.842497,24.834133,-22.70964,47.543773,791.290473,191.658611,6.348556,97.696323,494.103556,25.887568,494.103556,25.887568,1136.374955,751.066024,24.957589,0.05248,60.236029,-121.638913,5250.401325,34.111648,10.30641,24.911486,18.296566,56.791948,29.03697,11.654217,153.066623,201.89535,37.731338,72.545388,5.863577,0,0,0.000166,0.289216,0.642869,0,0,0.055574,0,0.011844,0,8.3e-05,0.000248,0,0,0
87270,127.752162,48.024604,Alces alces,56003281,Cervidae,LC,1,1,0.406828,12.721655,23.1499,1524.756089,26.088656,-28.854471,54.943126,589.424199,157.874492,4.589815,106.139811,384.185771,16.523331,384.185771,16.523331,418.402191,736.060305,44.874033,-0.160046,41.045767,-172.829884,5791.495883,10.983996,12.387407,30.866417,21.301996,47.831587,39.699818,9.982844,182.372746,179.124522,28.618078,55.780219,5.091903,0,0,8.3e-05,0.556826,0.037111,0,0,0.267893,0.10893,0.023608,0,0.005302,0.000249,0,0,0
87352,127.824259,49.349685,Alces alces,56003281,Cervidae,LC,1,1,0.285071,12.437175,21.927121,1623.072087,26.355196,-30.368482,56.723678,540.944308,134.154785,4.477561,98.462546,335.75469,18.486972,335.75469,18.521885,233.097252,747.092059,36.875549,-0.222719,37.93618,-168.997433,5977.554575,14.800111,11.881981,51.641056,24.626714,23.732229,39.716413,9.541465,194.069253,168.874897,28.579502,56.191537,5.124023,0,0,0,0.169358,8.3e-05,0,0,0.024845,0.286046,0.013747,0.003892,0.394617,0.001491,0.104845,0,0.000911
87020,127.937457,42.255092,Alces alces,56003281,Cervidae,LC,0,0,1.920557,12.365033,26.381113,1246.103807,24.540234,-22.334316,46.87455,740.392767,178.782653,5.328146,98.335697,463.990431,22.497526,463.990431,22.497526,1044.99088,753.78276,27.759843,-0.008383,56.861196,-118.938982,5255.500867,24.213604,10.259584,25.429694,16.556548,58.013758,27.827989,12.019857,158.58368,198.334494,36.5731,71.936219,5.764908,0,0,0.001077,0.445052,0.491346,0,0,0.029896,0.001077,0.022609,0,0.00058,0.005631,0,0,0.00058
87269,127.938479,47.147467,Alces alces,56003281,Cervidae,LC,1,0.996869,1.592164,12.138768,21.822665,1562.644678,27.087206,-28.546499,55.633705,580.507411,155.823804,4.506917,107.038273,379.747088,16.325795,379.747088,16.325795,242.225999,772.674581,41.790855,-0.211905,40.554547,-157.655642,5888.650341,9.411708,13.070695,35.575894,26.739944,37.684163,39.487094,10.146176,181.041827,180.294102,28.669458,55.959812,5.088847,0,0,8.3e-05,0.38951,0.00058,0,0,0.133151,0.159085,0.07656,0.000166,0.222388,0.011351,0.007126,0,0
87102,127.984932,43.598353,Alces alces,56003281,Cervidae,LC,0,0,3.210302,12.514055,24.969865,1349.946718,26.91274,-23.205987,50.118727,639.55337,162.505149,4.477631,100.672694,405.846012,17.961596,405.846012,17.961596,548.996591,802.351374,38.599447,-0.173545,48.178602,-110.394791,5542.237758,28.444797,10.648642,39.342062,21.540263,39.117675,31.218862,11.124519,159.218699,197.298659,34.823838,66.330582,5.551021,0,0,8.3e-05,0.5695,0.000828,0,0,0.128562,0.001574,0.006627,0.001325,0.232273,0.008946,0.050282,0,0
87351,128.014798,48.474203,Alces alces,56003281,Cervidae,LC,1,1,0.001257,13.139353,23.666793,1533.812222,26.007093,-29.505805,55.512898,597.002506,153.730594,5.253446,102.858991,381.91043,18.317597,381.91043,18.317597,438.910141,728.525376,43.60211,-0.136102,41.378777,-175.672582,5799.760098,12.783191,11.73035,30.258966,17.536052,52.204982,38.567072,9.949856,185.732033,175.90589,28.757202,56.34605,5.10956,0,0,0.000248,0.443892,0.165714,0,0,0.348075,0.036108,0.004803,0,0.000663,0.000497,0,0,0
87185,128.046716,44.935965,Alces alces,56003281,Cervidae,LC,0,0,3.433027,11.986457,23.0796,1435.846238,27.589753,-24.353445,51.943198,586.134378,153.314551,3.860849,102.527832,373.489797,15.183658,373.489797,15.183658,307.124769,811.632555,40.222269,-0.181121,45.733281,-125.544487,5811.657045,26.738088,11.065692,36.888,19.876939,43.23506,34.460221,11.01808,171.047596,189.937133,30.329493,59.630054,5.198366,0,0,0,0.519586,0.000248,0,0,0.151801,0.009193,0.025756,8.3e-05,0.263106,0.00911,0.021118,0,0
87268,128.118735,46.268724,Alces alces,56003281,Cervidae,LC,0,0,2.438603,11.741617,21.891709,1511.744471,27.182761,-26.474015,53.656776,578.14953,155.12559,3.68912,106.394865,376.492748,14.407632,376.492748,14.407632,247.840351,783.465608,41.37803,-0.197552,42.077521,-149.237532,5841.869766,29.127745,11.335315,36.503336,19.251533,44.245132,37.437386,10.366882,175.7958,184.987948,29.455763,57.140876,5.1107,0,0,8.3e-05,0.65471,8.3e-05,0,0,0.059233,0,0.0169,0.000746,0.258305,0.002071,0.006462,0,0
87350,128.198035,47.597422,Alces alces,56003281,Cervidae,LC,1,1,0.852506,12.562089,22.986262,1512.730935,26.273117,-28.381832,54.654949,614.240261,161.828383,4.235516,106.991696,402.44996,15.68204,402.44996,15.68204,418.160902,744.842202,42.135361,-0.135259,42.612051,-167.272996,5798.632748,30.742191,10.94585,26.158287,18.208026,55.633687,39.358197,10.110429,181.644592,179.668988,28.665499,55.934172,5.082674,0,0,0,0.689307,0.125569,0,0,0.100224,0.054005,0.016814,0,0.013584,0.000497,0,0,0
87433,128.282427,48.92281,Alces alces,56003281,Cervidae,LC,1,1,-0.012701,12.729626,22.881648,1560.978123,25.984587,-29.651218,55.635805,586.363047,145.385735,5.476164,98.965773,366.385304,20.204653,366.385304,20.204869,404.563008,723.86981,42.362162,-0.128943,41.096471,-179.52881,5808.664999,11.227556,11.819139,32.286537,19.129807,48.583656,39.574558,9.669164,190.908209,171.474073,28.431761,55.790683,5.095193,0,0,0,0.583713,0.029409,0,0,0.299975,0.043244,0.006627,0,0.036948,0,8.3e-05,0,0
87349,128.374911,46.719164,Alces alces,56003281,Cervidae,LC,1,0.25472,1.499916,12.067794,22.72223,1478.25695,26.183977,-26.958222,53.142199,615.629392,162.377477,3.697573,106.537089,402.126257,14.911333,402.126257,14.911333,432.289436,750.171816,37.953006,-0.129077,43.609183,-161.787757,5728.7725,45.781038,10.360763,29.102123,17.258693,53.639184,38.488589,10.135456,177.907486,182.746043,28.910247,55.865996,5.0595,0,0,0.000166,0.780815,0.024685,0,0,0.099404,0.008449,0.006875,0,0.066849,0.002568,0.010189,0,0
87432,128.462606,48.046334,Alces alces,56003281,Cervidae,LC,1,1,0.605277,13.012475,23.534388,1521.983257,26.463718,-28.823999,55.287717,615.91395,157.501701,4.700936,105.240933,399.046543,16.888193,399.046543,16.888193,395.420212,743.867863,43.791125,-0.128313,42.466649,-168.502943,5840.946859,17.958716,11.435419,24.054093,18.090563,57.855344,38.337029,10.094822,184.564186,176.797025,28.815431,56.478977,5.09852,0,0,0.001325,0.442889,0.407604,0,0,0.135757,0.007206,0.004804,0,0.000414,0,0,0,0
87266,128.465325,44.505569,Alces alces,56003281,Cervidae,LC,0,0,1.684429,12.142571,24.857399,1319.662145,24.875433,-23.990897,48.866331,645.796919,164.28433,3.078875,102.821091,414.163366,13.610841,414.163366,13.610841,832.271334,737.005874,30.888469,-0.051978,49.694889,-141.614511,5424.637349,78.519896,8.687326,26.731793,13.430867,59.83734,33.537713,10.828074,168.122281,191.168289,31.758196,60.873919,5.275379,0,0,0,0.783981,0.174936,8.3e-05,0,0.026837,0.000663,0.00936,0,0.004141,0,0,0,0
87348,128.54641,45.839227,Alces alces,56003281,Cervidae,LC,0,0,2.974101,11.62713,21.753957,1508.91438,27.687728,-25.771071,53.458799,570.446553,147.1181,3.895097,102.861559,363.170535,15.287292,363.170535,15.287292,158.675765,801.034196,42.77958,-0.223956,41.804571,-139.46831,5844.827677,12.714902,12.50219,47.112132,24.575278,28.31259,36.463645,10.519277,173.023798,187.240682,30.286335,58.126568,5.135429,0,0,0.000166,0.260229,0,0,0,0.054,0.009939,0.038181,0.003893,0.58481,0.009359,0.028905,0,0.000497
87515,128.555105,49.370424,Alces alces,56003281,Cervidae,LC,1,1,0.403565,11.906936,20.78016,1663.866165,26.634816,-30.679615,57.314431,544.282939,131.308754,4.969219,96.569465,333.865233,19.745171,333.865233,19.848218,188.422922,742.134185,37.208499,-0.185236,38.964274,-177.79266,5928.103403,13.658116,11.798194,48.398556,26.716141,24.885303,39.217476,9.652526,192.066049,170.480562,28.305113,55.7215,5.082952,0,0,0.000331,0.218936,0.000331,0,0,0.068506,0.203943,0.048459,0.008698,0.398774,0.001325,0.03885,0,0.00174
87265,128.634089,43.620668,Alces alces,56003281,Cervidae,LC,0,0,3.180615,12.064073,24.535003,1339.187367,26.357841,-22.8177,49.175541,606.254785,147.003605,3.585258,99.987536,382.433549,15.355309,382.433549,15.355309,568.817025,799.991446,39.522374,-0.219247,46.026767,-108.293025,5489.706075,42.933872,10.282433,37.463002,22.717726,39.819272,31.496437,10.890548,158.241472,197.611014,35.00502,65.844816,5.533643,0,0,0,0.544566,0.002982,0,0,0.129722,0.012094,0.022117,0.006047,0.236001,0.001408,0.043572,0,0
87431,128.636154,47.168507,Alces alces,56003281,Cervidae,LC,1,1,0.970751,12.500509,23.447409,1468.759635,25.945219,-27.382056,53.327275,639.612234,165.271408,4.045733,106.620546,418.503162,15.758566,418.503162,15.758566,502.16754,738.313727,38.671374,-0.095173,44.346902,-166.175488,5717.434459,55.596048,9.537082,24.761421,15.080596,60.157983,38.47536,10.131725,178.816598,181.79776,28.845664,55.828655,5.048929,0,0,0,0.580669,0.359947,0,0,0.047789,0.004058,0.005383,0,0.000663,0.001491,0,0,0
87514,128.732226,48.494202,Alces alces,56003281,Cervidae,LC,1,1,-0.068852,13.036338,23.545731,1529.802873,25.923165,-29.438021,55.361186,619.513965,154.071847,5.109063,102.146024,393.845231,18.56272,393.845231,18.56272,484.887477,718.260639,39.661205,-0.077873,43.158199,-180.986269,5739.61767,18.190641,11.305736,28.29637,20.387846,51.315784,38.153071,10.013461,185.729038,175.73531,28.841367,56.522619,5.100793,0,0,0,0.159874,0.436216,0,0,0.342445,0.034129,0.00994,0,0.01723,0,0,0,0
87264,128.801761,42.733187,Alces alces,56003281,Cervidae,LC,0,0,3.021705,11.699395,25.379774,1242.969503,24.992557,-21.105352,46.097909,646.115607,149.193251,4.369911,97.787309,401.62534,18.594186,401.62534,18.594186,797.539092,777.381934,33.703834,-0.154534,50.908561,-101.339627,5202.811336,63.556216,9.350411,29.275695,16.83038,53.893925,30.780711,10.928654,156.500461,198.674137,36.111052,67.709956,5.605026,8.3e-05,0,0.000331,0.806957,0.05118,0,0,0.041573,0.003727,0.00911,0.000166,0.075197,0.006046,0.005631,0,0
87346,128.877665,44.073394,Alces alces,56003281,Cervidae,LC,0,0,3.450294,11.831447,23.919944,1357.83133,26.564745,-22.891492,49.456237,584.564966,140.489214,3.241227,99.975984,367.921621,13.77839,367.921621,13.77839,478.761669,807.932075,38.259176,-0.248683,43.855835,-112.322512,5596.042964,36.344007,10.450959,42.293445,20.944259,36.762296,33.348161,10.745872,167.230824,191.542179,32.387611,61.499619,5.310492,8.3e-05,0,0.000414,0.512589,0.012755,0,0,0.08332,0.003561,0.03843,0.011098,0.318536,0.004555,0.005549,0,0.000248
87513,128.902478,47.616756,Alces alces,56003281,Cervidae,LC,1,1,0.978947,12.761721,23.498735,1495.957526,26.410519,-27.917518,54.328037,644.726631,162.627307,4.637772,106.280174,420.631465,17.058026,420.631465,17.058026,436.836944,746.493808,40.759617,-0.104336,43.883127,-163.886938,5811.187271,46.215554,9.995132,24.215823,18.354913,57.429264,38.023198,10.175093,183.44949,177.543338,28.988155,56.608492,5.084196,0,0,0,0.236395,0.58138,0,0,0.119523,0.00116,0.014495,0,0.024186,0.022861,0,0,0
87429,128.967173,45.408005,Alces alces,56003281,Cervidae,LC,0,0,2.162121,11.623724,22.829859,1421.226074,26.021649,-24.937424,50.959073,614.864281,150.899921,3.715804,99.938478,385.074959,15.629786,385.074959,15.629786,493.107772,766.849814,37.49119,-0.152905,44.629547,-143.187103,5632.911557,56.873217,10.027426,31.63245,15.776144,52.591406,35.699627,10.618993,172.332968,187.654417,30.55703,58.304727,5.131028,0,0,0,0.781496,0.001988,0,0,0.040089,0.000497,0.007206,0.000166,0.151329,0.002402,0.014826,0,0
87595,129.006943,48.941029,Alces alces,56003281,Cervidae,LC,1,1,0.119836,12.600557,22.218718,1606.304169,26.472203,-30.243025,56.715228,587.34975,141.507729,5.669901,97.619058,362.532799,21.27884,362.532799,21.280139,355.133273,721.852489,40.628111,-0.108292,41.483337,-185.898741,5786.265628,15.676311,11.392077,34.353893,22.319827,43.32628,39.222474,9.786545,190.99397,171.253959,28.440913,55.985081,5.088985,0,0,0,0.441959,0.04872,0,0,0.274919,0.170934,0.025851,0.000166,0.029663,0,0,0,8.3e-05
87345,129.039979,43.18697,Alces alces,56003281,Cervidae,LC,0,0,3.459163,11.690972,24.730839,1284.359223,25.833579,-21.437156,47.270735,601.877084,138.274391,3.793622,97.968808,372.943828,16.094928,372.943828,16.094928,585.988086,806.519696,37.105703,-0.253442,45.57704,-99.598035,5387.032461,55.3716,9.515994,31.821564,14.88751,53.290926,31.442238,10.731912,156.690819,198.438235,35.740233,66.527445,5.563114,0,0,0.000166,0.814981,0.000497,0,0,0.127351,0.001077,0.004889,0.000249,0.045157,0.004226,0.001409,0,0
87512,129.066759,46.737899,Alces alces,56003281,Cervidae,LC,1,0.489539,1.457835,11.994035,23.199283,1429.316299,25.754645,-25.950012,51.704658,631.541419,160.035842,3.402921,105.985715,412.032895,14.230311,412.032895,14.230311,514.040168,739.051445,37.359923,-0.105811,44.365757,-162.231893,5661.431837,69.108685,8.944488,24.235493,14.318974,61.445533,37.995954,10.12846,177.74557,182.621592,29.08285,55.944603,5.047101,0,0,0,0.831511,0.12061,0,0,0.037525,0.000497,0.005633,0,0.001988,0.002237,0,0,0
87594,129.173911,48.06391,Alces alces,56003281,Cervidae,LC,1,1,0.667742,12.844486,23.393421,1518.259066,26.432672,-28.471488,54.90416,632.491163,155.07711,4.552775,104.121769,406.466488,16.952819,406.466488,16.952819,412.949999,737.685805,42.045253,-0.102265,43.270193,-170.801597,5800.781413,34.994256,10.419764,22.032615,17.060591,60.906794,37.942256,10.119873,184.31853,176.738592,29.008864,56.657612,5.086967,0,0,8.3e-05,0.177104,0.734924,0,0,0.065027,0.005136,0.004059,0,0.004887,0.008781,0,0,0
87427,129.283985,43.639453,Alces alces,56003281,Cervidae,LC,0,0,2.887594,11.761305,24.701565,1295.767082,25.505165,-22.113869,47.619034,598.75072,137.739096,2.776092,99.234504,373.442546,12.721545,373.442546,12.721545,651.274216,783.530621,35.20333,-0.222551,45.333202,-112.399946,5405.503776,57.553759,9.476602,27.813264,14.411665,57.775071,31.818239,10.641852,157.299132,197.903395,35.192429,65.334455,5.517745,0,0,0,0.852929,0.016157,0,0,0.057586,8.3e-05,0.006546,8.3e-05,0.06322,0.001491,0.001906,0,0
87593,129.334661,47.185512,Alces alces,56003281,Cervidae,LC,1,1,1.671696,12.09666,22.84697,1471.509263,26.413164,-26.544924,52.958087,627.816026,154.045172,4.363679,104.328902,404.343297,16.742265,404.343297,16.742265,362.502415,758.396268,39.819175,-0.155052,42.713424,-156.167288,5803.593624,54.525143,9.481385,24.701414,17.240384,58.058202,37.138147,10.260193,180.763046,179.517189,29.118074,56.505656,5.046215,0,0,0,0.721325,0.141035,0,0,0.098302,0.003147,0.012174,0,0.014079,0.009938,0,0,0
87510,129.381262,44.975085,Alces alces,56003281,Cervidae,LC,0,0,2.479408,11.451608,23.374323,1355.808991,25.650388,-23.343229,48.993617,603.647922,143.407036,3.155753,99.747288,378.327809,13.957319,378.327809,13.957319,565.893356,774.026148,36.060482,-0.19876,43.78111,-133.283742,5590.500694,61.871074,9.294093,28.18559,16.512043,55.302367,33.935445,10.600535,169.347116,189.070864,31.471963,58.884714,5.155289,0,0,0,0.808451,0.008036,0,0,0.076553,0.010771,0.020464,0.008119,0.053024,0.00058,0.012676,0,0
87426,129.440353,42.751462,Alces alces,56003281,Cervidae,LC,0,0,4.47953,11.55885,25.17818,1246.500561,26.248197,-19.651271,45.899468,590.701179,136.876761,4.101871,95.314696,355.454243,17.311375,355.454243,17.311375,445.079099,827.828073,38.187503,-0.280456,47.056373,-79.316535,5210.035424,46.501091,10.012923,44.27142,22.767091,32.961489,30.840013,10.29025,150.356337,201.809524,37.183722,67.169622,5.566759,0.000166,0,0.000249,0.396272,0.007954,0,0,0.104474,0.001243,0.009859,0.000331,0.406711,0.041839,0.030903,0,0
87676,129.450489,48.509972,Alces alces,56003281,Cervidae,LC,1,1,0.212705,12.845657,23.328189,1532.157822,26.191875,-28.869197,55.061072,616.8282,147.757417,4.597711,101.732984,389.737395,16.858981,389.737395,16.858981,444.108789,715.157747,39.538201,-0.0764,42.925342,-185.669543,5710.552106,23.855051,10.875902,22.028311,17.231086,60.740603,37.819452,10.071072,185.683376,175.598664,28.9427,56.71542,5.095285,0,0,0.000331,0.131782,0.741406,0,0,0.111737,0.00058,0.005881,0,0,0.008283,0,0,0
87592,129.490087,46.305632,Alces alces,56003281,Cervidae,LC,0,0,2.862544,11.231156,21.753328,1464.822767,26.90052,-24.72452,51.62504,582.010296,139.148565,4.239343,100.540252,366.413421,17.102648,366.413421,17.102648,160.944613,799.520757,38.60138,-0.26753,39.828818,-136.955521,5851.382348,19.093226,12.187337,51.507021,24.825255,23.667723,37.401301,10.207536,174.81074,185.00652,29.881782,56.69433,5.073093,0,0,8.3e-05,0.24911,0.003892,0,0,0.067495,0.017888,0.027495,0.000994,0.574576,0.012174,0.028489,0,0
87509,129.533662,44.090628,Alces alces,56003281,Cervidae,LC,0,0,3.23616,11.821516,24.083156,1356.360123,26.273721,-22.841357,49.115078,580.816565,130.951518,2.872867,97.465566,357.123644,12.91223,357.123644,12.91223,509.837411,801.317338,36.218548,-0.271043,42.836233,-112.583713,5539.723445,36.076082,10.38914,40.696504,22.3031,37.000396,33.439939,10.601939,166.735948,191.519115,32.529308,61.096532,5.296654,0.000166,0,0,0.495528,0.010684,0,0,0.063028,0.00058,0.006212,0.000248,0.362266,0.012755,0.048368,0,0
87675,129.607731,47.631978,Alces alces,56003281,Cervidae,LC,1,1,0.831076,12.510128,23.592852,1462.256512,25.850274,-27.185584,53.035858,647.642117,157.081073,4.354768,103.578959,414.096102,16.776711,414.096102,16.776711,508.932829,726.664442,39.540434,-0.083124,44.339848,-169.970709,5684.749069,55.453947,9.374533,21.801268,15.48178,62.716952,37.292431,10.291561,181.057408,178.971114,29.232892,56.553485,5.028952,8.3e-05,0,0,0.367788,0.57253,0,0,0.04874,0.000912,0.004642,8.3e-05,0.000995,0.004227,0,0,0
87508,129.684543,43.203755,Alces alces,56003281,Cervidae,LC,0,0,4.207827,11.446656,24.444813,1279.894648,26.292228,-20.537136,46.829364,574.259889,131.355854,3.245209,95.524323,344.117022,13.665296,344.117022,13.665296,386.400316,824.897779,39.347736,-0.311668,43.571743,-89.611776,5356.670698,58.617859,9.351685,34.018478,17.898642,48.08288,32.056816,10.386945,155.603496,198.88061,36.020334,65.94237,5.544252,0,0,0.000745,0.689187,0.00058,0,0,0.134956,0.003146,0.015234,0.001076,0.12825,0.012999,0.013827,0,0
87758,129.732263,48.954943,Alces alces,56003281,Cervidae,LC,1,1,0.531241,12.440162,21.908422,1623.386621,27.017459,-29.791095,56.808554,580.679351,134.740272,5.658747,96.819782,354.925182,20.413052,354.925182,20.622136,243.423991,725.523286,35.59346,-0.129275,40.356745,-191.64083,5797.368922,18.617461,11.403591,36.689835,20.918743,42.391421,38.466242,9.901495,190.940485,170.856264,28.749283,56.91088,5.116317,0,0,0,0.491219,0.085736,0,0,0.141153,0.1028,0.031643,0.001574,0.127071,0.000746,0.004887,0,0.000497
87674,129.759392,46.75264,Alces alces,56003281,Cervidae,LC,1,0.858323,2.489864,11.286576,21.678826,1476.583821,26.68316,-25.386347,52.069508,597.432932,142.766963,4.174877,101.061502,377.316661,16.667529,377.316661,16.667529,214.496917,784.056996,37.709881,-0.24472,40.229488,-142.431375,5833.016389,30.457656,11.326936,48.123725,21.861202,30.015073,35.850717,10.080715,178.516031,181.311202,29.180833,56.214355,5.014421,0,0,0.000249,0.378842,0.015657,0,0,0.071162,0.006793,0.027504,0.00058,0.473449,0.008864,0.005302,0,0
87757,129.885998,48.077299,Alces alces,56003281,Cervidae,LC,1,1,0.772103,12.643131,23.58015,1487.985905,26.159091,-27.462905,53.621996,637.031005,151.209076,4.880048,100.577648,399.124172,18.295787,399.124172,18.295787,447.342265,721.189489,38.126763,-0.092863,43.281094,-177.490807,5691.765011,39.401007,10.097287,25.024338,16.682216,58.293446,36.642069,10.177905,182.932342,177.411183,29.07206,56.832487,5.043261,0,0,0,0.499421,0.422765,0,0,0.066556,8.3e-05,0.007533,0,0.000579,0.003063,0,0,0
87673,129.906374,45.871738,Alces alces,56003281,Cervidae,LC,0,0,3.067183,11.14026,22.055846,1423.828884,26.578923,-23.925016,50.503939,582.699074,134.027288,3.933397,97.862346,360.658604,16.719295,360.658604,16.719295,284.63444,793.52658,37.699525,-0.272006,40.360785,-132.628759,5753.605954,41.024572,10.466737,47.774744,20.914895,31.310361,36.312906,10.217528,172.976875,186.319579,30.540213,56.990346,5.092454,0,0,0,0.360013,0.000746,0,0,0.104648,0.004723,0.010109,0.000331,0.44867,0.001823,0.068937,0,0
87589,129.934586,43.654679,Alces alces,56003281,Cervidae,LC,0,0,2.834262,11.642884,24.756817,1285.902327,25.219166,-21.817141,47.036307,600.400259,135.32678,2.659883,95.731442,360.831056,12.272368,360.831056,12.272368,629.010369,772.343486,32.118346,-0.216989,46.124771,-111.583103,5302.081283,53.304778,9.525024,22.995009,15.99971,61.005281,32.585136,10.18267,157.970423,196.691857,34.369449,62.808459,5.393762,0,0,0,0.853273,0.047556,0,0,0.051284,0,0.008782,0,0.033969,0.003728,0.001408,0,0
87756,130.033929,47.198446,Alces alces,56003281,Cervidae,LC,1,1,2.178827,11.608046,22.221504,1469.895851,26.578443,-25.67668,52.255123,612.142191,146.863978,4.311642,100.554292,384.473326,17.394626,384.473326,17.394626,268.167719,765.451785,36.645079,-0.207973,41.172096,-150.010183,5793.302026,29.865138,11.195317,41.168948,23.275889,35.555163,35.702015,10.315079,180.482467,179.19851,29.521166,56.972349,5.014963,0,0,8.3e-05,0.435485,0.029668,0,0,0.107069,0.009116,0.013176,0.001326,0.353029,0.038369,0.012431,0,0
87838,130.169502,48.521477,Alces alces,56003281,Cervidae,LC,1,1,0.667014,12.971764,23.125436,1578.702091,27.100197,-29.016849,56.117046,610.536377,142.978353,5.526567,97.707635,373.225726,19.619743,373.225726,19.841955,281.944182,729.381984,35.685208,-0.14529,40.63904,-183.55552,5775.034754,28.237452,10.66464,31.328074,19.677434,48.994492,36.724938,10.013245,186.174043,174.349955,29.163333,57.262838,5.075715,0,0,8.3e-05,0.599652,0.124357,0,0,0.147654,0.00514,0.010197,0.000249,0.100481,0.002321,0.009866,0,0
87755,130.176908,46.318174,Alces alces,56003281,Cervidae,LC,1,0.145658,3.14514,11.090099,21.602793,1462.947663,26.955827,-24.372487,51.328314,569.405437,132.992575,4.221128,97.776331,351.487914,17.469557,351.487914,17.469557,145.430385,802.516042,39.488831,-0.306235,38.811997,-130.275048,5822.713125,9.799295,12.886748,59.241968,27.01185,13.746181,34.715363,10.125184,176.786161,182.574155,29.662464,56.494769,5.036119,0,0,0,0.034126,0.000994,0,0,0.016483,0.00555,0.004473,0.000911,0.921975,0.003893,0.011513,0,0
87671,130.190363,44.104227,Alces alces,56003281,Cervidae,LC,0,0,2.545435,11.726096,24.723297,1298.500801,25.178376,-22.254392,47.432768,602.448528,133.430411,2.801587,95.300035,361.554571,13.026868,361.554571,13.026868,659.375141,764.794177,32.404157,-0.212597,45.520715,-120.567363,5379.733918,38.84023,9.994958,23.851293,15.729553,60.419154,33.073988,10.132078,166.779417,190.597618,32.690367,60.164314,5.247039,0,0,0.000331,0.736415,0.173873,0,0,0.062293,8.3e-05,0.003893,0,0.022366,0,0.000746,0,0
87837,130.313717,47.643053,Alces alces,56003281,Cervidae,LC,1,1,1.970959,11.909726,22.548249,1486.614575,26.75843,-26.05773,52.81616,614.391833,146.414474,5.056665,97.986054,377.282803,19.79782,377.282803,19.799603,223.597036,759.384879,33.23093,-0.198061,41.353412,-155.127378,5812.26518,24.229593,11.228329,36.126357,21.565004,42.308639,35.880725,10.297589,180.911134,178.748181,29.521315,56.983035,5.012743,0,0,0.000166,0.612957,0.002734,0,0,0.144313,0.028581,0.008367,0,0.185652,0.006627,0.010273,0,0
87754,130.31585,45.436246,Alces alces,56003281,Cervidae,LC,0,0,2.757013,11.10897,22.477453,1387.296085,25.907567,-23.511668,49.419234,588.503759,131.337574,3.649894,95.799331,358.238448,16.51442,358.238448,16.51442,430.995941,784.171889,37.113033,-0.26294,41.584209,-129.555872,5650.378849,42.270563,9.969714,41.61683,22.490584,35.892586,32.776357,10.443727,170.271941,187.675561,31.531696,58.645793,5.141848,0,0,0,0.428429,0.003231,8.3e-05,0,0.174205,0.006461,0.006544,0,0.3277,0.010769,0.042578,0,0
87753,130.451775,44.552394,Alces alces,56003281,Cervidae,LC,0,0,2.991738,11.685051,23.998771,1346.287069,25.904318,-22.791335,48.695653,589.13653,127.542098,4.086889,92.692521,348.944434,17.427133,348.944434,17.427133,515.686073,789.7778,37.330195,-0.272003,42.950509,-118.796333,5562.310727,37.962336,10.035718,43.939359,22.399387,33.661254,32.426814,10.342071,168.837848,188.720303,32.006412,59.248352,5.181658,0,0,0,0.379276,0.000994,0,0,0.207074,0.006129,0.006626,0,0.302907,0.006792,0.090201,0,0
87836,130.452744,46.763351,Alces alces,56003281,Cervidae,LC,1,1,2.917694,10.652289,20.641747,1488.088022,26.821005,-24.782418,51.603423,577.976569,136.008863,3.954935,97.591047,354.488494,16.522958,354.488494,16.522958,141.98545,788.879016,38.700829,-0.291583,38.949692,-135.371499,5803.853955,14.519253,12.42193,51.995011,27.157755,20.847234,34.092338,10.262791,179.168928,180.282376,29.902158,57.357067,5.05027,0,0,0,0.146949,0.013743,0,0,0.044126,0.026989,0.028728,0.003312,0.659988,0.048928,0.015399,0,0.000497
87835,130.58744,45.882146,Alces alces,56003281,Cervidae,LC,0,0,3.332903,11.087627,22.034221,1422.559602,26.709934,-23.592418,50.302351,565.857361,128.276061,3.972648,95.410956,343.098538,17.12472,343.098538,17.12472,241.116024,798.332596,39.193478,-0.305499,39.714359,-125.729299,5730.375194,19.329772,11.911406,52.702259,24.623233,22.674508,32.89363,9.909848,171.073764,186.535493,31.283459,57.92133,5.114184,0.000166,0,0,0.169303,0.01259,0,0,0.073635,0.002236,0.007372,0.000248,0.681355,0.038184,0.014909,0,0
87919,130.598785,48.086463,Alces alces,56003281,Cervidae,LC,1,1,1.337735,12.28268,23.12539,1488.98326,26.464047,-26.644929,53.108976,624.129363,148.395613,4.918357,97.657553,380.4833,18.792923,380.4833,18.795128,315.795295,731.919681,33.773741,-0.139929,42.367097,-172.170109,5729.05237,44.754946,9.991784,24.444391,17.226014,58.329595,35.328368,10.05569,183.932309,176.005801,29.622666,57.530199,5.056271,0,0,0,0.734973,0.175443,0,0,0.062428,0.001573,0.001987,0.000414,0.010846,0.000497,0,0,0
87834,130.718745,44.999179,Alces alces,56003281,Cervidae,LC,0,0,2.985531,11.050578,22.700941,1368.43302,25.74676,-22.943241,48.690001,580.824614,125.770798,4.039198,92.688674,344.906157,17.888791,344.906157,17.888791,448.045171,793.135363,36.83825,-0.282445,42.264874,-120.97105,5620.68401,37.264407,10.209747,40.490639,23.247266,36.262095,32.558482,10.337837,169.449941,188.225241,31.761476,58.759652,5.158068,0,0,8.3e-05,0.41039,0.018394,0,0,0.104731,0.05046,0.01856,8.3e-05,0.298616,0.01508,0.083603,0,0
87918,130.733888,47.207274,Alces alces,56003281,Cervidae,LC,1,1,2.651118,10.704253,20.267776,1526.651458,27.085409,-25.704858,52.790267,575.785757,136.610661,4.023624,96.610549,349.065066,17.50684,349.065066,17.50684,73.790504,783.589244,37.716207,-0.27623,39.553477,-138.284987,5816.822625,1.31813,13.957335,55.566832,29.634461,14.798707,34.848256,10.152248,180.464615,179.256569,29.585865,57.146844,5.029062,0,0,0,0.00058,0,0,0,8.3e-05,0.001408,0.030815,0.004639,0.933979,0.005716,0.001905,0,0.000497
87833,130.847728,44.11416,Alces alces,56003281,Cervidae,LC,0,0,3.482948,11.423215,24.241097,1298.355856,25.632558,-21.490349,47.122907,596.723986,126.720847,4.501748,88.634972,338.12031,19.169717,338.119833,19.169717,467.199651,786.159404,36.186885,-0.249331,45.848095,-110.003031,5396.905008,51.9502,9.536395,35.353086,19.209134,45.43778,31.324267,9.684727,163.007066,191.599783,33.412081,60.505383,5.311243,0,0,0,0.624348,0.001325,0,0,0.21441,0.002899,0.015072,8.3e-05,0.116108,0.021035,0.00472,0,0
87917,130.864408,46.326728,Alces alces,56003281,Cervidae,LC,1,0.564849,2.577839,10.610192,21.17297,1433.585165,25.973468,-24.138781,50.112249,580.255141,133.566376,4.190644,95.002327,351.302093,18.012709,351.302093,18.012709,304.170125,770.622499,36.105387,-0.262468,40.56441,-135.850236,5650.232309,31.388127,10.890984,36.64862,23.796867,39.554513,33.413343,10.213002,178.22159,181.090201,30.069286,57.356502,5.057844,8.3e-05,0,8.3e-05,0.489723,0.010774,0,0,0.140394,0.022626,0.011769,0.00058,0.296287,0.009614,0.017239,0,8.3e-05
87916,130.991217,45.444582,Alces alces,56003281,Cervidae,LC,0,0,3.340133,10.852157,22.163456,1383.561267,26.265855,-22.690465,48.95632,571.511329,124.131357,4.355237,91.29428,335.823728,19.168402,335.823728,19.168402,323.361625,796.778501,36.257652,-0.298326,41.246056,-120.86374,5647.146066,33.45944,10.995937,43.689941,26.624795,29.685264,32.607732,9.861004,170.091961,187.26507,31.491898,57.88704,5.124182,0,0,0,0.304143,0.003231,0,0,0.1942,0.080696,0.03198,0.003231,0.313339,0.054847,0.014002,0,0
88000,131.020359,47.649944,Alces alces,56003281,Cervidae,LC,1,1,2.230269,11.249501,21.120236,1536.037109,27.072164,-26.19887,53.271034,587.439889,139.723453,4.426024,96.068121,353.275702,18.799287,353.275702,18.818916,88.10945,767.042497,33.761274,-0.229631,41.095361,-147.69585,5797.742367,6.423739,13.41253,57.691994,27.58861,14.719396,35.020714,9.952297,182.660845,177.003584,29.775415,57.524424,5.050936,0,0,0,0.06918,0.000497,0,0,0.021872,0.096603,0.035377,0.00174,0.728832,0.009528,0.015659,0,0.000166
87999,131.146747,46.769997,Alces alces,56003281,Cervidae,LC,1,1,3.299541,10.635405,20.783077,1474.262031,26.953123,-24.208441,51.161563,560.543123,131.197349,4.015747,95.555811,338.857792,16.818921,338.857792,16.818921,148.159515,772.990085,38.213973,-0.28219,39.465119,-135.488676,5678.975622,16.172734,12.041047,51.750259,28.961645,19.288095,33.596144,10.107223,178.966672,180.353848,30.024994,57.429569,5.055189,0,0,8.3e-05,0.157084,0.003314,0,0,0.027672,0.027258,0.009528,0.00116,0.708451,0.03894,0.025601,0,0
88080,131.434463,47.211957,Alces alces,56003281,Cervidae,LC,1,1,2.797137,10.495356,19.949588,1533.738949,27.106166,-25.492684,52.59885,552.233837,130.951348,4.006545,95.534815,333.19909,17.004189,333.19909,17.004189,64.254645,760.030967,37.031553,-0.270285,39.310894,-142.247338,5652.076697,1.741364,14.342981,53.595382,30.203049,16.201569,33.648022,9.963106,179.400053,179.88888,30.019768,57.524249,5.053234,0,0,0,0.008614,0,0,0,0,0.001491,0.040172,0.002154,0.914934,0.002154,0.00381,0,0
88079,131.552525,46.331258,Alces alces,56003281,Cervidae,LC,1,0.976123,2.929894,10.407782,21.050761,1417.282736,26.022559,-23.412559,49.435118,567.713205,128.399754,4.346177,91.797393,334.831866,18.36405,334.831866,18.36405,295.041089,760.730968,35.829667,-0.256762,40.851897,-134.909748,5560.275991,35.656551,10.461958,37.405857,23.130819,39.463324,33.045337,10.066874,178.103439,181.079233,30.170046,57.365993,5.06081,0,0,0,0.485882,0.000166,0,0,0.097872,0.089592,0.001656,0,0.267202,0.007701,0.04993,0,0
88162,131.727577,47.652612,Alces alces,56003281,Cervidae,LC,1,1,2.13165,10.944556,20.592029,1551.292559,26.990416,-26.14708,53.137496,560.545636,132.74436,4.484119,94.904912,335.650481,18.368988,335.650481,18.36921,57.482823,745.142399,34.39026,-0.23828,39.632289,-155.59165,5666.057538,1.387284,14.335559,59.841648,26.056819,14.101533,33.895172,9.70257,181.200137,177.952844,30.233743,57.930092,5.070869,0,0,0,0.001822,0.000166,0,0,0,0.17383,0.119006,0.007288,0.660124,0.002402,0.002402,0,0.000166
88161,131.841332,46.772539,Alces alces,56003281,Cervidae,LC,1,1,3.560132,10.550808,20.461294,1496.086978,27.431409,-24.131473,51.562882,535.167616,123.947204,4.026975,92.971975,317.420088,16.826315,317.420088,16.826315,69.985823,765.393771,39.228864,-0.299811,38.405439,-134.739691,5592.522507,2.401877,13.368419,47.270624,35.548158,17.181218,33.122973,9.918178,178.707418,180.457037,30.142269,57.496764,5.05739,0,0,0,0.003893,0,0,0,0.000166,0.032966,0.021784,0.002402,0.89754,0.011016,0.028659,0,0
88160,131.951449,45.891083,Alces alces,56003281,Cervidae,LC,1,0.414165,3.364209,10.608515,21.425025,1410.759882,26.463001,-23.044999,49.508,564.750236,121.363345,5.02011,86.613088,317.951227,20.986044,317.951227,20.986044,231.388749,777.760772,37.161582,-0.277289,41.210088,-125.049706,5547.681449,30.444477,11.194988,45.876077,23.579793,30.54413,32.231959,9.573073,170.727082,186.583295,31.43579,57.765763,5.12203,0,0,0,0.33535,0.000166,0,0,0.119821,0.055022,0.016241,0.008121,0.382582,0.002817,0.07292,0,8.3e-05
88243,132.135579,47.212457,Alces alces,56003281,Cervidae,LC,1,1,2.978783,10.595214,20.24697,1519.8707,27.136613,-25.18709,52.323704,539.837532,126.230031,4.372106,93.270892,321.376149,18.027008,321.376149,18.027008,60.888553,737.458549,36.240697,-0.260159,38.761517,-149.904078,5520.979129,2.860054,14.138604,56.151954,30.902885,12.94516,33.489729,9.489986,179.777348,179.121967,30.332506,57.809944,5.060333,0,0,0,0.010854,0.000331,0,0,0.000331,0.013671,0.029166,0.002403,0.893115,0.01102,0.010606,0,0.000249
88242,132.241194,46.331722,Alces alces,56003281,Cervidae,LC,1,1,3.5336,10.505254,20.727083,1461.586488,26.967295,-23.709532,50.676827,545.298117,121.278108,4.43331,88.835334,311.912565,18.493828,311.912565,18.493828,124.63253,776.789594,38.936274,-0.294093,39.502131,-128.208214,5592.803624,13.747131,12.30905,50.623154,29.911515,19.465332,32.186285,10.004831,178.536487,180.471687,30.54753,57.654383,5.086642,0,0,0,0.107235,0,0,0,0.042927,0.022872,0.004144,0.000497,0.769951,0.009033,0.042513,0,0
88241,132.343743,45.4495,Alces alces,56003281,Cervidae,LC,1,0.119435,3.73302,10.656003,21.356881,1418.473731,26.832999,-23.025755,49.858755,566.496172,114.983129,6.179263,80.502924,299.455757,25.503417,298.081874,25.504351,96.120409,788.996719,33.909916,-0.279601,42.667963,-116.049954,5459.988984,6.069831,13.682505,51.986661,30.051805,17.961534,31.20572,9.214242,166.172671,189.179027,32.165802,57.678982,5.179285,0,0,0,0.033477,0,0,0,0.000497,0.024196,0.016241,0.01997,0.613192,0.000663,0.029997,0,0
88324,132.435291,47.651017,Alces alces,56003281,Cervidae,LC,1,1,1.981235,10.981983,20.467608,1563.387219,26.854864,-26.787624,53.642488,565.453482,130.329465,5.435511,91.722951,330.907625,20.419124,330.906513,20.419124,51.505327,739.840035,35.473409,-0.225398,39.742019,-161.226212,5662.865024,0.954447,14.508452,54.791777,31.640164,13.568059,33.501351,9.122818,178.473292,180.225326,30.335773,57.760494,5.043105,0,0,0,0.002484,0,0,0,0.000331,0.112289,0.126946,0.009192,0.68218,0.004223,0.010765,0,8.3e-05
88323,132.536428,46.770935,Alces alces,56003281,Cervidae,LC,1,1,3.047604,10.312059,19.884144,1506.816473,27.035468,-24.803732,51.8392,545.133315,123.101901,4.962811,88.908267,311.918434,19.560059,311.918434,19.560059,56.812627,760.905676,37.946252,-0.275905,39.199392,-140.225138,5591.90694,0.403252,14.505223,44.428915,32.771944,22.799141,32.565264,9.7348,180.658207,178.194671,30.71705,58.092257,5.096804,0,0,0,8.3e-05,0,0,0,8.3e-05,0.27278,0.039182,0.00381,0.650348,0.000166,0.032389,0,0
88322,132.634273,45.889534,Alces alces,56003281,Cervidae,LC,1,0.999692,3.334978,10.22755,20.358238,1454.050359,26.625576,-23.622715,50.248291,565.12884,118.52403,5.391038,83.332946,306.256838,21.559548,306.238588,21.559548,125.009465,767.082164,37.072734,-0.263185,41.38768,-129.198171,5460.304163,12.480195,13.062156,44.596368,28.622469,26.781163,30.505845,9.306884,170.457455,184.954012,31.857608,57.957679,5.192025,0,0,0,0.213363,0,0,0,0.047938,0.042143,0.004388,0.001076,0.638268,0.00563,0.039245,0,0
88405,132.837161,47.208731,Alces alces,56003281,Cervidae,LC,1,1,2.373103,10.403126,19.744242,1541.881013,26.835984,-25.841061,52.677044,562.977761,127.727008,5.685783,89.31227,322.126733,21.146463,322.126733,21.146463,55.301748,748.179072,35.961858,-0.232575,40.267828,-153.204454,5632.824194,0.832064,14.540274,44.181784,34.921181,20.897034,32.529715,9.469044,180.755214,178.037484,30.559539,58.061517,5.073911,0,0,0,0.000663,0,0,0,8.3e-05,0.101483,0.001243,0,0.835556,0.003479,0.057493,0,0
88404,132.930347,46.328079,Alces alces,56003281,Cervidae,LC,1,1,2.922679,10.263261,20.11717,1482.989375,26.563264,-24.467969,51.031232,579.881684,123.744193,6.234575,83.269253,315.558978,23.423811,315.558978,23.423811,128.26844,758.123041,36.456451,-0.235638,41.452084,-140.865652,5535.154825,17.357324,12.31762,38.375287,26.269322,35.35539,30.756207,9.296999,173.733777,181.790572,31.986545,58.587886,5.217566,0,0,0,0.351416,0,0,0,0.111645,0.022693,0.00704,0.000828,0.447408,0.008862,0.043648,0,0
88403,133.020789,45.446001,Alces alces,56003281,Cervidae,LC,1,1,3.3565,10.643618,20.643247,1481.628855,27.040591,-24.498018,51.53861,597.645532,116.652122,8.082461,75.880448,304.049992,29.170113,297.237243,29.170113,67.795289,767.112091,35.472011,-0.221884,44.749171,-124.143593,5346.041141,0.612178,14.807684,43.839644,31.028293,25.132063,30.47327,8.832842,164.220381,188.762457,33.01862,58.331925,5.265601,0,0,0,0.005716,0,0,0,0,0.265739,0.104705,0.015905,0.513171,0.000166,0.081262,0,0
88487,133.143416,47.645117,Alces alces,56003281,Cervidae,LC,1,1,1.776401,10.224293,19.34034,1558.693529,26.407612,-26.448053,52.855665,591.140304,133.812989,6.474086,88.873947,336.430225,23.803093,336.430225,23.803093,54.843615,745.210574,38.527948,-0.192271,41.546326,-163.185095,5725.266396,0.711874,14.445641,45.097275,32.816696,22.086029,32.303356,9.552865,182.102023,176.801368,30.581007,58.33763,5.086705,0,0,0,0.003479,0,0,0,0,0.008616,0.000994,0,0.96678,0.001325,0.018805,0,0
88486,133.231962,46.765143,Alces alces,56003281,Cervidae,LC,1,1,2.46603,10.388985,20.093463,1502.807498,26.401913,-25.32077,51.722683,599.104217,129.130108,7.066088,83.101162,325.967845,25.757692,325.967845,25.757692,154.024678,745.091683,34.875963,-0.187244,42.751317,-152.212299,5574.112212,23.53419,11.822216,32.641761,24.339741,43.018498,31.064442,9.449785,178.546287,178.225889,31.525312,58.78836,5.174404,0,0,0,0.50588,0.002236,0,0,0.050273,0.114626,0.029236,0.000166,0.26967,0.000828,0.025923,0,0
88485,133.31756,45.883915,Alces alces,56003281,Cervidae,LC,1,1,3.130392,10.352899,20.037699,1499.488382,26.9215,-24.737237,51.658737,601.806959,121.977606,7.826283,77.845387,310.439776,28.379053,308.505417,28.379053,63.520699,769.851302,35.533817,-0.21766,43.47885,-136.28943,5528.204925,2.102066,14.347224,45.52614,31.608673,22.865187,29.721889,8.924984,167.475902,185.358716,32.801523,58.527609,5.276705,0,0,0,0.019631,0,0,0,0.003148,0.238797,0.026588,0.000166,0.595875,0.001574,0.111903,0,0
88568,133.455232,48.080099,Alces alces,56003281,Cervidae,LC,1,1,1.524733,10.465724,19.571606,1568.370824,26.242334,-27.226406,53.46874,630.734765,140.214834,7.179813,87.27427,353.292947,26.864812,353.002823,26.864812,52.591195,744.48696,36.574163,-0.154897,42.829863,-171.184545,5810.941213,3.01708,14.310997,46.231005,29.494261,24.274734,31.551974,9.577795,186.040628,173.16324,30.251898,58.125128,5.084415,0,0,0,0.032405,0,0,0,0.000414,0.33698,0.051964,0.010774,0.481518,0.000663,0.035554,0,0.000249
88567,133.539127,47.200736,Alces alces,56003281,Cervidae,LC,1,1,2.220981,10.439615,19.914825,1527.508293,26.471685,-25.955266,52.426951,612.564048,132.421311,7.230455,83.562419,334.453727,27.404171,334.451029,27.404171,105.108118,743.329317,36.062542,-0.165754,43.469524,-157.411809,5637.816601,13.617608,12.716109,45.246275,28.401969,26.351756,30.794474,9.403119,179.42471,177.491648,31.446717,58.969884,5.165656,0,0,0,0.195229,0,0,0,0.024932,0.071068,0.000166,0,0.633314,0.000331,0.074464,0,0
88566,133.619918,46.320284,Alces alces,56003281,Cervidae,LC,1,1,2.693269,10.938776,20.909211,1503.277596,26.770448,-25.548215,52.318663,634.193963,128.502065,8.902318,76.80533,326.431094,32.754102,326.006063,32.754102,117.729752,760.136442,33.472286,-0.173669,44.625611,-146.136803,5593.185433,18.405288,12.468108,35.686975,23.44646,40.866566,30.585864,9.482015,177.911659,178.40774,31.774111,58.801734,5.200334,0,0,0,0.42359,0,0,0,0.06353,0.296944,0.027085,0.000248,0.114387,0,0.065601,0,0
88649,133.851868,47.634866,Alces alces,56003281,Cervidae,LC,1,1,1.842368,10.351755,19.511251,1558.932568,26.356662,-26.695957,53.052619,630.373792,137.972512,7.474922,84.758663,346.607572,29.230414,345.524782,29.230414,54.855622,743.223753,36.522846,-0.146524,44.221327,-161.189149,5701.882307,2.004837,14.267093,43.661703,30.514911,25.823386,30.493236,9.495831,185.054397,173.846819,30.320356,58.044755,5.066511,0,0,0,0.020293,0,0,0,8.3e-05,0.091444,0.027168,0,0.798807,0.001491,0.060714,0,0
88648,133.927859,46.755117,Alces alces,56003281,Cervidae,LC,1,1,2.372308,11.172866,21.229354,1503.385994,26.520845,-26.107573,52.628418,657.525512,134.072216,9.155841,76.883932,340.24313,35.745992,339.779723,35.749396,178.324069,737.692315,33.315078,-0.115302,46.573028,-153.415878,5524.672313,33.799519,10.938202,32.978151,21.683721,45.338128,30.201262,9.442502,178.977021,177.463236,31.679393,59.033261,5.18949,0,0,0.000166,0.604904,0.035699,0,0,0.143958,0.006295,0.047875,0.004307,0.131947,0.006461,0.008449,0,0
88731,134.170223,48.067541,Alces alces,56003281,Cervidae,LC,1,1,1.50991,10.454604,19.379365,1586.646422,26.108255,-27.834622,53.942877,665.353631,144.953799,8.196359,84.886867,366.435285,31.309508,364.622101,31.309508,48.566742,737.884337,34.312492,-0.112734,45.405283,-166.592749,5740.618826,1.325283,14.520997,44.898406,31.130117,23.971477,30.432573,9.566145,186.621416,172.428738,30.290629,58.20808,5.077335,0,0,0,0.011846,0,0,0,0.000249,0.05724,0.105782,0.002402,0.776508,0.000746,0.03007,0,8.3e-05
88811,134.560556,47.620217,Alces alces,56003281,Cervidae,LC,1,1,1.879482,10.692258,20.035142,1561.664224,26.339342,-27.032059,53.371402,684.586274,144.288781,9.309578,80.343019,365.397823,36.536555,360.092019,36.536555,62.279469,730.558135,33.098278,-0.089356,47.702937,-155.463472,5556.315328,5.502361,13.609137,38.681884,25.508567,35.809549,27.488046,9.150214,182.039514,174.809288,31.002053,58.773551,5.092606,0,0,0.000166,0.179116,0.02211,0,0,0.031964,0.178122,0.102103,0.002319,0.437231,0.003892,0.026996,0,0
